census_year,area_code,area,household_type,annual_household_income_band,Total - weekly rent paid by household,Under $200,$200 - $299,$300 - $399,$400 - $499,$500 - $599,$600 - $699,$700 - $799,$800 and over,Total stated - weekly rent paid by household,Not elsewhere included
2023,9999,Total - New Zealand by regional council,Total - household composition,Total - total household income,565974,89439,53325,80247,101067,99042,68544,32286,35712,559659,6312
2023,9999,Total - New Zealand by regional council,One-family household (with or without other people),Total - total household income,321618,36771,22923,40365,62694,68109,47994,21306,19254,319413,2205
2023,9999,Total - New Zealand by regional council,Two-family household (with or without other people),Total - total household income,20886,3099,1350,1782,2682,3507,3375,2235,2721,20754,135
2023,9999,Total - New Zealand by regional council,Three or more family household (with or without other people),Total - total household income,1509,264,96,117,144,168,201,168,336,1497,12
2023,9999,Total - New Zealand by regional council,Other multi-person household,Total - total household income,56640,6423,4350,5802,8349,9507,7746,4917,9168,56259,381
2023,9999,Total - New Zealand by regional council,One-person household,Total - total household income,127074,34998,20772,26712,20601,11745,5298,2094,2385,124602,2469
2023,9999,Total - New Zealand by regional council,Total stated - household composition,Total - total household income,527727,81561,49494,74778,94467,93036,64611,30717,33864,522528,5199
2023,9999,Total - New Zealand by regional council,Household composition unidentifiable,Total - total household income,38247,7878,3831,5469,6600,6006,3930,1566,1851,37134,1113
2023,9999,Total - New Zealand by regional council,Total - household composition,"$20,000 or less",50034,18021,5898,7158,6642,5373,3306,1317,1488,49200,831
2023,9999,Total - New Zealand by regional council,One-family household (with or without other people),"$20,000 or less",19059,5058,1416,2229,3267,3330,2178,792,609,18879,177
2023,9999,Total - New Zealand by regional council,Two-family household (with or without other people),"$20,000 or less",408,120,33,36,42,45,66,39,24,402,3
2023,9999,Total - New Zealand by regional council,Three or more family household (with or without other people),"$20,000 or less",15,6,3,0,0,3,0,3,0,15,0
2023,9999,Total - New Zealand by regional council,Other multi-person household,"$20,000 or less",3012,546,312,318,438,507,345,174,333,2973,39
2023,9999,Total - New Zealand by regional council,One-person household,"$20,000 or less",27450,12264,4128,4566,2877,1476,708,303,513,26838,609
2023,9999,Total - New Zealand by regional council,Total stated - household composition,"$20,000 or less",49941,17994,5895,7149,6627,5361,3297,1311,1479,49113,828
2023,9999,Total - New Zealand by regional council,Household composition unidentifiable,"$20,000 or less",93,27,3,9,12,12,9,9,9,87,3
2023,9999,Total - New Zealand by regional council,Total - household composition,"$20,001-$30,000",45123,17301,6810,7119,5622,3699,1848,759,858,44016,1104
2023,9999,Total - New Zealand by regional council,One-family household (with or without other people),"$20,001-$30,000",12756,3441,1038,1770,2508,2130,1122,378,243,12636,117
2023,9999,Total - New Zealand by regional council,Two-family household (with or without other people),"$20,001-$30,000",240,90,24,18,21,30,24,15,15,237,3
2023,9999,Total - New Zealand by regional council,Three or more family household (with or without other people),"$20,001-$30,000",12,6,0,0,0,0,3,3,0,12,0
2023,9999,Total - New Zealand by regional council,Other multi-person household,"$20,001-$30,000",2376,549,201,234,306,312,243,180,333,2355,21
2023,9999,Total - New Zealand by regional council,One-person household,"$20,001-$30,000",29694,13194,5544,5094,2781,1221,456,183,261,28734,963
2023,9999,Total - New Zealand by regional council,Total stated - household composition,"$20,001-$30,000",45081,17286,6807,7113,5616,3693,1845,759,852,43977,1104
2023,9999,Total - New Zealand by regional council,Household composition unidentifiable,"$20,001-$30,000",39,15,0,3,3,6,3,0,6,39,0
2023,9999,Total - New Zealand by regional council,Total - household composition,"$30,001-$50,000",72021,15585,9789,14034,13530,9555,4764,1716,1854,70827,1197
2023,9999,Total - New Zealand by regional council,One-family household (with or without other people),"$30,001-$50,000",38814,8403,3837,6315,8055,6504,3351,1068,729,38262,552
2023,9999,Total - New Zealand by regional council,Two-family household (with or without other people),"$30,001-$50,000",639,207,48,63,72,102,78,30,30,633,6
2023,9999,Total - New Zealand by regional council,Three or more family household (with or without other people),"$30,001-$50,000",24,15,0,0,0,3,0,6,3,24,0
2023,9999,Total - New Zealand by regional council,Other multi-person household,"$30,001-$50,000",6582,1368,687,882,1020,867,603,315,759,6507,72
2023,9999,Total - New Zealand by regional council,One-person household,"$30,001-$50,000",25740,5484,5199,6750,4353,2067,714,288,324,25179,561
2023,9999,Total - New Zealand by regional council,Total stated - household composition,"$30,001-$50,000",71802,15477,9774,14013,13500,9540,4749,1710,1845,70608,1191
2023,9999,Total - New Zealand by regional council,Household composition unidentifiable,"$30,001-$50,000",222,108,15,18,27,15,15,9,6,216,9
2023,9999,Total - New Zealand by regional council,Total - household composition,"$50,001-$70,000",66744,9693,7695,12855,14469,11277,6006,2190,1962,66150,597
2023,9999,Total - New Zealand by regional council,One-family household (with or without other people),"$50,001-$70,000",38880,5511,3390,6246,8844,7965,4293,1395,888,38532,348
2023,9999,Total - New Zealand by regional council,Two-family household (with or without other people),"$50,001-$70,000",1044,324,87,93,138,153,108,72,60,1038,6
2023,9999,Total - New Zealand by regional council,Three or more family household (with or without other people),"$50,001-$70,000",27,9,6,0,3,3,0,0,3,27,0
2023,9999,Total - New Zealand by regional council,Other multi-person household,"$50,001-$70,000",6693,1107,654,948,1158,1008,666,399,699,6636,54
2023,9999,Total - New Zealand by regional council,One-person household,"$50,001-$70,000",19698,2580,3531,5529,4257,2106,906,309,300,19518,177
2023,9999,Total - New Zealand by regional council,Total stated - household composition,"$50,001-$70,000",66339,9534,7668,12813,14400,11232,5970,2178,1953,65751,588
2023,9999,Total - New Zealand by regional council,Household composition unidentifiable,"$50,001-$70,000",408,159,27,39,69,45,36,12,9,402,6
2023,9999,Total - New Zealand by regional council,Total - household composition,"$70,001-$100,000",87399,9273,7995,14406,20397,18108,10044,3606,2991,86817,582
2023,9999,Total - New Zealand by regional council,One-family household (with or without other people),"$70,001-$100,000",59283,6117,4971,9123,13944,13230,7434,2535,1557,58908,375
2023,9999,Total - New Zealand by regional council,Two-family household (with or without other people),"$70,001-$100,000",2397,588,171,249,357,396,318,156,150,2379,15
2023,9999,Total - New Zealand by regional council,Three or more family household (with or without other people),"$70,001-$100,000",75,21,9,9,9,6,6,6,6,72,0
2023,9999,Total - New Zealand by regional council,Other multi-person household,"$70,001-$100,000",10029,1053,912,1425,1944,1857,1197,585,984,9957,72
2023,9999,Total - New Zealand by regional council,One-person household,"$70,001-$100,000",14547,1104,1833,3498,3981,2481,999,291,267,14448,99
2023,9999,Total - New Zealand by regional council,Total stated - household composition,"$70,001-$100,000",86334,8883,7893,14301,20232,17967,9951,3573,2964,85767,564
2023,9999,Total - New Zealand by regional council,Household composition unidentifiable,"$70,001-$100,000",1068,393,99,105,165,141,90,33,27,1050,18
2023,9999,Total - New Zealand by regional council,Total - household composition,"$100,001-$150,000",110088,8277,7326,13245,22893,26565,18471,7299,5466,109545,546
2023,9999,Total - New Zealand by regional council,One-family household (with or without other people),"$100,001-$150,000",83772,5511,5463,10230,17763,20988,14637,5418,3405,83418,354
2023,9999,Total - New Zealand by regional council,Two-family household (with or without other people),"$100,001-$150,000",4779,858,378,453,741,876,723,369,342,4734,45
2023,9999,Total - New Zealand by regional council,Three or more family household (with or without other people),"$100,001-$150,000",201,63,18,18,18,27,21,15,21,201,0
2023,9999,Total - New Zealand by regional council,Other multi-person household,"$100,001-$150,000",12642,1032,912,1311,2202,2688,2004,1050,1377,12576,69
2023,9999,Total - New Zealand by regional council,One-person household,"$100,001-$150,000",6819,276,417,1017,1851,1698,894,363,255,6774,48
2023,9999,Total - New Zealand by regional council,Total stated - household composition,"$100,001-$150,000",108219,7743,7191,13029,22575,26277,18273,7215,5400,107703,513
2023,9999,Total - New Zealand by regional council,Household composition unidentifiable,"$100,001-$150,000",1872,534,138,216,318,288,198,84,66,1839,33
2023,9999,Total - New Zealand by regional council,Total - household composition,"$150,001-$200,000",55575,3042,2703,4266,8007,12600,12147,6828,5757,55347,228
2023,9999,Total - New Zealand by regional council,One-family household (with or without other people),"$150,001-$200,000",40440,1791,1881,3093,5922,9630,9258,5010,3711,40296,147
2023,9999,Total - New Zealand by regional council,Two-family household (with or without other people),"$150,001-$200,000",4470,495,276,384,624,843,843,516,468,4452,21
2023,9999,Total - New Zealand by regional council,Three or more family household (with or without other people),"$150,001-$200,000",276,54,12,24,33,36,39,39,36,270,3
2023,9999,Total - New Zealand by regional council,Other multi-person household,"$150,001-$200,000",7164,381,342,435,831,1395,1455,999,1299,7140,27
2023,9999,Total - New Zealand by regional council,One-person household,"$150,001-$200,000",1893,51,69,171,375,462,396,195,168,1884,6
2023,9999,Total - New Zealand by regional council,Total stated - household composition,"$150,001-$200,000",54243,2772,2586,4107,7782,12366,11994,6759,5685,54042,204
2023,9999,Total - New Zealand by regional council,Household composition unidentifiable,"$150,001-$200,000",1332,270,117,165,228,234,153,69,75,1308,24
2023,9999,Total - New Zealand by regional council,Total - household composition,"$200,001 or more",46995,2103,1770,2361,3912,6801,8706,7305,13794,46755,237
2023,9999,Total - New Zealand by regional council,One-family household (with or without other people),"$200,001 or more",28614,930,927,1359,2388,4335,5721,4713,8106,28479,132
2023,9999,Total - New Zealand by regional council,Two-family household (with or without other people),"$200,001 or more",6909,423,330,489,684,1062,1218,1032,1632,6876,36
2023,9999,Total - New Zealand by regional council,Three or more family household (with or without other people),"$200,001 or more",873,90,48,66,81,93,129,102,264,870,6
2023,9999,Total - New Zealand by regional council,Other multi-person household,"$200,001 or more",8145,384,327,252,450,876,1233,1212,3384,8118,24
2023,9999,Total - New Zealand by regional council,One-person household,"$200,001 or more",1233,48,48,84,126,231,228,159,303,1224,9
2023,9999,Total - New Zealand by regional council,Total stated - household composition,"$200,001 or more",45774,1875,1680,2250,3732,6600,8529,7218,13689,45567,210
2023,9999,Total - New Zealand by regional council,Household composition unidentifiable,"$200,001 or more",1218,231,93,111,183,201,177,90,108,1188,27
2023,9999,Total - New Zealand by regional council,Total - household composition,Total stated - total household income,533979,83292,49989,75444,95472,93975,65295,31023,34167,528654,5325
2023,9999,Total - New Zealand by regional council,One-family household (with or without other people),Total stated - total household income,321618,36771,22923,40365,62694,68109,47994,21306,19254,319413,2205
2023,9999,Total - New Zealand by regional council,Two-family household (with or without other people),Total stated - total household income,20886,3099,1350,1782,2682,3507,3375,2235,2721,20754,135
2023,9999,Total - New Zealand by regional council,Three or more family household (with or without other people),Total stated - total household income,1509,264,96,117,144,168,201,168,336,1497,12
2023,9999,Total - New Zealand by regional council,Other multi-person household,Total stated - total household income,56640,6423,4350,5802,8349,9507,7746,4917,9168,56259,381
2023,9999,Total - New Zealand by regional council,One-person household,Total stated - total household income,127074,34998,20772,26712,20601,11745,5298,2094,2385,124602,2469
2023,9999,Total - New Zealand by regional council,Total stated - household composition,Total stated - total household income,527727,81561,49494,74778,94467,93036,64611,30717,33864,522528,5199
2023,9999,Total - New Zealand by regional council,Household composition unidentifiable,Total stated - total household income,6252,1734,498,663,1008,939,684,306,303,6129,123
2023,9999,Total - New Zealand by regional council,Total - household composition,Not stated,31992,6147,3336,4806,5595,5070,3249,1260,1545,31002,990
2023,9999,Total - New Zealand by regional council,One-family household (with or without other people),Not stated,0,0,0,0,0,0,0,0,0,0,0
2023,9999,Total - New Zealand by regional council,Two-family household (with or without other people),Not stated,0,0,0,0,0,0,0,0,0,0,0
2023,9999,Total - New Zealand by regional council,Three or more family household (with or without other people),Not stated,0,0,0,0,0,0,0,0,0,0,0
2023,9999,Total - New Zealand by regional council,Other multi-person household,Not stated,0,0,0,0,0,0,0,0,0,0,0
2023,9999,Total - New Zealand by regional council,One-person household,Not stated,0,0,0,0,0,0,0,0,0,0,0
2023,9999,Total - New Zealand by regional council,Total stated - household composition,Not stated,0,0,0,0,0,0,0,0,0,0,0
2023,9999,Total - New Zealand by regional council,Household composition unidentifiable,Not stated,31992,6147,3336,4806,5595,5070,3249,1260,1545,31002,990
2023,01,Northland Region,Total - household composition,Total - total household income,18096,3549,2463,3486,3732,2697,1248,336,147,17658,438
2023,01,Northland Region,One-family household (with or without other people),Total - total household income,9843,1398,1056,1791,2373,1896,885,225,75,9705,138
2023,01,Northland Region,Two-family household (with or without other people),Total - total household income,618,114,63,93,141,105,66,21,3,606,12
2023,01,Northland Region,Three or more family household (with or without other people),Total - total household income,48,18,3,6,9,6,3,3,0,48,0
2023,01,Northland Region,Other multi-person household,Total - total household income,1173,219,165,225,225,156,105,27,27,1152,21
2023,01,Northland Region,One-person household,Total - total household income,4479,1314,897,1053,642,267,93,36,24,4329,150
2023,01,Northland Region,Total stated - household composition,Total - total household income,16167,3066,2187,3171,3390,2433,1152,312,132,15843,327
2023,01,Northland Region,Household composition unidentifiable,Total - total household income,1926,483,279,315,345,261,99,24,9,1818,111
2023,01,Northland Region,Total - household composition,"$20,000 or less",1809,591,300,354,273,153,66,12,12,1761,45
2023,01,Northland Region,One-family household (with or without other people),"$20,000 or less",690,150,81,132,150,111,42,3,6,678,12
2023,01,Northland Region,Two-family household (with or without other people),"$20,000 or less",6,3,0,3,0,0,3,0,0,6,0
2023,01,Northland Region,Three or more family household (with or without other people),"$20,000 or less",0,0,0,0,0,0,0,0,0,0,0
2023,01,Northland Region,Other multi-person household,"$20,000 or less",57,12,9,12,12,6,3,0,0,54,6
2023,01,Northland Region,One-person household,"$20,000 or less",1047,423,210,210,111,36,18,6,6,1017,27
2023,01,Northland Region,Total stated - household composition,"$20,000 or less",1803,588,300,354,270,153,66,12,12,1758,45
2023,01,Northland Region,Household composition unidentifiable,"$20,000 or less",6,3,0,0,0,0,0,0,0,3,0
2023,01,Northland Region,Total - household composition,"$20,001-$30,000",1854,675,318,354,255,120,51,9,6,1785,72
2023,01,Northland Region,One-family household (with or without other people),"$20,001-$30,000",483,108,45,78,132,75,30,6,3,477,6
2023,01,Northland Region,Two-family household (with or without other people),"$20,001-$30,000",9,0,0,3,3,0,0,0,0,9,0
2023,01,Northland Region,Three or more family household (with or without other people),"$20,001-$30,000",0,0,0,0,0,0,0,0,0,0,0
2023,01,Northland Region,Other multi-person household,"$20,001-$30,000",48,21,9,6,6,6,3,0,0,48,0
2023,01,Northland Region,One-person household,"$20,001-$30,000",1308,543,258,264,117,39,15,6,3,1251,60
2023,01,Northland Region,Total stated - household composition,"$20,001-$30,000",1851,672,318,354,255,120,51,9,6,1782,69
2023,01,Northland Region,Household composition unidentifiable,"$20,001-$30,000",3,3,0,0,0,0,0,0,0,3,0
2023,01,Northland Region,Total - household composition,"$30,001-$50,000",2862,621,468,642,579,324,90,27,24,2778,84
2023,01,Northland Region,One-family household (with or without other people),"$30,001-$50,000",1614,336,210,312,378,240,69,15,9,1572,45
2023,01,Northland Region,Two-family household (with or without other people),"$30,001-$50,000",24,9,3,6,3,3,3,0,0,24,0
2023,01,Northland Region,Three or more family household (with or without other people),"$30,001-$50,000",3,3,0,0,0,0,0,0,0,3,0
2023,01,Northland Region,Other multi-person household,"$30,001-$50,000",186,54,33,48,24,12,6,3,3,186,3
2023,01,Northland Region,One-person household,"$30,001-$50,000",1017,210,225,276,168,69,12,9,9,978,36
2023,01,Northland Region,Total stated - household composition,"$30,001-$50,000",2844,612,468,642,576,324,90,27,21,2760,84
2023,01,Northland Region,Household composition unidentifiable,"$30,001-$50,000",15,9,0,3,3,0,3,0,3,15,0
2023,01,Northland Region,Total - household composition,"$50,001-$70,000",2280,390,333,513,522,312,123,33,12,2238,42
2023,01,Northland Region,One-family household (with or without other people),"$50,001-$70,000",1446,240,165,294,351,246,96,24,6,1425,21
2023,01,Northland Region,Two-family household (with or without other people),"$50,001-$70,000",36,15,3,0,9,3,0,3,3,36,0
2023,01,Northland Region,Three or more family household (with or without other people),"$50,001-$70,000",0,0,0,0,0,0,0,0,0,0,0
2023,01,Northland Region,Other multi-person household,"$50,001-$70,000",189,39,39,51,30,15,9,0,0,186,3
2023,01,Northland Region,One-person household,"$50,001-$70,000",582,90,123,165,123,45,15,6,3,564,18
2023,01,Northland Region,Total stated - household composition,"$50,001-$70,000",2256,381,330,510,516,312,123,33,12,2214,42
2023,01,Northland Region,Household composition unidentifiable,"$50,001-$70,000",24,6,3,3,9,3,0,0,0,24,0
2023,01,Northland Region,Total - household composition,"$70,001-$100,000",2778,378,336,588,696,507,168,48,12,2739,42
2023,01,Northland Region,One-family household (with or without other people),"$70,001-$100,000",1992,249,213,411,513,411,126,39,9,1968,24
2023,01,Northland Region,Two-family household (with or without other people),"$70,001-$100,000",96,24,12,15,24,9,6,3,0,93,3
2023,01,Northland Region,Three or more family household (with or without other people),"$70,001-$100,000",3,0,0,0,0,3,0,0,0,3,0
2023,01,Northland Region,Other multi-person household,"$70,001-$100,000",240,36,30,51,60,30,21,3,0,234,6
2023,01,Northland Region,One-person household,"$70,001-$100,000",357,30,69,99,87,48,12,6,3,351,6
2023,01,Northland Region,Total stated - household composition,"$70,001-$100,000",2688,345,324,573,681,498,168,48,12,2649,36
2023,01,Northland Region,Household composition unidentifiable,"$70,001-$100,000",93,36,12,12,15,9,3,0,0,87,3
2023,01,Northland Region,Total - household composition,"$100,001-$150,000",3045,351,306,540,747,648,339,66,18,3018,27
2023,01,Northland Region,One-family household (with or without other people),"$100,001-$150,000",2334,225,228,423,597,516,273,54,15,2322,12
2023,01,Northland Region,Two-family household (with or without other people),"$100,001-$150,000",183,27,24,30,36,39,21,3,0,174,6
2023,01,Northland Region,Three or more family household (with or without other people),"$100,001-$150,000",15,9,0,3,0,3,0,0,0,15,0
2023,01,Northland Region,Other multi-person household,"$100,001-$150,000",267,39,36,39,69,51,27,3,3,264,3
2023,01,Northland Region,One-person household,"$100,001-$150,000",123,18,9,33,30,21,15,3,0,123,0
2023,01,Northland Region,Total stated - household composition,"$100,001-$150,000",2925,312,291,522,729,630,333,66,18,2901,24
2023,01,Northland Region,Household composition unidentifiable,"$100,001-$150,000",120,39,15,15,21,18,6,0,3,117,3
2023,01,Northland Region,Total - household composition,"$150,001-$200,000",1176,114,120,150,240,264,207,48,12,1155,21
2023,01,Northland Region,One-family household (with or without other people),"$150,001-$200,000",840,63,84,102,171,198,159,36,9,825,15
2023,01,Northland Region,Two-family household (with or without other people),"$150,001-$200,000",132,21,9,18,36,24,18,6,0,132,0
2023,01,Northland Region,Three or more family household (with or without other people),"$150,001-$200,000",12,3,3,3,0,3,0,3,0,12,0
2023,01,Northland Region,Other multi-person household,"$150,001-$200,000",96,6,9,12,15,24,18,6,3,93,0
2023,01,Northland Region,One-person household,"$150,001-$200,000",21,0,3,6,3,3,0,3,0,21,0
2023,01,Northland Region,Total stated - household composition,"$150,001-$200,000",1095,93,108,138,228,255,198,48,12,1077,21
2023,01,Northland Region,Household composition unidentifiable,"$150,001-$200,000",81,21,9,12,15,12,6,0,0,78,6
2023,01,Northland Region,Total - household composition,"$200,001 or more",774,75,57,81,147,159,135,69,42,765,9
2023,01,Northland Region,One-family household (with or without other people),"$200,001 or more",444,33,27,39,81,99,90,48,18,441,0
2023,01,Northland Region,Two-family household (with or without other people),"$200,001 or more",132,15,12,18,30,24,18,6,3,132,3
2023,01,Northland Region,Three or more family household (with or without other people),"$200,001 or more",18,6,0,3,6,3,0,0,0,18,0
2023,01,Northland Region,Other multi-person household,"$200,001 or more",90,9,6,6,15,12,15,12,15,90,0
2023,01,Northland Region,One-person household,"$200,001 or more",21,3,0,3,3,3,3,0,3,21,0
2023,01,Northland Region,Total stated - household composition,"$200,001 or more",702,63,48,72,135,144,126,69,39,696,3
2023,01,Northland Region,Household composition unidentifiable,"$200,001 or more",69,12,9,9,9,18,9,0,3,66,3
2023,01,Northland Region,Total - household composition,Total stated - total household income,16578,3195,2235,3225,3459,2487,1173,315,138,16236,342
2023,01,Northland Region,One-family household (with or without other people),Total stated - total household income,9843,1398,1056,1791,2373,1896,885,225,75,9705,138
2023,01,Northland Region,Two-family household (with or without other people),Total stated - total household income,618,114,63,93,141,105,66,21,3,606,12
2023,01,Northland Region,Three or more family household (with or without other people),Total stated - total household income,48,18,3,6,9,6,3,3,0,48,0
2023,01,Northland Region,Other multi-person household,Total stated - total household income,1173,219,165,225,225,156,105,27,27,1152,21
2023,01,Northland Region,One-person household,Total stated - total household income,4479,1314,897,1053,642,267,93,36,24,4329,150
2023,01,Northland Region,Total stated - household composition,Total stated - total household income,16167,3066,2187,3171,3390,2433,1152,312,132,15843,327
2023,01,Northland Region,Household composition unidentifiable,Total stated - total household income,411,132,51,54,72,54,21,3,3,393,18
2023,01,Northland Region,Total - household composition,Not stated,1515,354,225,261,273,207,75,21,6,1422,96
2023,01,Northland Region,One-family household (with or without other people),Not stated,0,0,0,0,0,0,0,0,0,0,0
2023,01,Northland Region,Two-family household (with or without other people),Not stated,0,0,0,0,0,0,0,0,0,0,0
2023,01,Northland Region,Three or more family household (with or without other people),Not stated,0,0,0,0,0,0,0,0,0,0,0
2023,01,Northland Region,Other multi-person household,Not stated,0,0,0,0,0,0,0,0,0,0,0
2023,01,Northland Region,One-person household,Not stated,0,0,0,0,0,0,0,0,0,0,0
2023,01,Northland Region,Total stated - household composition,Not stated,0,0,0,0,0,0,0,0,0,0,0
2023,01,Northland Region,Household composition unidentifiable,Not stated,1515,354,225,261,273,207,75,21,6,1422,96
2023,02,Auckland Region,Total - household composition,Total - total household income,207531,28113,9909,16734,28827,42645,37143,19629,22899,205899,1632
2023,02,Auckland Region,One-family household (with or without other people),Total - total household income,126456,14109,4995,7080,16251,29433,26676,13461,13815,125820,639
2023,02,Auckland Region,Two-family household (with or without other people),Total - total household income,10773,1686,552,567,777,1551,1926,1524,2124,10710,60
2023,02,Auckland Region,Three or more family household (with or without other people),Total - total household income,936,150,48,60,57,81,129,129,276,930,6
2023,02,Auckland Region,Other multi-person household,Total - total household income,19419,1731,978,1161,2154,3456,3351,2295,4185,19320,102
2023,02,Auckland Region,One-person household,Total - total household income,37407,8322,2772,6837,7764,5661,2928,1233,1395,36918,489
2023,02,Auckland Region,Total stated - household composition,Total - total household income,194994,25995,9348,15705,27003,40182,35010,18648,21801,193695,1296
2023,02,Auckland Region,Household composition unidentifiable,Total - total household income,12540,2115,561,1029,1821,2460,2133,981,1098,12204,336
2023,02,Auckland Region,Total - household composition,"$20,000 or less",18192,6429,1164,1821,2205,2613,1998,846,888,17961,231
2023,02,Auckland Region,One-family household (with or without other people),"$20,000 or less",8229,2496,414,417,876,1560,1368,552,471,8154,72
2023,02,Auckland Region,Two-family household (with or without other people),"$20,000 or less",264,75,24,15,21,27,48,30,21,264,0
2023,02,Auckland Region,Three or more family household (with or without other people),"$20,000 or less",9,3,3,0,0,0,3,3,0,9,0
2023,02,Auckland Region,Other multi-person household,"$20,000 or less",1203,171,111,90,165,270,165,81,138,1197,6
2023,02,Auckland Region,One-person household,"$20,000 or less",8448,3672,609,1299,1140,750,411,171,252,8298,150
2023,02,Auckland Region,Total stated - household composition,"$20,000 or less",18147,6417,1158,1821,2199,2610,1995,840,879,17919,231
2023,02,Auckland Region,Household composition unidentifiable,"$20,000 or less",39,12,0,0,6,3,6,6,6,39,0
2023,02,Auckland Region,Total - household composition,"$20,001-$30,000",12252,4809,960,1428,1518,1494,999,432,393,12033,222
2023,02,Auckland Region,One-family household (with or without other people),"$20,001-$30,000",4443,1473,249,258,483,843,657,264,177,4401,42
2023,02,Auckland Region,Two-family household (with or without other people),"$20,001-$30,000",132,63,12,9,6,9,12,9,9,132,0
2023,02,Auckland Region,Three or more family household (with or without other people),"$20,001-$30,000",9,6,0,0,0,0,0,0,0,9,0
2023,02,Auckland Region,Other multi-person household,"$20,001-$30,000",687,174,48,60,96,105,78,57,69,684,6
2023,02,Auckland Region,One-person household,"$20,001-$30,000",6957,3093,654,1098,933,534,246,102,129,6789,168
2023,02,Auckland Region,Total stated - household composition,"$20,001-$30,000",12234,4803,960,1428,1515,1491,999,432,387,12015,222
2023,02,Auckland Region,Household composition unidentifiable,"$20,001-$30,000",18,6,0,3,0,3,0,0,3,18,0
2023,02,Auckland Region,Total - household composition,"$30,001-$50,000",21651,4866,1572,2637,3741,4092,2631,996,867,21399,252
2023,02,Auckland Region,One-family household (with or without other people),"$30,001-$50,000",12867,3294,792,927,1842,2703,1959,705,522,12744,126
2023,02,Auckland Region,Two-family household (with or without other people),"$30,001-$50,000",321,111,24,15,24,54,48,24,21,321,3
2023,02,Auckland Region,Three or more family household (with or without other people),"$30,001-$50,000",15,9,0,0,0,0,0,0,0,15,0
2023,02,Auckland Region,Other multi-person household,"$30,001-$50,000",1797,381,138,162,285,309,243,99,162,1776,21
2023,02,Auckland Region,One-person household,"$30,001-$50,000",6573,1029,618,1533,1584,1020,369,159,153,6465,105
2023,02,Auckland Region,Total stated - household composition,"$30,001-$50,000",21570,4824,1572,2634,3735,4083,2619,987,861,21321,252
2023,02,Auckland Region,Household composition unidentifiable,"$30,001-$50,000",81,39,3,0,6,6,9,9,6,78,0
2023,02,Auckland Region,Total - household composition,"$50,001-$70,000",21459,2748,1380,2703,4056,4749,3327,1317,1032,21309,150
2023,02,Auckland Region,One-family household (with or without other people),"$50,001-$70,000",13365,1953,726,993,2196,3342,2520,915,624,13263,102
2023,02,Auckland Region,Two-family household (with or without other people),"$50,001-$70,000",480,156,39,30,42,60,54,54,45,477,3
2023,02,Auckland Region,Three or more family household (with or without other people),"$50,001-$70,000",15,6,3,0,3,0,0,0,3,15,0
2023,02,Auckland Region,Other multi-person household,"$50,001-$70,000",1881,279,105,198,318,369,258,165,174,1860,15
2023,02,Auckland Region,One-person household,"$50,001-$70,000",5586,306,504,1473,1482,969,471,174,183,5559,27
2023,02,Auckland Region,Total stated - household composition,"$50,001-$70,000",21324,2700,1374,2694,4038,4734,3303,1305,1026,21177,150
2023,02,Auckland Region,Household composition unidentifiable,"$50,001-$70,000",135,51,3,9,15,12,24,9,6,135,3
2023,02,Auckland Region,Total - household composition,"$70,001-$100,000",29931,2946,1437,2754,5616,7665,5454,2163,1743,29778,153
2023,02,Auckland Region,One-family household (with or without other people),"$70,001-$100,000",20391,2106,921,1431,3456,5568,4122,1611,1083,20295,96
2023,02,Auckland Region,Two-family household (with or without other people),"$70,001-$100,000",1080,306,60,60,72,171,180,105,117,1074,3
2023,02,Auckland Region,Three or more family household (with or without other people),"$70,001-$100,000",45,15,3,6,3,0,6,6,6,45,0
2023,02,Auckland Region,Other multi-person household,"$70,001-$100,000",2931,270,165,246,456,672,528,243,333,2913,18
2023,02,Auckland Region,One-person household,"$70,001-$100,000",5178,132,276,1002,1602,1209,570,180,186,5151,27
2023,02,Auckland Region,Total stated - household composition,"$70,001-$100,000",29628,2832,1422,2745,5589,7620,5406,2142,1722,29478,150
2023,02,Auckland Region,Household composition unidentifiable,"$70,001-$100,000",303,111,15,12,30,45,48,21,21,300,3
2023,02,Auckland Region,Total - household composition,"$100,001-$150,000",42903,2637,1551,2661,6435,11583,9840,4536,3501,42741,162
2023,02,Auckland Region,One-family household (with or without other people),"$100,001-$150,000",32739,1701,1083,1917,4878,9276,7914,3465,2397,32634,108
2023,02,Auckland Region,Two-family household (with or without other people),"$100,001-$150,000",2220,456,141,126,195,366,381,261,273,2196,24
2023,02,Auckland Region,Three or more family household (with or without other people),"$100,001-$150,000",114,33,9,6,9,15,15,12,18,114,0
2023,02,Auckland Region,Other multi-person household,"$100,001-$150,000",4164,216,198,237,504,960,924,516,594,4152,15
2023,02,Auckland Region,One-person household,"$100,001-$150,000",3063,57,90,348,807,846,504,231,171,3054,9
2023,02,Auckland Region,Total stated - household composition,"$100,001-$150,000",42300,2460,1521,2634,6396,11466,9735,4482,3450,42147,153
2023,02,Auckland Region,Household composition unidentifiable,"$100,001-$150,000",603,177,30,27,45,117,102,54,48,597,6
2023,02,Auckland Region,Total - household composition,"$150,001-$200,000",25560,1215,717,1062,2385,5505,6531,4167,3912,25494,63
2023,02,Auckland Region,One-family household (with or without other people),"$150,001-$200,000",18963,681,462,738,1752,4344,5115,3132,2700,18924,39
2023,02,Auckland Region,Two-family household (with or without other people),"$150,001-$200,000",2244,282,111,129,189,357,471,336,360,2235,9
2023,02,Auckland Region,Three or more family household (with or without other people),"$150,001-$200,000",153,30,6,9,12,21,18,27,30,150,0
2023,02,Auckland Region,Other multi-person household,"$150,001-$200,000",2769,111,96,96,213,474,612,504,657,2760,9
2023,02,Auckland Region,One-person household,"$150,001-$200,000",960,15,18,60,171,237,231,123,108,960,3
2023,02,Auckland Region,Total stated - household composition,"$150,001-$200,000",25089,1116,690,1032,2337,5430,6447,4122,3852,25029,60
2023,02,Auckland Region,Household composition unidentifiable,"$150,001-$200,000",471,99,27,24,48,72,87,45,60,465,3
2023,02,Auckland Region,Total - household composition,"$200,001 or more",25272,948,681,747,1254,2829,4608,4410,9705,25179,93
2023,02,Auckland Region,One-family household (with or without other people),"$200,001 or more",15459,411,345,396,771,1800,3024,2814,5841,15408,51
2023,02,Auckland Region,Two-family household (with or without other people),"$200,001 or more",4032,240,144,189,231,504,726,708,1275,4014,18
2023,02,Auckland Region,Three or more family household (with or without other people),"$200,001 or more",576,48,24,33,27,45,87,84,222,576,3
2023,02,Auckland Region,Other multi-person household,"$200,001 or more",3987,129,126,75,117,291,543,633,2061,3978,9
2023,02,Auckland Region,One-person household,"$200,001 or more",639,9,6,27,48,102,129,99,216,636,3
2023,02,Auckland Region,Total stated - household composition,"$200,001 or more",24696,843,642,720,1194,2745,4509,4338,9618,24609,84
2023,02,Auckland Region,Household composition unidentifiable,"$200,001 or more",576,105,36,24,57,81,102,72,90,570,9
2023,02,Auckland Region,Total - household composition,Total stated - total household income,197220,26595,9456,15810,27210,40527,35391,18867,22041,195897,1323
2023,02,Auckland Region,One-family household (with or without other people),Total stated - total household income,126456,14109,4995,7080,16251,29433,26676,13461,13815,125820,639
2023,02,Auckland Region,Two-family household (with or without other people),Total stated - total household income,10773,1686,552,567,777,1551,1926,1524,2124,10710,60
2023,02,Auckland Region,Three or more family household (with or without other people),Total stated - total household income,936,150,48,60,57,81,129,129,276,930,6
2023,02,Auckland Region,Other multi-person household,Total stated - total household income,19419,1731,978,1161,2154,3456,3351,2295,4185,19320,102
2023,02,Auckland Region,One-person household,Total stated - total household income,37407,8322,2772,6837,7764,5661,2928,1233,1395,36918,489
2023,02,Auckland Region,Total stated - household composition,Total stated - total household income,194994,25995,9348,15705,27003,40182,35010,18648,21801,193695,1296
2023,02,Auckland Region,Household composition unidentifiable,Total stated - total household income,2229,597,111,102,204,342,381,219,243,2202,24
2023,02,Auckland Region,Total - household composition,Not stated,10311,1515,450,927,1617,2121,1755,762,855,10002,309
2023,02,Auckland Region,One-family household (with or without other people),Not stated,0,0,0,0,0,0,0,0,0,0,0
2023,02,Auckland Region,Two-family household (with or without other people),Not stated,0,0,0,0,0,0,0,0,0,0,0
2023,02,Auckland Region,Three or more family household (with or without other people),Not stated,0,0,0,0,0,0,0,0,0,0,0
2023,02,Auckland Region,Other multi-person household,Not stated,0,0,0,0,0,0,0,0,0,0,0
2023,02,Auckland Region,One-person household,Not stated,0,0,0,0,0,0,0,0,0,0,0
2023,02,Auckland Region,Total stated - household composition,Not stated,0,0,0,0,0,0,0,0,0,0,0
2023,02,Auckland Region,Household composition unidentifiable,Not stated,10311,1515,450,927,1617,2121,1755,762,855,10002,309
2023,03,Waikato Region,Total - household composition,Total - total household income,56046,8184,7368,9795,12243,10779,4917,1299,744,55329,717
2023,03,Waikato Region,One-family household (with or without other people),Total - total household income,32004,3423,2946,5187,7938,7551,3435,891,375,31743,258
2023,03,Waikato Region,Two-family household (with or without other people),Total - total household income,1890,228,138,213,375,444,306,120,51,1878,15
2023,03,Waikato Region,Three or more family household (with or without other people),Total - total household income,90,15,9,9,12,15,18,9,6,90,3
2023,03,Waikato Region,Other multi-person household,Total - total household income,4863,618,582,657,993,1014,606,168,180,4818,42
2023,03,Waikato Region,One-person household,Total - total household income,12453,2967,3048,2850,1917,984,261,57,78,12168,288
2023,03,Waikato Region,Total stated - household composition,Total - total household income,51300,7254,6723,8916,11238,10008,4629,1245,687,50694,606
2023,03,Waikato Region,Household composition unidentifiable,Total - total household income,4746,933,645,879,1002,771,288,54,60,4635,111
2023,03,Waikato Region,Total - household composition,"$20,000 or less",4884,1428,831,801,831,588,225,45,48,4797,87
2023,03,Waikato Region,One-family household (with or without other people),"$20,000 or less",1887,366,144,273,486,414,150,27,12,1872,18
2023,03,Waikato Region,Two-family household (with or without other people),"$20,000 or less",30,9,3,3,3,3,3,3,0,30,0
2023,03,Waikato Region,Three or more family household (with or without other people),"$20,000 or less",0,0,0,0,0,0,0,0,0,0,0
2023,03,Waikato Region,Other multi-person household,"$20,000 or less",270,54,39,33,39,48,36,9,9,267,3
2023,03,Waikato Region,One-person household,"$20,000 or less",2688,996,642,489,303,123,33,9,27,2622,66
2023,03,Waikato Region,Total stated - household composition,"$20,000 or less",4875,1428,831,798,828,585,222,45,48,4788,87
2023,03,Waikato Region,Household composition unidentifiable,"$20,000 or less",9,3,0,3,3,0,0,0,0,9,0
2023,03,Waikato Region,Total - household composition,"$20,001-$30,000",4497,1281,993,822,669,441,111,24,30,4374,123
2023,03,Waikato Region,One-family household (with or without other people),"$20,001-$30,000",1323,255,117,210,351,282,69,15,9,1308,15
2023,03,Waikato Region,Two-family household (with or without other people),"$20,001-$30,000",12,3,0,3,6,3,3,3,0,12,0
2023,03,Waikato Region,Three or more family household (with or without other people),"$20,001-$30,000",0,0,0,0,0,0,0,0,0,0,0
2023,03,Waikato Region,Other multi-person household,"$20,001-$30,000",177,42,27,18,30,33,15,6,3,174,3
2023,03,Waikato Region,One-person household,"$20,001-$30,000",2979,978,852,594,282,120,21,6,15,2874,105
2023,03,Waikato Region,Total stated - household composition,"$20,001-$30,000",4494,1281,993,822,669,438,111,24,30,4371,123
2023,03,Waikato Region,Household composition unidentifiable,"$20,001-$30,000",3,0,0,0,3,3,0,0,0,3,0
2023,03,Waikato Region,Total - household composition,"$30,001-$50,000",7578,1347,1266,1623,1716,1050,315,69,54,7434,144
2023,03,Waikato Region,One-family household (with or without other people),"$30,001-$50,000",4206,693,465,786,1158,762,222,45,18,4149,57
2023,03,Waikato Region,Two-family household (with or without other people),"$30,001-$50,000",57,18,0,6,15,12,3,3,0,57,3
2023,03,Waikato Region,Three or more family household (with or without other people),"$30,001-$50,000",0,0,0,0,0,0,0,0,0,0,0
2023,03,Waikato Region,Other multi-person household,"$30,001-$50,000",591,126,78,96,114,102,36,15,18,582,6
2023,03,Waikato Region,One-person household,"$30,001-$50,000",2700,501,717,729,426,174,51,9,15,2625,78
2023,03,Waikato Region,Total stated - household composition,"$30,001-$50,000",7557,1338,1263,1614,1713,1050,315,69,54,7413,144
2023,03,Waikato Region,Household composition unidentifiable,"$30,001-$50,000",24,9,3,6,3,3,0,0,0,21,0
2023,03,Waikato Region,Total - household composition,"$50,001-$70,000",7197,981,999,1545,1770,1293,393,87,54,7119,78
2023,03,Waikato Region,One-family household (with or without other people),"$50,001-$70,000",4329,543,411,843,1179,954,270,57,27,4284,42
2023,03,Waikato Region,Two-family household (with or without other people),"$50,001-$70,000",102,24,9,12,21,24,6,3,3,102,3
2023,03,Waikato Region,Three or more family household (with or without other people),"$50,001-$70,000",0,3,0,0,0,0,0,0,0,0,0
2023,03,Waikato Region,Other multi-person household,"$50,001-$70,000",609,87,87,105,144,99,54,15,12,603,9
2023,03,Waikato Region,One-person household,"$50,001-$70,000",2094,303,492,573,417,204,57,12,9,2070,27
2023,03,Waikato Region,Total stated - household composition,"$50,001-$70,000",7137,957,993,1536,1761,1281,390,84,54,7059,78
2023,03,Waikato Region,Household composition unidentifiable,"$50,001-$70,000",63,24,6,6,12,12,3,0,0,63,0
2023,03,Waikato Region,Total - household composition,"$70,001-$100,000",9387,993,1149,1803,2463,1989,696,147,81,9321,66
2023,03,Waikato Region,One-family household (with or without other people),"$70,001-$100,000",6561,657,702,1212,1794,1500,507,105,42,6519,42
2023,03,Waikato Region,Two-family household (with or without other people),"$70,001-$100,000",264,45,21,33,60,54,30,15,6,264,0
2023,03,Waikato Region,Three or more family household (with or without other people),"$70,001-$100,000",3,3,0,0,3,0,0,0,0,3,0
2023,03,Waikato Region,Other multi-person household,"$70,001-$100,000",1011,108,132,171,237,198,105,21,27,1005,6
2023,03,Waikato Region,One-person household,"$70,001-$100,000",1407,147,273,363,342,213,42,9,3,1398,9
2023,03,Waikato Region,Total stated - household composition,"$70,001-$100,000",9243,960,1131,1782,2436,1965,687,147,81,9186,63
2023,03,Waikato Region,Household composition unidentifiable,"$70,001-$100,000",141,33,18,21,27,24,9,3,0,138,3
2023,03,Waikato Region,Total - household composition,"$100,001-$150,000",10818,903,1026,1611,2685,2760,1353,291,120,10749,69
2023,03,Waikato Region,One-family household (with or without other people),"$100,001-$150,000",8439,627,768,1287,2100,2226,1092,219,72,8394,42
2023,03,Waikato Region,Two-family household (with or without other people),"$100,001-$150,000",489,60,54,51,111,111,75,15,6,486,3
2023,03,Waikato Region,Three or more family household (with or without other people),"$100,001-$150,000",15,3,3,0,0,3,3,0,0,15,0
2023,03,Waikato Region,Other multi-person household,"$100,001-$150,000",1185,117,135,156,285,279,132,39,33,1173,9
2023,03,Waikato Region,One-person household,"$100,001-$150,000",426,30,45,84,117,105,30,6,3,423,3
2023,03,Waikato Region,Total stated - household composition,"$100,001-$150,000",10554,840,1002,1581,2616,2721,1335,285,114,10494,60
2023,03,Waikato Region,Household composition unidentifiable,"$100,001-$150,000",264,63,24,30,72,39,21,3,3,258,6
2023,03,Waikato Region,Total - household composition,"$150,001-$200,000",4734,300,339,561,894,1302,918,291,105,4704,27
2023,03,Waikato Region,One-family household (with or without other people),"$150,001-$200,000",3435,186,240,414,639,969,690,216,60,3417,18
2023,03,Waikato Region,Two-family household (with or without other people),"$150,001-$200,000",444,33,24,54,84,114,87,33,15,441,3
2023,03,Waikato Region,Three or more family household (with or without other people),"$150,001-$200,000",21,3,0,3,3,3,6,3,0,21,0
2023,03,Waikato Region,Other multi-person household,"$150,001-$200,000",570,45,48,51,96,150,117,30,24,567,3
2023,03,Waikato Region,One-person household,"$150,001-$200,000",90,6,12,6,24,24,12,3,0,90,0
2023,03,Waikato Region,Total stated - household composition,"$150,001-$200,000",4557,270,327,528,849,1263,906,288,102,4530,24
2023,03,Waikato Region,Household composition unidentifiable,"$150,001-$200,000",177,30,9,33,48,42,12,3,0,177,3
2023,03,Waikato Region,Total - household composition,"$200,001 or more",3036,216,195,270,408,735,678,303,204,3006,27
2023,03,Waikato Region,One-family household (with or without other people),"$200,001 or more",1824,99,99,165,234,441,438,204,126,1803,21
2023,03,Waikato Region,Two-family household (with or without other people),"$200,001 or more",492,33,30,54,78,126,99,48,18,489,0
2023,03,Waikato Region,Three or more family household (with or without other people),"$200,001 or more",51,6,6,6,6,6,12,6,6,48,3
2023,03,Waikato Region,Other multi-person household,"$200,001 or more",453,39,36,24,48,111,111,39,48,453,0
2023,03,Waikato Region,One-person household,"$200,001 or more",69,3,12,6,12,18,6,3,6,69,3
2023,03,Waikato Region,Total stated - household composition,"$200,001 or more",2886,183,180,252,378,702,663,303,204,2859,27
2023,03,Waikato Region,Household composition unidentifiable,"$200,001 or more",150,36,12,15,30,33,15,3,0,147,3
2023,03,Waikato Region,Total - household composition,Total stated - total household income,52131,7449,6798,9033,11436,10161,4686,1257,696,51510,621
2023,03,Waikato Region,One-family household (with or without other people),Total stated - total household income,32004,3423,2946,5187,7938,7551,3435,891,375,31743,258
2023,03,Waikato Region,Two-family household (with or without other people),Total stated - total household income,1890,228,138,213,375,444,306,120,51,1878,15
2023,03,Waikato Region,Three or more family household (with or without other people),Total stated - total household income,90,15,9,9,12,15,18,9,6,90,3
2023,03,Waikato Region,Other multi-person household,Total stated - total household income,4863,618,582,657,993,1014,606,168,180,4818,42
2023,03,Waikato Region,One-person household,Total stated - total household income,12453,2967,3048,2850,1917,984,261,57,78,12168,288
2023,03,Waikato Region,Total stated - household composition,Total stated - total household income,51300,7254,6723,8916,11238,10008,4629,1245,687,50694,606
2023,03,Waikato Region,Household composition unidentifiable,Total stated - total household income,834,195,78,117,195,153,60,12,6,816,18
2023,03,Waikato Region,Total - household composition,Not stated,3912,738,570,759,807,618,228,42,51,3819,96
2023,03,Waikato Region,One-family household (with or without other people),Not stated,0,0,0,0,0,0,0,0,0,0,0
2023,03,Waikato Region,Two-family household (with or without other people),Not stated,0,0,0,0,0,0,0,0,0,0,0
2023,03,Waikato Region,Three or more family household (with or without other people),Not stated,0,0,0,0,0,0,0,0,0,0,0
2023,03,Waikato Region,Other multi-person household,Not stated,0,0,0,0,0,0,0,0,0,0,0
2023,03,Waikato Region,One-person household,Not stated,0,0,0,0,0,0,0,0,0,0,0
2023,03,Waikato Region,Total stated - household composition,Not stated,0,0,0,0,0,0,0,0,0,0,0
2023,03,Waikato Region,Household composition unidentifiable,Not stated,3912,738,570,759,807,618,228,42,51,3819,96
2023,04,Bay of Plenty Region,Total - household composition,Total - total household income,33333,4521,3114,4650,5976,6912,5349,1575,696,32799,537
2023,04,Bay of Plenty Region,One-family household (with or without other people),Total - total household income,19434,1707,1320,2358,3630,4722,3900,1176,423,19239,195
2023,04,Bay of Plenty Region,Two-family household (with or without other people),Total - total household income,1266,162,96,141,204,258,255,84,51,1251,18
2023,04,Bay of Plenty Region,Three or more family household (with or without other people),Total - total household income,75,15,9,6,12,9,9,6,9,75,0
2023,04,Bay of Plenty Region,Other multi-person household,Total - total household income,2583,309,222,282,444,582,480,141,105,2562,21
2023,04,Bay of Plenty Region,One-person household,Total - total household income,7242,1839,1146,1464,1200,831,378,96,72,7026,216
2023,04,Bay of Plenty Region,Total stated - household composition,Total - total household income,30600,4032,2793,4248,5493,6402,5022,1503,660,30153,444
2023,04,Bay of Plenty Region,Household composition unidentifiable,Total - total household income,2733,492,324,402,486,513,327,69,33,2646,90
2023,04,Bay of Plenty Region,Total - household composition,"$20,000 or less",2661,774,312,423,357,375,243,75,45,2604,54
2023,04,Bay of Plenty Region,One-family household (with or without other people),"$20,000 or less",1062,177,72,153,165,234,174,54,24,1050,9
2023,04,Bay of Plenty Region,Two-family household (with or without other people),"$20,000 or less",21,6,0,0,3,3,6,0,0,21,0
2023,04,Bay of Plenty Region,Three or more family household (with or without other people),"$20,000 or less",0,0,0,0,0,0,0,0,0,0,0
2023,04,Bay of Plenty Region,Other multi-person household,"$20,000 or less",105,21,12,15,24,15,12,3,6,102,0
2023,04,Bay of Plenty Region,One-person household,"$20,000 or less",1461,564,228,255,168,120,51,18,18,1422,39
2023,04,Bay of Plenty Region,Total stated - household composition,"$20,000 or less",2649,768,312,423,357,372,243,75,45,2598,51
2023,04,Bay of Plenty Region,Household composition unidentifiable,"$20,000 or less",12,3,0,0,0,3,0,3,0,9,3
2023,04,Bay of Plenty Region,Total - household composition,"$20,001-$30,000",2757,915,411,453,390,291,153,36,18,2664,93
2023,04,Bay of Plenty Region,One-family household (with or without other people),"$20,001-$30,000",774,144,75,102,162,162,99,18,9,768,6
2023,04,Bay of Plenty Region,Two-family household (with or without other people),"$20,001-$30,000",18,3,3,3,0,3,3,0,0,15,0
2023,04,Bay of Plenty Region,Three or more family household (with or without other people),"$20,001-$30,000",3,0,0,0,0,0,0,3,0,3,0
2023,04,Bay of Plenty Region,Other multi-person household,"$20,001-$30,000",69,21,12,3,6,9,3,3,3,66,0
2023,04,Bay of Plenty Region,One-person household,"$20,001-$30,000",1890,741,321,345,219,120,48,12,6,1806,84
2023,04,Bay of Plenty Region,Total stated - household composition,"$20,001-$30,000",2754,912,411,453,390,291,153,36,18,2664,93
2023,04,Bay of Plenty Region,Household composition unidentifiable,"$20,001-$30,000",3,0,0,0,0,0,0,0,0,3,0
2023,04,Bay of Plenty Region,Total - household composition,"$30,001-$50,000",4677,855,576,900,876,807,414,96,42,4566,111
2023,04,Bay of Plenty Region,One-family household (with or without other people),"$30,001-$50,000",2574,435,210,387,513,570,315,75,18,2520,54
2023,04,Bay of Plenty Region,Two-family household (with or without other people),"$30,001-$50,000",30,6,3,3,3,9,3,0,0,30,0
2023,04,Bay of Plenty Region,Three or more family household (with or without other people),"$30,001-$50,000",3,0,0,0,0,0,0,0,3,3,0
2023,04,Bay of Plenty Region,Other multi-person household,"$30,001-$50,000",291,69,42,51,48,36,27,3,6,285,6
2023,04,Bay of Plenty Region,One-person household,"$30,001-$50,000",1770,339,315,459,306,192,69,18,18,1716,54
2023,04,Bay of Plenty Region,Total stated - household composition,"$30,001-$50,000",4662,849,573,900,873,804,414,96,42,4551,111
2023,04,Bay of Plenty Region,Household composition unidentifiable,"$30,001-$50,000",12,3,0,3,0,3,0,0,0,12,0
2023,04,Bay of Plenty Region,Total - household composition,"$50,001-$70,000",4098,504,417,648,876,894,546,102,57,4047,54
2023,04,Bay of Plenty Region,One-family household (with or without other people),"$50,001-$70,000",2598,288,195,363,546,639,423,72,39,2562,36
2023,04,Bay of Plenty Region,Two-family household (with or without other people),"$50,001-$70,000",72,21,3,9,12,12,12,3,0,72,0
2023,04,Bay of Plenty Region,Three or more family household (with or without other people),"$50,001-$70,000",3,0,0,0,0,0,0,0,0,3,0
2023,04,Bay of Plenty Region,Other multi-person household,"$50,001-$70,000",345,69,39,48,72,69,36,9,3,342,3
2023,04,Bay of Plenty Region,One-person household,"$50,001-$70,000",1050,114,180,222,240,171,72,15,12,1035,15
2023,04,Bay of Plenty Region,Total stated - household composition,"$50,001-$70,000",4065,492,417,642,870,891,543,99,57,4014,51
2023,04,Bay of Plenty Region,Household composition unidentifiable,"$50,001-$70,000",33,15,0,6,3,6,0,3,0,36,0
2023,04,Bay of Plenty Region,Total - household composition,"$70,001-$100,000",5508,495,471,786,1206,1332,876,207,78,5457,54
2023,04,Bay of Plenty Region,One-family household (with or without other people),"$70,001-$100,000",3969,315,315,540,837,1011,705,165,42,3930,39
2023,04,Bay of Plenty Region,Two-family household (with or without other people),"$70,001-$100,000",171,30,9,27,36,33,21,9,3,171,0
2023,04,Bay of Plenty Region,Three or more family household (with or without other people),"$70,001-$100,000",3,0,0,0,0,0,0,0,0,3,0
2023,04,Bay of Plenty Region,Other multi-person household,"$70,001-$100,000",534,54,51,72,126,123,69,21,21,534,3
2023,04,Bay of Plenty Region,One-person household,"$70,001-$100,000",720,60,87,138,186,150,66,12,9,711,9
2023,04,Bay of Plenty Region,Total stated - household composition,"$70,001-$100,000",5397,459,462,780,1185,1314,864,204,78,5346,51
2023,04,Bay of Plenty Region,Household composition unidentifiable,"$70,001-$100,000",111,33,9,9,21,21,12,0,0,108,3
2023,04,Bay of Plenty Region,Total - household composition,"$100,001-$150,000",6501,390,393,750,1233,1686,1485,396,114,6447,54
2023,04,Bay of Plenty Region,One-family household (with or without other people),"$100,001-$150,000",5085,228,306,597,966,1344,1209,315,87,5052,33
2023,04,Bay of Plenty Region,Two-family household (with or without other people),"$100,001-$150,000",342,54,27,33,66,69,66,18,9,336,3
2023,04,Bay of Plenty Region,Three or more family household (with or without other people),"$100,001-$150,000",6,3,0,3,0,3,0,0,0,6,0
2023,04,Bay of Plenty Region,Other multi-person household,"$100,001-$150,000",624,42,39,60,105,171,138,45,12,618,9
2023,04,Bay of Plenty Region,One-person household,"$100,001-$150,000",255,12,12,36,57,66,54,12,6,249,6
2023,04,Bay of Plenty Region,Total stated - household composition,"$100,001-$150,000",6312,342,381,723,1197,1647,1473,390,111,6261,51
2023,04,Bay of Plenty Region,Household composition unidentifiable,"$100,001-$150,000",189,45,9,27,39,36,15,6,3,186,0
2023,04,Bay of Plenty Region,Total - household composition,"$150,001-$200,000",3030,165,162,222,456,741,822,327,120,3012,18
2023,04,Bay of Plenty Region,One-family household (with or without other people),"$150,001-$200,000",2175,81,96,153,327,546,624,270,75,2166,9
2023,04,Bay of Plenty Region,Two-family household (with or without other people),"$150,001-$200,000",297,27,33,27,48,60,63,18,15,294,3
2023,04,Bay of Plenty Region,Three or more family household (with or without other people),"$150,001-$200,000",21,3,0,3,6,0,6,3,3,21,0
2023,04,Bay of Plenty Region,Other multi-person household,"$150,001-$200,000",345,24,15,24,39,87,108,24,24,345,0
2023,04,Bay of Plenty Region,One-person household,"$150,001-$200,000",60,0,0,6,12,15,9,9,0,57,3
2023,04,Bay of Plenty Region,Total stated - household composition,"$150,001-$200,000",2898,135,147,210,435,711,810,324,117,2886,15
2023,04,Bay of Plenty Region,Household composition unidentifiable,"$150,001-$200,000",129,30,15,12,21,30,15,3,3,126,3
2023,04,Bay of Plenty Region,Total - household composition,"$200,001 or more",1944,93,90,126,201,390,546,279,195,1923,24
2023,04,Bay of Plenty Region,One-family household (with or without other people),"$200,001 or more",1194,42,48,66,117,225,351,201,135,1185,9
2023,04,Bay of Plenty Region,Two-family household (with or without other people),"$200,001 or more",315,18,18,36,36,66,75,42,21,309,6
2023,04,Bay of Plenty Region,Three or more family household (with or without other people),"$200,001 or more",36,3,6,3,6,9,6,3,3,36,0
2023,04,Bay of Plenty Region,Other multi-person household,"$200,001 or more",273,6,12,6,24,69,87,33,33,273,0
2023,04,Bay of Plenty Region,One-person household,"$200,001 or more",30,6,3,3,6,3,6,0,3,30,3
2023,04,Bay of Plenty Region,Total stated - household composition,"$200,001 or more",1854,75,87,120,186,372,528,276,192,1836,18
2023,04,Bay of Plenty Region,Household composition unidentifiable,"$200,001 or more",87,18,6,6,12,21,18,0,0,84,3
2023,04,Bay of Plenty Region,Total - household composition,Total stated - total household income,31179,4188,2841,4311,5592,6519,5088,1515,669,30720,462
2023,04,Bay of Plenty Region,One-family household (with or without other people),Total stated - total household income,19434,1707,1320,2358,3630,4722,3900,1176,423,19239,195
2023,04,Bay of Plenty Region,Two-family household (with or without other people),Total stated - total household income,1266,162,96,141,204,258,255,84,51,1251,18
2023,04,Bay of Plenty Region,Three or more family household (with or without other people),Total stated - total household income,75,15,9,6,12,9,9,6,9,75,0
2023,04,Bay of Plenty Region,Other multi-person household,Total stated - total household income,2583,309,222,282,444,582,480,141,105,2562,21
2023,04,Bay of Plenty Region,One-person household,Total stated - total household income,7242,1839,1146,1464,1200,831,378,96,72,7026,216
2023,04,Bay of Plenty Region,Total stated - household composition,Total stated - total household income,30600,4032,2793,4248,5493,6402,5022,1503,660,30153,444
2023,04,Bay of Plenty Region,Household composition unidentifiable,Total stated - total household income,582,153,48,60,99,120,63,15,6,564,15
2023,04,Bay of Plenty Region,Total - household composition,Not stated,2154,339,276,342,387,396,261,57,27,2079,75
2023,04,Bay of Plenty Region,One-family household (with or without other people),Not stated,0,0,0,0,0,0,0,0,0,0,0
2023,04,Bay of Plenty Region,Two-family household (with or without other people),Not stated,0,0,0,0,0,0,0,0,0,0,0
2023,04,Bay of Plenty Region,Three or more family household (with or without other people),Not stated,0,0,0,0,0,0,0,0,0,0,0
2023,04,Bay of Plenty Region,Other multi-person household,Not stated,0,0,0,0,0,0,0,0,0,0,0
2023,04,Bay of Plenty Region,One-person household,Not stated,0,0,0,0,0,0,0,0,0,0,0
2023,04,Bay of Plenty Region,Total stated - household composition,Not stated,0,0,0,0,0,0,0,0,0,0,0
2023,04,Bay of Plenty Region,Household composition unidentifiable,Not stated,2154,339,276,342,387,396,261,57,27,2079,75
2023,05,Gisborne Region,Total - household composition,Total - total household income,5799,1722,834,1056,927,618,351,123,78,5706,96
2023,05,Gisborne Region,One-family household (with or without other people),Total - total household income,3228,819,420,570,615,426,237,72,42,3198,30
2023,05,Gisborne Region,Two-family household (with or without other people),Total - total household income,309,96,36,39,60,42,24,6,6,306,3
2023,05,Gisborne Region,Three or more family household (with or without other people),Total - total household income,27,9,0,6,3,6,0,0,0,27,0
2023,05,Gisborne Region,Other multi-person household,Total - total household income,429,123,54,84,69,39,39,12,9,423,6
2023,05,Gisborne Region,One-person household,Total - total household income,1290,519,237,243,126,60,30,18,18,1248,42
2023,05,Gisborne Region,Total stated - household composition,Total - total household income,5280,1566,744,942,870,573,330,111,72,5205,75
2023,05,Gisborne Region,Household composition unidentifiable,Total - total household income,519,156,87,117,60,45,24,12,9,501,21
2023,05,Gisborne Region,Total - household composition,"$20,000 or less",549,255,75,87,60,27,15,12,9,540,9
2023,05,Gisborne Region,One-family household (with or without other people),"$20,000 or less",231,99,30,36,30,15,12,9,3,228,3
2023,05,Gisborne Region,Two-family household (with or without other people),"$20,000 or less",6,3,0,0,0,0,3,0,0,6,0
2023,05,Gisborne Region,Three or more family household (with or without other people),"$20,000 or less",0,0,0,0,0,0,0,0,0,0,0
2023,05,Gisborne Region,Other multi-person household,"$20,000 or less",27,12,3,3,9,3,0,0,0,27,0
2023,05,Gisborne Region,One-person household,"$20,000 or less",285,141,45,48,24,9,3,3,6,279,9
2023,05,Gisborne Region,Total stated - household composition,"$20,000 or less",549,255,75,87,60,27,15,12,9,540,9
2023,05,Gisborne Region,Household composition unidentifiable,"$20,000 or less",0,0,0,0,0,0,0,0,0,0,0
2023,05,Gisborne Region,Total - household composition,"$20,001-$30,000",594,276,87,90,75,24,15,6,6,576,15
2023,05,Gisborne Region,One-family household (with or without other people),"$20,001-$30,000",189,69,30,30,36,18,12,0,3,189,0
2023,05,Gisborne Region,Two-family household (with or without other people),"$20,001-$30,000",6,3,3,0,0,0,0,0,0,6,0
2023,05,Gisborne Region,Three or more family household (with or without other people),"$20,001-$30,000",0,0,0,0,0,0,0,0,0,0,0
2023,05,Gisborne Region,Other multi-person household,"$20,001-$30,000",21,12,3,3,3,3,0,3,0,21,0
2023,05,Gisborne Region,One-person household,"$20,001-$30,000",375,198,57,57,36,3,3,3,3,363,15
2023,05,Gisborne Region,Total stated - household composition,"$20,001-$30,000",594,276,87,90,75,24,15,6,6,576,15
2023,05,Gisborne Region,Household composition unidentifiable,"$20,001-$30,000",0,0,0,0,0,0,0,0,0,0,0
2023,05,Gisborne Region,Total - household composition,"$30,001-$50,000",927,354,162,165,117,60,36,9,3,906,21
2023,05,Gisborne Region,One-family household (with or without other people),"$30,001-$50,000",531,201,81,90,81,42,18,6,3,528,6
2023,05,Gisborne Region,Two-family household (with or without other people),"$30,001-$50,000",18,9,3,0,0,0,6,0,0,18,0
2023,05,Gisborne Region,Three or more family household (with or without other people),"$30,001-$50,000",0,0,0,0,0,0,0,0,0,0,0
2023,05,Gisborne Region,Other multi-person household,"$30,001-$50,000",63,33,12,9,6,3,0,0,0,63,0
2023,05,Gisborne Region,One-person household,"$30,001-$50,000",312,108,69,66,27,18,12,3,0,300,15
2023,05,Gisborne Region,Total stated - household composition,"$30,001-$50,000",924,354,162,165,117,60,36,9,3,906,21
2023,05,Gisborne Region,Household composition unidentifiable,"$30,001-$50,000",3,0,0,0,0,0,0,0,0,3,0
2023,05,Gisborne Region,Total - household composition,"$50,001-$70,000",750,231,114,147,129,66,36,9,6,741,12
2023,05,Gisborne Region,One-family household (with or without other people),"$50,001-$70,000",480,147,57,90,96,48,24,6,3,471,6
2023,05,Gisborne Region,Two-family household (with or without other people),"$50,001-$70,000",27,15,3,3,0,0,3,0,0,27,0
2023,05,Gisborne Region,Three or more family household (with or without other people),"$50,001-$70,000",0,0,0,0,0,0,0,0,0,0,0
2023,05,Gisborne Region,Other multi-person household,"$50,001-$70,000",57,21,9,15,6,6,0,0,0,60,0
2023,05,Gisborne Region,One-person household,"$50,001-$70,000",180,42,42,42,27,12,9,3,3,177,3
2023,05,Gisborne Region,Total stated - household composition,"$50,001-$70,000",747,228,111,147,129,66,36,9,6,735,9
2023,05,Gisborne Region,Household composition unidentifiable,"$50,001-$70,000",6,3,3,0,0,0,0,0,0,6,3
2023,05,Gisborne Region,Total - household composition,"$70,001-$100,000",942,219,150,180,165,129,60,24,9,933,9
2023,05,Gisborne Region,One-family household (with or without other people),"$70,001-$100,000",669,141,108,132,123,102,45,12,6,666,6
2023,05,Gisborne Region,Two-family household (with or without other people),"$70,001-$100,000",48,21,6,3,9,3,6,0,3,48,0
2023,05,Gisborne Region,Three or more family household (with or without other people),"$70,001-$100,000",3,0,0,3,3,0,0,0,0,3,0
2023,05,Gisborne Region,Other multi-person household,"$70,001-$100,000",96,21,15,21,21,9,6,0,0,93,0
2023,05,Gisborne Region,One-person household,"$70,001-$100,000",102,24,18,21,9,12,3,6,0,99,0
2023,05,Gisborne Region,Total stated - household composition,"$70,001-$100,000",918,204,150,177,159,129,60,24,6,912,6
2023,05,Gisborne Region,Household composition unidentifiable,"$70,001-$100,000",24,15,0,0,3,0,0,0,0,21,0
2023,05,Gisborne Region,Total - household composition,"$100,001-$150,000",984,192,105,180,219,159,87,21,12,975,9
2023,05,Gisborne Region,One-family household (with or without other people),"$100,001-$150,000",741,123,75,135,177,132,72,18,9,738,6
2023,05,Gisborne Region,Two-family household (with or without other people),"$100,001-$150,000",87,30,9,9,21,15,6,0,0,87,3
2023,05,Gisborne Region,Three or more family household (with or without other people),"$100,001-$150,000",3,3,0,0,0,0,0,0,0,3,0
2023,05,Gisborne Region,Other multi-person household,"$100,001-$150,000",102,15,9,27,21,12,12,3,3,102,3
2023,05,Gisborne Region,One-person household,"$100,001-$150,000",24,6,6,3,3,3,3,0,0,24,0
2023,05,Gisborne Region,Total stated - household composition,"$100,001-$150,000",960,180,102,174,216,159,87,21,12,951,9
2023,05,Gisborne Region,Household composition unidentifiable,"$100,001-$150,000",24,9,6,9,3,3,0,0,0,24,0
2023,05,Gisborne Region,Total - household composition,"$150,001-$200,000",360,45,39,63,63,66,48,18,15,360,3
2023,05,Gisborne Region,One-family household (with or without other people),"$150,001-$200,000",237,27,27,39,45,42,33,12,12,234,0
2023,05,Gisborne Region,Two-family household (with or without other people),"$150,001-$200,000",63,9,6,12,15,12,6,3,0,63,0
2023,05,Gisborne Region,Three or more family household (with or without other people),"$150,001-$200,000",6,3,0,0,0,3,0,0,0,6,0
2023,05,Gisborne Region,Other multi-person household,"$150,001-$200,000",33,0,0,6,3,9,9,3,0,33,0
2023,05,Gisborne Region,One-person household,"$150,001-$200,000",6,0,0,0,0,0,3,3,0,6,0
2023,05,Gisborne Region,Total stated - household composition,"$150,001-$200,000",339,42,33,60,63,63,48,18,15,339,0
2023,05,Gisborne Region,Household composition unidentifiable,"$150,001-$200,000",21,3,9,6,3,3,0,0,3,18,0
2023,05,Gisborne Region,Total - household composition,"$200,001 or more",261,30,27,42,54,51,30,12,15,258,6
2023,05,Gisborne Region,One-family household (with or without other people),"$200,001 or more",144,12,12,15,30,30,21,9,9,141,0
2023,05,Gisborne Region,Two-family household (with or without other people),"$200,001 or more",54,9,6,12,12,9,3,0,3,54,0
2023,05,Gisborne Region,Three or more family household (with or without other people),"$200,001 or more",12,3,0,3,3,6,0,0,0,12,0
2023,05,Gisborne Region,Other multi-person household,"$200,001 or more",33,9,3,3,3,3,6,3,0,33,0
2023,05,Gisborne Region,One-person household,"$200,001 or more",6,3,3,3,0,0,0,0,0,6,0
2023,05,Gisborne Region,Total stated - household composition,"$200,001 or more",249,30,24,36,51,45,30,12,15,246,6
2023,05,Gisborne Region,Household composition unidentifiable,"$200,001 or more",12,0,3,3,3,3,0,0,0,12,0
2023,05,Gisborne Region,Total - household composition,Total stated - total household income,5370,1599,762,954,879,579,330,111,72,5292,78
2023,05,Gisborne Region,One-family household (with or without other people),Total stated - total household income,3228,819,420,570,615,426,237,72,42,3198,30
2023,05,Gisborne Region,Two-family household (with or without other people),Total stated - total household income,309,96,36,39,60,42,24,6,6,306,3
2023,05,Gisborne Region,Three or more family household (with or without other people),Total stated - total household income,27,9,0,6,3,6,0,0,0,27,0
2023,05,Gisborne Region,Other multi-person household,Total stated - total household income,429,123,54,84,69,39,39,12,9,423,6
2023,05,Gisborne Region,One-person household,Total stated - total household income,1290,519,237,243,126,60,30,18,18,1248,42
2023,05,Gisborne Region,Total stated - household composition,Total stated - total household income,5280,1566,744,942,870,573,330,111,72,5205,75
2023,05,Gisborne Region,Household composition unidentifiable,Total stated - total household income,90,36,18,15,9,6,0,0,3,87,3
2023,05,Gisborne Region,Total - household composition,Not stated,429,120,72,99,48,36,24,9,6,414,15
2023,05,Gisborne Region,One-family household (with or without other people),Not stated,0,0,0,0,0,0,0,0,0,0,0
2023,05,Gisborne Region,Two-family household (with or without other people),Not stated,0,0,0,0,0,0,0,0,0,0,0
2023,05,Gisborne Region,Three or more family household (with or without other people),Not stated,0,0,0,0,0,0,0,0,0,0,0
2023,05,Gisborne Region,Other multi-person household,Not stated,0,0,0,0,0,0,0,0,0,0,0
2023,05,Gisborne Region,One-person household,Not stated,0,0,0,0,0,0,0,0,0,0,0
2023,05,Gisborne Region,Total stated - household composition,Not stated,0,0,0,0,0,0,0,0,0,0,0
2023,05,Gisborne Region,Household composition unidentifiable,Not stated,429,120,72,99,48,36,24,9,6,414,15
2023,06,Hawke's Bay Region,Total - household composition,Total - total household income,17874,4098,2097,2985,3462,2724,1446,465,258,17535,342
2023,06,Hawke's Bay Region,One-family household (with or without other people),Total - total household income,9366,1491,945,1446,2097,1839,987,297,147,9255,111
2023,06,Hawke's Bay Region,Two-family household (with or without other people),Total - total household income,618,138,72,78,108,105,63,36,15,615,6
2023,06,Hawke's Bay Region,Three or more family household (with or without other people),Total - total household income,57,15,6,3,12,9,6,3,3,57,0
2023,06,Hawke's Bay Region,Other multi-person household,Total - total household income,1314,255,156,207,243,207,135,45,36,1284,30
2023,06,Hawke's Bay Region,One-person household,Total - total household income,4374,1590,681,876,648,276,108,33,39,4254,123
2023,06,Hawke's Bay Region,Total stated - household composition,Total - total household income,15729,3492,1860,2610,3108,2433,1302,417,240,15462,267
2023,06,Hawke's Bay Region,Household composition unidentifiable,Total - total household income,2145,603,237,375,354,291,144,51,18,2070,75
2023,06,Hawke's Bay Region,Total - household composition,"$20,000 or less",1464,642,162,234,192,108,42,15,21,1422,45
2023,06,Hawke's Bay Region,One-family household (with or without other people),"$20,000 or less",519,165,51,75,102,69,27,12,9,507,12
2023,06,Hawke's Bay Region,Two-family household (with or without other people),"$20,000 or less",6,3,0,0,0,0,0,0,0,6,0
2023,06,Hawke's Bay Region,Three or more family household (with or without other people),"$20,000 or less",0,0,0,0,0,0,0,0,0,0,0
2023,06,Hawke's Bay Region,Other multi-person household,"$20,000 or less",66,18,9,9,9,9,3,3,3,63,0
2023,06,Hawke's Bay Region,One-person household,"$20,000 or less",870,456,99,150,81,27,12,3,12,840,33
2023,06,Hawke's Bay Region,Total stated - household composition,"$20,000 or less",1461,642,162,234,195,105,42,15,21,1419,45
2023,06,Hawke's Bay Region,Household composition unidentifiable,"$20,000 or less",3,0,0,0,0,0,0,0,0,3,0
2023,06,Hawke's Bay Region,Total - household composition,"$20,001-$30,000",1758,849,246,243,198,105,48,12,9,1704,57
2023,06,Hawke's Bay Region,One-family household (with or without other people),"$20,001-$30,000",399,117,36,57,84,60,33,9,0,396,6
2023,06,Hawke's Bay Region,Two-family household (with or without other people),"$20,001-$30,000",6,3,0,0,0,3,0,0,0,6,0
2023,06,Hawke's Bay Region,Three or more family household (with or without other people),"$20,001-$30,000",0,0,0,0,0,0,0,0,0,0,0
2023,06,Hawke's Bay Region,Other multi-person household,"$20,001-$30,000",48,24,3,9,6,3,3,0,0,48,0
2023,06,Hawke's Bay Region,One-person household,"$20,001-$30,000",1302,699,207,177,108,42,9,3,6,1254,48
2023,06,Hawke's Bay Region,Total stated - household composition,"$20,001-$30,000",1758,846,246,243,198,105,48,12,9,1704,57
2023,06,Hawke's Bay Region,Household composition unidentifiable,"$20,001-$30,000",3,0,0,0,0,0,0,0,0,3,0
2023,06,Hawke's Bay Region,Total - household composition,"$30,001-$50,000",2517,708,408,501,450,267,84,24,18,2463,57
2023,06,Hawke's Bay Region,One-family household (with or without other people),"$30,001-$50,000",1251,324,177,210,255,168,60,18,9,1224,24
2023,06,Hawke's Bay Region,Two-family household (with or without other people),"$30,001-$50,000",21,9,3,3,0,6,0,0,0,21,0
2023,06,Hawke's Bay Region,Three or more family household (with or without other people),"$30,001-$50,000",0,0,0,0,0,0,0,0,0,0,0
2023,06,Hawke's Bay Region,Other multi-person household,"$30,001-$50,000",171,60,27,21,30,21,6,0,3,165,6
2023,06,Hawke's Bay Region,One-person household,"$30,001-$50,000",1053,303,198,261,165,72,18,9,9,1026,24
2023,06,Hawke's Bay Region,Total stated - household composition,"$30,001-$50,000",2499,696,402,501,450,267,84,24,18,2442,57
2023,06,Hawke's Bay Region,Household composition unidentifiable,"$30,001-$50,000",21,12,3,0,3,0,0,0,0,21,0
2023,06,Hawke's Bay Region,Total - household composition,"$50,001-$70,000",2178,444,261,426,516,333,132,27,15,2148,27
2023,06,Hawke's Bay Region,One-family household (with or without other people),"$50,001-$70,000",1281,273,126,222,306,231,93,15,6,1269,12
2023,06,Hawke's Bay Region,Two-family household (with or without other people),"$50,001-$70,000",39,18,6,0,3,9,3,0,3,39,0
2023,06,Hawke's Bay Region,Three or more family household (with or without other people),"$50,001-$70,000",3,3,0,0,3,0,0,0,0,3,0
2023,06,Hawke's Bay Region,Other multi-person household,"$50,001-$70,000",192,48,24,36,39,24,12,0,3,189,6
2023,06,Hawke's Bay Region,One-person household,"$50,001-$70,000",633,93,105,165,162,66,18,12,3,624,9
2023,06,Hawke's Bay Region,Total stated - household composition,"$50,001-$70,000",2145,429,261,423,513,327,126,27,15,2121,24
2023,06,Hawke's Bay Region,Household composition unidentifiable,"$50,001-$70,000",30,12,3,3,3,3,3,0,0,27,0
2023,06,Hawke's Bay Region,Total - household composition,"$70,001-$100,000",2709,399,318,492,666,507,210,48,27,2673,36
2023,06,Hawke's Bay Region,One-family household (with or without other people),"$70,001-$100,000",1896,261,201,324,471,405,162,33,18,1878,21
2023,06,Hawke's Bay Region,Two-family household (with or without other people),"$70,001-$100,000",90,27,12,15,18,9,6,0,0,90,0
2023,06,Hawke's Bay Region,Three or more family household (with or without other people),"$70,001-$100,000",0,0,0,0,0,0,0,0,0,0,0
2023,06,Hawke's Bay Region,Other multi-person household,"$70,001-$100,000",276,39,42,57,60,36,21,3,6,264,9
2023,06,Hawke's Bay Region,One-person household,"$70,001-$100,000",375,33,60,93,111,39,24,6,6,372,3
2023,06,Hawke's Bay Region,Total stated - household composition,"$70,001-$100,000",2637,363,315,489,657,495,207,48,27,2604,33
2023,06,Hawke's Bay Region,Household composition unidentifiable,"$70,001-$100,000",72,39,6,6,9,9,0,3,0,69,0
2023,06,Hawke's Bay Region,Total - household composition,"$100,001-$150,000",3246,405,315,513,741,702,411,87,42,3213,27
2023,06,Hawke's Bay Region,One-family household (with or without other people),"$100,001-$150,000",2535,252,237,396,612,579,336,72,33,2514,18
2023,06,Hawke's Bay Region,Two-family household (with or without other people),"$100,001-$150,000",168,48,24,21,30,27,12,3,0,165,0
2023,06,Hawke's Bay Region,Three or more family household (with or without other people),"$100,001-$150,000",6,6,0,0,0,0,0,0,0,6,0
2023,06,Hawke's Bay Region,Other multi-person household,"$100,001-$150,000",297,42,27,45,63,63,39,9,3,294,3
2023,06,Hawke's Bay Region,One-person household,"$100,001-$150,000",102,6,6,24,21,18,18,0,3,99,3
2023,06,Hawke's Bay Region,Total stated - household composition,"$100,001-$150,000",3108,351,300,489,726,690,402,84,42,3084,24
2023,06,Hawke's Bay Region,Household composition unidentifiable,"$100,001-$150,000",138,54,15,24,15,12,9,3,0,132,3
2023,06,Hawke's Bay Region,Total - household composition,"$150,001-$200,000",1395,141,123,174,258,303,234,111,30,1377,21
2023,06,Hawke's Bay Region,One-family household (with or without other people),"$150,001-$200,000",960,69,81,120,183,219,174,87,21,951,12
2023,06,Hawke's Bay Region,Two-family household (with or without other people),"$150,001-$200,000",150,21,15,15,27,30,24,12,6,147,3
2023,06,Hawke's Bay Region,Three or more family household (with or without other people),"$150,001-$200,000",15,3,3,0,3,0,3,0,0,15,0
2023,06,Hawke's Bay Region,Other multi-person household,"$150,001-$200,000",147,12,9,21,27,33,27,9,3,141,3
2023,06,Hawke's Bay Region,One-person household,"$150,001-$200,000",21,0,3,0,3,6,6,0,0,21,0
2023,06,Hawke's Bay Region,Total stated - household composition,"$150,001-$200,000",1290,108,108,156,240,288,228,108,30,1275,18
2023,06,Hawke's Bay Region,Household composition unidentifiable,"$150,001-$200,000",105,33,12,18,18,15,6,0,0,102,3
2023,06,Hawke's Bay Region,Total - household composition,"$200,001 or more",921,84,69,87,153,168,171,96,78,909,12
2023,06,Hawke's Bay Region,One-family household (with or without other people),"$200,001 or more",525,33,39,45,84,105,105,57,51,519,6
2023,06,Hawke's Bay Region,Two-family household (with or without other people),"$200,001 or more",141,12,15,21,30,18,21,18,6,141,0
2023,06,Hawke's Bay Region,Three or more family household (with or without other people),"$200,001 or more",33,6,3,3,6,9,3,3,0,30,0
2023,06,Hawke's Bay Region,Other multi-person household,"$200,001 or more",120,9,9,9,15,15,27,21,12,117,3
2023,06,Hawke's Bay Region,One-person household,"$200,001 or more",15,0,0,3,0,3,3,0,0,15,0
2023,06,Hawke's Bay Region,Total stated - household composition,"$200,001 or more",834,63,63,78,135,150,162,96,75,825,9
2023,06,Hawke's Bay Region,Household composition unidentifiable,"$200,001 or more",90,24,6,12,15,15,9,0,3,87,3
2023,06,Hawke's Bay Region,Total - household composition,Total stated - total household income,16188,3669,1905,2667,3174,2493,1335,423,243,15909,279
2023,06,Hawke's Bay Region,One-family household (with or without other people),Total stated - total household income,9366,1491,945,1446,2097,1839,987,297,147,9255,111
2023,06,Hawke's Bay Region,Two-family household (with or without other people),Total stated - total household income,618,138,72,78,108,105,63,36,15,615,6
2023,06,Hawke's Bay Region,Three or more family household (with or without other people),Total stated - total household income,57,15,6,3,12,9,6,3,3,57,0
2023,06,Hawke's Bay Region,Other multi-person household,Total stated - total household income,1314,255,156,207,243,207,135,45,36,1284,30
2023,06,Hawke's Bay Region,One-person household,Total stated - total household income,4374,1590,681,876,648,276,108,33,39,4254,123
2023,06,Hawke's Bay Region,Total stated - household composition,Total stated - total household income,15729,3492,1860,2610,3108,2433,1302,417,240,15462,267
2023,06,Hawke's Bay Region,Household composition unidentifiable,Total stated - total household income,456,174,42,60,66,57,33,9,3,444,15
2023,06,Hawke's Bay Region,Total - household composition,Not stated,1689,429,192,318,288,231,111,42,15,1626,63
2023,06,Hawke's Bay Region,One-family household (with or without other people),Not stated,0,0,0,0,0,0,0,0,0,0,0
2023,06,Hawke's Bay Region,Two-family household (with or without other people),Not stated,0,0,0,0,0,0,0,0,0,0,0
2023,06,Hawke's Bay Region,Three or more family household (with or without other people),Not stated,0,0,0,0,0,0,0,0,0,0,0
2023,06,Hawke's Bay Region,Other multi-person household,Not stated,0,0,0,0,0,0,0,0,0,0,0
2023,06,Hawke's Bay Region,One-person household,Not stated,0,0,0,0,0,0,0,0,0,0,0
2023,06,Hawke's Bay Region,Total stated - household composition,Not stated,0,0,0,0,0,0,0,0,0,0,0
2023,06,Hawke's Bay Region,Household composition unidentifiable,Not stated,1689,429,192,318,288,231,111,42,15,1626,63
2023,07,Taranaki Region,Total - household composition,Total - total household income,12246,2277,2148,2751,2559,1425,609,174,111,12051,198
2023,07,Taranaki Region,One-family household (with or without other people),Total - total household income,6732,882,924,1491,1734,1029,420,120,69,6669,66
2023,07,Taranaki Region,Two-family household (with or without other people),Total - total household income,312,39,39,57,66,51,42,15,3,309,3
2023,07,Taranaki Region,Three or more family household (with or without other people),Total - total household income,15,3,3,3,3,3,3,0,0,15,0
2023,07,Taranaki Region,Other multi-person household,Total - total household income,882,144,135,198,192,111,63,15,15,873,9
2023,07,Taranaki Region,One-person household,Total - total household income,3336,1002,843,801,384,135,48,9,21,3240,96
2023,07,Taranaki Region,Total stated - household composition,Total - total household income,11277,2073,1941,2550,2376,1326,573,159,108,11106,174
2023,07,Taranaki Region,Household composition unidentifiable,Total - total household income,969,207,207,198,180,96,36,12,6,945,27
2023,07,Taranaki Region,Total - household composition,"$20,000 or less",1122,360,207,243,177,69,27,6,12,1101,24
2023,07,Taranaki Region,One-family household (with or without other people),"$20,000 or less",399,81,39,81,120,54,15,3,3,396,3
2023,07,Taranaki Region,Two-family household (with or without other people),"$20,000 or less",0,0,0,0,0,0,0,0,0,0,0
2023,07,Taranaki Region,Three or more family household (with or without other people),"$20,000 or less",0,0,0,0,0,0,0,0,0,0,0
2023,07,Taranaki Region,Other multi-person household,"$20,000 or less",36,6,9,9,3,0,3,0,3,33,3
2023,07,Taranaki Region,One-person household,"$20,000 or less",690,273,162,153,54,15,6,3,9,672,18
2023,07,Taranaki Region,Total stated - household composition,"$20,000 or less",1122,360,207,243,177,69,27,6,12,1101,24
2023,07,Taranaki Region,Household composition unidentifiable,"$20,000 or less",0,0,0,0,0,0,0,0,0,0,0
2023,07,Taranaki Region,Total - household composition,"$20,001-$30,000",1341,468,285,300,156,63,12,9,6,1293,51
2023,07,Taranaki Region,One-family household (with or without other people),"$20,001-$30,000",321,57,39,75,84,42,12,6,3,318,3
2023,07,Taranaki Region,Two-family household (with or without other people),"$20,001-$30,000",0,0,0,0,0,0,0,0,0,0,0
2023,07,Taranaki Region,Three or more family household (with or without other people),"$20,001-$30,000",0,0,0,0,0,0,0,0,0,0,0
2023,07,Taranaki Region,Other multi-person household,"$20,001-$30,000",33,9,3,6,9,3,0,0,0,33,0
2023,07,Taranaki Region,One-person household,"$20,001-$30,000",987,399,240,216,66,15,0,0,3,939,48
2023,07,Taranaki Region,Total stated - household composition,"$20,001-$30,000",1341,468,285,297,156,63,12,9,6,1290,51
2023,07,Taranaki Region,Household composition unidentifiable,"$20,001-$30,000",0,0,0,0,0,0,0,0,0,0,0
2023,07,Taranaki Region,Total - household composition,"$30,001-$50,000",2013,429,405,531,381,153,54,6,12,1974,39
2023,07,Taranaki Region,One-family household (with or without other people),"$30,001-$50,000",1044,195,165,258,249,111,33,6,3,1023,21
2023,07,Taranaki Region,Two-family household (with or without other people),"$30,001-$50,000",12,0,3,0,0,0,3,0,3,9,0
2023,07,Taranaki Region,Three or more family household (with or without other people),"$30,001-$50,000",3,3,0,0,0,0,0,0,0,3,0
2023,07,Taranaki Region,Other multi-person household,"$30,001-$50,000",153,42,30,39,24,9,6,3,3,153,0
2023,07,Taranaki Region,One-person household,"$30,001-$50,000",798,186,210,228,105,33,9,3,3,780,21
2023,07,Taranaki Region,Total stated - household composition,"$30,001-$50,000",2010,426,405,531,378,153,54,6,12,1968,39
2023,07,Taranaki Region,Household composition unidentifiable,"$30,001-$50,000",6,3,0,3,3,0,0,0,0,6,0
2023,07,Taranaki Region,Total - household composition,"$50,001-$70,000",1641,285,336,414,348,177,45,9,12,1626,18
2023,07,Taranaki Region,One-family household (with or without other people),"$50,001-$70,000",1011,153,162,258,246,135,33,9,6,1002,12
2023,07,Taranaki Region,Two-family household (with or without other people),"$50,001-$70,000",15,6,0,3,6,3,0,0,0,15,0
2023,07,Taranaki Region,Three or more family household (with or without other people),"$50,001-$70,000",0,0,0,0,0,0,0,0,0,0,0
2023,07,Taranaki Region,Other multi-person household,"$50,001-$70,000",135,30,33,30,18,15,3,0,0,132,3
2023,07,Taranaki Region,One-person household,"$50,001-$70,000",465,90,141,123,72,21,6,3,3,459,6
2023,07,Taranaki Region,Total stated - household composition,"$50,001-$70,000",1626,279,336,414,348,174,45,9,12,1608,18
2023,07,Taranaki Region,Household composition unidentifiable,"$50,001-$70,000",15,6,3,3,3,0,0,0,0,15,0
2023,07,Taranaki Region,Total - household composition,"$70,001-$100,000",1995,267,327,498,504,288,69,9,15,1980,18
2023,07,Taranaki Region,One-family household (with or without other people),"$70,001-$100,000",1455,186,216,357,390,225,60,6,9,1446,9
2023,07,Taranaki Region,Two-family household (with or without other people),"$70,001-$100,000",48,9,9,9,9,9,3,0,0,48,0
2023,07,Taranaki Region,Three or more family household (with or without other people),"$70,001-$100,000",0,0,0,0,0,0,0,0,0,0,0
2023,07,Taranaki Region,Other multi-person household,"$70,001-$100,000",195,24,30,54,57,21,6,0,3,192,3
2023,07,Taranaki Region,One-person household,"$70,001-$100,000",264,36,69,66,51,30,0,3,3,261,3
2023,07,Taranaki Region,Total stated - household composition,"$70,001-$100,000",1965,255,327,489,504,282,69,9,15,1950,18
2023,07,Taranaki Region,Household composition unidentifiable,"$70,001-$100,000",30,9,3,12,3,6,0,0,0,30,0
2023,07,Taranaki Region,Total - household composition,"$100,001-$150,000",1986,207,249,402,561,339,159,39,12,1968,15
2023,07,Taranaki Region,One-family household (with or without other people),"$100,001-$150,000",1575,156,198,321,450,273,126,33,9,1560,15
2023,07,Taranaki Region,Two-family household (with or without other people),"$100,001-$150,000",84,9,12,12,21,15,9,3,0,84,0
2023,07,Taranaki Region,Three or more family household (with or without other people),"$100,001-$150,000",3,0,0,3,0,0,0,0,0,3,0
2023,07,Taranaki Region,Other multi-person household,"$100,001-$150,000",189,21,21,39,57,30,15,3,0,186,0
2023,07,Taranaki Region,One-person household,"$100,001-$150,000",87,12,15,9,24,15,6,0,3,87,0
2023,07,Taranaki Region,Total stated - household composition,"$100,001-$150,000",1935,198,246,387,549,333,156,36,12,1920,15
2023,07,Taranaki Region,Household composition unidentifiable,"$100,001-$150,000",48,12,3,15,12,6,3,3,0,48,0
2023,07,Taranaki Region,Total - household composition,"$150,001-$200,000",828,69,105,138,192,159,114,33,12,825,6
2023,07,Taranaki Region,One-family household (with or without other people),"$150,001-$200,000",612,45,87,99,147,120,75,30,9,609,3
2023,07,Taranaki Region,Two-family household (with or without other people),"$150,001-$200,000",69,9,6,9,18,12,9,0,0,69,0
2023,07,Taranaki Region,Three or more family household (with or without other people),"$150,001-$200,000",6,0,0,0,0,3,3,0,0,6,0
2023,07,Taranaki Region,Other multi-person household,"$150,001-$200,000",81,6,3,15,12,18,18,3,3,81,0
2023,07,Taranaki Region,One-person household,"$150,001-$200,000",27,0,3,3,6,3,9,0,0,27,3
2023,07,Taranaki Region,Total stated - household composition,"$150,001-$200,000",795,63,96,129,189,156,111,33,12,792,6
2023,07,Taranaki Region,Household composition unidentifiable,"$150,001-$200,000",33,6,9,9,3,3,3,0,0,33,0
2023,07,Taranaki Region,Total - household composition,"$200,001 or more",501,27,42,69,81,102,102,48,30,495,9
2023,07,Taranaki Region,One-family household (with or without other people),"$200,001 or more",312,12,18,39,48,72,63,33,24,309,3
2023,07,Taranaki Region,Two-family household (with or without other people),"$200,001 or more",84,3,9,15,12,9,18,9,0,84,0
2023,07,Taranaki Region,Three or more family household (with or without other people),"$200,001 or more",3,0,0,0,3,0,0,0,0,3,0
2023,07,Taranaki Region,Other multi-person household,"$200,001 or more",63,3,6,3,12,15,15,6,3,63,0
2023,07,Taranaki Region,One-person household,"$200,001 or more",24,3,6,6,3,3,6,0,0,21,0
2023,07,Taranaki Region,Total stated - household composition,"$200,001 or more",486,27,36,63,75,99,102,48,30,480,6
2023,07,Taranaki Region,Household composition unidentifiable,"$200,001 or more",15,3,3,3,3,3,0,0,0,15,0
2023,07,Taranaki Region,Total - household composition,Total stated - total household income,11430,2112,1959,2592,2403,1347,576,159,105,11256,174
2023,07,Taranaki Region,One-family household (with or without other people),Total stated - total household income,6732,882,924,1491,1734,1029,420,120,69,6669,66
2023,07,Taranaki Region,Two-family household (with or without other people),Total stated - total household income,312,39,39,57,66,51,42,15,3,309,3
2023,07,Taranaki Region,Three or more family household (with or without other people),Total stated - total household income,15,3,3,3,3,3,3,0,0,15,0
2023,07,Taranaki Region,Other multi-person household,Total stated - total household income,882,144,135,198,192,111,63,15,15,873,9
2023,07,Taranaki Region,One-person household,Total stated - total household income,3336,1002,843,801,384,135,48,9,21,3240,96
2023,07,Taranaki Region,Total stated - household composition,Total stated - total household income,11277,2073,1941,2550,2376,1326,573,159,108,11106,174
2023,07,Taranaki Region,Household composition unidentifiable,Total stated - total household income,153,39,18,42,27,18,3,3,0,153,0
2023,07,Taranaki Region,Total - household composition,Not stated,816,168,189,159,156,81,33,12,3,792,24
2023,07,Taranaki Region,One-family household (with or without other people),Not stated,0,0,0,0,0,0,0,0,0,0,0
2023,07,Taranaki Region,Two-family household (with or without other people),Not stated,0,0,0,0,0,0,0,0,0,0,0
2023,07,Taranaki Region,Three or more family household (with or without other people),Not stated,0,0,0,0,0,0,0,0,0,0,0
2023,07,Taranaki Region,Other multi-person household,Not stated,0,0,0,0,0,0,0,0,0,0,0
2023,07,Taranaki Region,One-person household,Not stated,0,0,0,0,0,0,0,0,0,0,0
2023,07,Taranaki Region,Total stated - household composition,Not stated,0,0,0,0,0,0,0,0,0,0,0
2023,07,Taranaki Region,Household composition unidentifiable,Not stated,816,168,189,159,156,81,33,12,3,792,24
2023,08,Manawatū-Whanganui Region,Total - household composition,Total - total household income,27297,5820,4395,5898,5451,3537,1176,312,249,26835,462
2023,08,Manawatū-Whanganui Region,One-family household (with or without other people),Total - total household income,14478,2013,1998,3186,3633,2463,768,189,81,14325,150
2023,08,Manawatū-Whanganui Region,Two-family household (with or without other people),Total - total household income,648,78,66,102,150,144,69,21,12,642,6
2023,08,Manawatū-Whanganui Region,Three or more family household (with or without other people),Total - total household income,48,9,6,9,9,9,6,3,0,51,0
2023,08,Manawatū-Whanganui Region,Other multi-person household,Total - total household income,2310,363,294,450,444,396,186,66,69,2277,33
2023,08,Manawatū-Whanganui Region,One-person household,Total - total household income,7833,2865,1743,1749,840,291,66,18,48,7626,204
2023,08,Manawatū-Whanganui Region,Total stated - household composition,Total - total household income,25320,5328,4113,5493,5076,3306,1095,297,213,24924,396
2023,08,Manawatū-Whanganui Region,Household composition unidentifiable,Total - total household income,1977,489,282,405,372,234,81,15,36,1914,63
2023,08,Manawatū-Whanganui Region,Total - household composition,"$20,000 or less",2907,1050,471,573,408,240,63,15,24,2847,60
2023,08,Manawatū-Whanganui Region,One-family household (with or without other people),"$20,000 or less",975,177,108,213,243,174,39,3,0,960,12
2023,08,Manawatū-Whanganui Region,Two-family household (with or without other people),"$20,000 or less",12,0,3,3,3,3,3,0,0,12,0
2023,08,Manawatū-Whanganui Region,Three or more family household (with or without other people),"$20,000 or less",3,0,0,0,0,0,0,0,0,3,0
2023,08,Manawatū-Whanganui Region,Other multi-person household,"$20,000 or less",126,24,9,24,27,21,9,6,0,120,6
2023,08,Manawatū-Whanganui Region,One-person household,"$20,000 or less",1788,846,348,333,135,42,12,6,21,1746,42
2023,08,Manawatū-Whanganui Region,Total stated - household composition,"$20,000 or less",2901,1050,471,573,408,240,63,15,24,2841,60
2023,08,Manawatū-Whanganui Region,Household composition unidentifiable,"$20,000 or less",6,3,0,0,0,0,3,0,0,6,0
2023,08,Manawatū-Whanganui Region,Total - household composition,"$20,001-$30,000",3204,1323,600,597,348,171,42,12,12,3111,93
2023,08,Manawatū-Whanganui Region,One-family household (with or without other people),"$20,001-$30,000",732,147,87,165,186,111,30,0,0,729,3
2023,08,Manawatū-Whanganui Region,Two-family household (with or without other people),"$20,001-$30,000",0,0,3,0,0,0,0,0,0,0,0
2023,08,Manawatū-Whanganui Region,Three or more family household (with or without other people),"$20,001-$30,000",0,0,0,0,0,0,0,0,0,0,0
2023,08,Manawatū-Whanganui Region,Other multi-person household,"$20,001-$30,000",111,33,12,24,18,9,6,6,3,108,3
2023,08,Manawatū-Whanganui Region,One-person household,"$20,001-$30,000",2355,1143,504,405,144,48,9,6,9,2268,87
2023,08,Manawatū-Whanganui Region,Total stated - household composition,"$20,001-$30,000",3201,1323,600,597,348,171,42,12,12,3108,93
2023,08,Manawatū-Whanganui Region,Household composition unidentifiable,"$20,001-$30,000",3,0,0,3,0,0,0,0,0,3,0
2023,08,Manawatū-Whanganui Region,Total - household composition,"$30,001-$50,000",4632,1035,888,1179,888,402,96,12,21,4521,108
2023,08,Manawatū-Whanganui Region,One-family household (with or without other people),"$30,001-$50,000",2448,441,363,615,603,303,57,6,6,2400,51
2023,08,Manawatū-Whanganui Region,Two-family household (with or without other people),"$30,001-$50,000",27,9,6,6,3,3,3,0,0,27,0
2023,08,Manawatū-Whanganui Region,Three or more family household (with or without other people),"$30,001-$50,000",0,3,0,0,0,3,0,0,0,0,0
2023,08,Manawatū-Whanganui Region,Other multi-person household,"$30,001-$50,000",363,72,57,81,72,36,21,3,3,354,12
2023,08,Manawatū-Whanganui Region,One-person household,"$30,001-$50,000",1782,504,465,471,207,57,12,0,12,1734,51
2023,08,Manawatū-Whanganui Region,Total stated - household composition,"$30,001-$50,000",4620,1029,888,1179,888,402,96,12,21,4512,108
2023,08,Manawatū-Whanganui Region,Household composition unidentifiable,"$30,001-$50,000",9,6,0,0,3,0,0,0,0,9,0
2023,08,Manawatū-Whanganui Region,Total - household composition,"$50,001-$70,000",3726,612,657,954,852,447,114,24,24,3678,45
2023,08,Manawatū-Whanganui Region,One-family household (with or without other people),"$50,001-$70,000",2223,306,330,537,594,333,75,15,6,2196,24
2023,08,Manawatū-Whanganui Region,Two-family household (with or without other people),"$50,001-$70,000",45,12,6,6,12,6,3,0,3,45,0
2023,08,Manawatū-Whanganui Region,Three or more family household (with or without other people),"$50,001-$70,000",3,0,0,0,0,0,0,0,0,3,0
2023,08,Manawatū-Whanganui Region,Other multi-person household,"$50,001-$70,000",354,60,60,78,66,45,21,9,12,354,0
2023,08,Manawatū-Whanganui Region,One-person household,"$50,001-$70,000",1077,225,261,330,168,54,15,0,3,1059,18
2023,08,Manawatū-Whanganui Region,Total stated - household composition,"$50,001-$70,000",3699,600,657,951,843,441,114,24,24,3657,45
2023,08,Manawatū-Whanganui Region,Household composition unidentifiable,"$50,001-$70,000",24,9,0,3,9,6,0,0,0,24,0
2023,08,Manawatū-Whanganui Region,Total - household composition,"$70,001-$100,000",4446,615,717,1041,1107,660,195,36,27,4404,39
2023,08,Manawatū-Whanganui Region,One-family household (with or without other people),"$70,001-$100,000",3186,402,486,741,852,513,132,21,12,3162,27
2023,08,Manawatū-Whanganui Region,Two-family household (with or without other people),"$70,001-$100,000",105,15,12,18,27,18,12,0,0,105,0
2023,08,Manawatū-Whanganui Region,Three or more family household (with or without other people),"$70,001-$100,000",3,0,0,0,0,0,0,0,0,3,0
2023,08,Manawatū-Whanganui Region,Other multi-person household,"$70,001-$100,000",495,60,78,117,105,75,36,9,12,489,6
2023,08,Manawatū-Whanganui Region,One-person household,"$70,001-$100,000",588,105,129,162,117,45,12,6,3,582,6
2023,08,Manawatū-Whanganui Region,Total stated - household composition,"$70,001-$100,000",4377,585,708,1035,1101,651,192,36,27,4338,36
2023,08,Manawatū-Whanganui Region,Household composition unidentifiable,"$70,001-$100,000",69,33,9,6,6,12,3,0,0,63,3
2023,08,Manawatū-Whanganui Region,Total - household composition,"$100,001-$150,000",4272,531,561,846,1059,837,306,60,39,4236,33
2023,08,Manawatū-Whanganui Region,One-family household (with or without other people),"$100,001-$150,000",3285,378,447,675,810,648,237,45,21,3261,24
2023,08,Manawatū-Whanganui Region,Two-family household (with or without other people),"$100,001-$150,000",177,21,15,30,54,36,12,6,3,177,0
2023,08,Manawatū-Whanganui Region,Three or more family household (with or without other people),"$100,001-$150,000",9,3,3,3,3,0,3,0,0,9,0
2023,08,Manawatū-Whanganui Region,Other multi-person household,"$100,001-$150,000",516,75,57,87,111,114,42,9,12,510,9
2023,08,Manawatū-Whanganui Region,One-person household,"$100,001-$150,000",177,30,30,33,48,27,3,0,0,174,3
2023,08,Manawatū-Whanganui Region,Total stated - household composition,"$100,001-$150,000",4164,504,549,828,1023,828,297,60,39,4128,33
2023,08,Manawatū-Whanganui Region,Household composition unidentifiable,"$100,001-$150,000",111,24,9,21,33,9,9,3,0,111,0
2023,08,Manawatū-Whanganui Region,Total - household composition,"$150,001-$200,000",1593,174,180,246,345,384,168,66,21,1581,15
2023,08,Manawatū-Whanganui Region,One-family household (with or without other people),"$150,001-$200,000",1101,114,135,174,246,258,102,51,12,1092,6
2023,08,Manawatū-Whanganui Region,Two-family household (with or without other people),"$150,001-$200,000",150,15,12,24,30,42,18,6,3,147,0
2023,08,Manawatū-Whanganui Region,Three or more family household (with or without other people),"$150,001-$200,000",12,0,3,3,0,3,0,0,0,9,0
2023,08,Manawatū-Whanganui Region,Other multi-person household,"$150,001-$200,000",219,27,15,33,36,60,30,9,6,216,3
2023,08,Manawatū-Whanganui Region,One-person household,"$150,001-$200,000",42,6,6,9,12,12,3,0,0,42,0
2023,08,Manawatū-Whanganui Region,Total stated - household composition,"$150,001-$200,000",1518,159,171,240,324,372,159,66,21,1509,12
2023,08,Manawatū-Whanganui Region,Household composition unidentifiable,"$150,001-$200,000",72,15,12,6,21,9,9,0,0,72,3
2023,08,Manawatū-Whanganui Region,Total - household composition,"$200,001 or more",873,81,78,99,147,204,138,75,48,867,6
2023,08,Manawatū-Whanganui Region,One-family household (with or without other people),"$200,001 or more",534,45,45,60,96,126,90,48,24,531,3
2023,08,Manawatū-Whanganui Region,Two-family household (with or without other people),"$200,001 or more",129,9,12,15,24,30,18,12,6,129,3
2023,08,Manawatū-Whanganui Region,Three or more family household (with or without other people),"$200,001 or more",24,3,3,6,3,3,3,3,0,24,0
2023,08,Manawatū-Whanganui Region,Other multi-person household,"$200,001 or more",126,15,9,12,12,33,21,9,12,126,0
2023,08,Manawatū-Whanganui Region,One-person household,"$200,001 or more",24,6,3,3,3,6,3,0,3,24,0
2023,08,Manawatū-Whanganui Region,Total stated - household composition,"$200,001 or more",837,75,72,93,138,198,135,72,45,831,6
2023,08,Manawatū-Whanganui Region,Household composition unidentifiable,"$200,001 or more",36,3,3,3,9,6,6,3,0,36,3
2023,08,Manawatū-Whanganui Region,Total - household composition,Total stated - total household income,25647,5421,4152,5535,5151,3342,1122,303,216,25245,405
2023,08,Manawatū-Whanganui Region,One-family household (with or without other people),Total stated - total household income,14478,2013,1998,3186,3633,2463,768,189,81,14325,150
2023,08,Manawatū-Whanganui Region,Two-family household (with or without other people),Total stated - total household income,648,78,66,102,150,144,69,21,12,642,6
2023,08,Manawatū-Whanganui Region,Three or more family household (with or without other people),Total stated - total household income,48,9,6,9,9,9,6,3,0,51,0
2023,08,Manawatū-Whanganui Region,Other multi-person household,Total stated - total household income,2310,363,294,450,444,396,186,66,69,2277,33
2023,08,Manawatū-Whanganui Region,One-person household,Total stated - total household income,7833,2865,1743,1749,840,291,66,18,48,7626,204
2023,08,Manawatū-Whanganui Region,Total stated - household composition,Total stated - total household income,25320,5328,4113,5493,5076,3306,1095,297,213,24924,396
2023,08,Manawatū-Whanganui Region,Household composition unidentifiable,Total stated - total household income,327,96,39,39,75,39,24,3,3,321,6
2023,08,Manawatū-Whanganui Region,Total - household composition,Not stated,1647,396,243,366,297,195,54,9,33,1593,57
2023,08,Manawatū-Whanganui Region,One-family household (with or without other people),Not stated,0,0,0,0,0,0,0,0,0,0,0
2023,08,Manawatū-Whanganui Region,Two-family household (with or without other people),Not stated,0,0,0,0,0,0,0,0,0,0,0
2023,08,Manawatū-Whanganui Region,Three or more family household (with or without other people),Not stated,0,0,0,0,0,0,0,0,0,0,0
2023,08,Manawatū-Whanganui Region,Other multi-person household,Not stated,0,0,0,0,0,0,0,0,0,0,0
2023,08,Manawatū-Whanganui Region,One-person household,Not stated,0,0,0,0,0,0,0,0,0,0,0
2023,08,Manawatū-Whanganui Region,Total stated - household composition,Not stated,0,0,0,0,0,0,0,0,0,0,0
2023,08,Manawatū-Whanganui Region,Household composition unidentifiable,Not stated,1647,396,243,366,297,195,54,9,33,1593,57
2023,09,Wellington Region,Total - household composition,Total - total household income,62433,8658,4857,7164,9501,10806,8853,5505,6639,61983,450
2023,09,Wellington Region,One-family household (with or without other people),Total - total household income,32724,3417,1719,2985,5262,7023,5952,3312,2901,32577,150
2023,09,Wellington Region,Two-family household (with or without other people),Total - total household income,1722,279,96,126,189,237,261,246,276,1716,6
2023,09,Wellington Region,Three or more family household (with or without other people),Total - total household income,102,18,9,9,9,15,9,9,27,102,0
2023,09,Wellington Region,Other multi-person household,Total - total household income,8634,603,477,477,729,1137,1245,1302,2640,8604,27
2023,09,Wellington Region,One-person household,Total - total household income,15378,3582,2280,3120,2751,1806,873,402,393,15204,171
2023,09,Wellington Region,Total stated - household composition,Total - total household income,58560,7899,4581,6720,8943,10215,8343,5274,6234,58203,354
2023,09,Wellington Region,Household composition unidentifiable,Total - total household income,3873,762,273,441,558,588,510,234,405,3780,93
2023,09,Wellington Region,Total - household composition,"$20,000 or less",4869,1902,639,621,549,456,318,156,177,4818,48
2023,09,Wellington Region,One-family household (with or without other people),"$20,000 or less",1575,519,138,120,222,252,192,84,45,1563,9
2023,09,Wellington Region,Two-family household (with or without other people),"$20,000 or less",21,12,0,3,3,0,0,0,0,21,0
2023,09,Wellington Region,Three or more family household (with or without other people),"$20,000 or less",3,3,0,0,0,0,0,0,0,3,0
2023,09,Wellington Region,Other multi-person household,"$20,000 or less",288,39,30,27,30,42,42,24,57,285,3
2023,09,Wellington Region,One-person household,"$20,000 or less",2970,1332,474,471,297,159,84,45,75,2934,36
2023,09,Wellington Region,Total stated - household composition,"$20,000 or less",4860,1899,639,618,549,456,315,156,177,4809,48
2023,09,Wellington Region,Household composition unidentifiable,"$20,000 or less",9,0,0,3,0,0,0,0,0,9,0
2023,09,Wellington Region,Total - household composition,"$20,001-$30,000",4542,1776,702,600,525,405,192,126,135,4464,78
2023,09,Wellington Region,One-family household (with or without other people),"$20,001-$30,000",1146,345,66,129,210,219,102,42,24,1140,6
2023,09,Wellington Region,Two-family household (with or without other people),"$20,001-$30,000",24,12,3,0,3,3,3,3,0,24,0
2023,09,Wellington Region,Three or more family household (with or without other people),"$20,001-$30,000",0,0,0,0,0,0,0,0,0,0,0
2023,09,Wellington Region,Other multi-person household,"$20,001-$30,000",318,39,24,27,18,39,30,57,84,315,3
2023,09,Wellington Region,One-person household,"$20,001-$30,000",3048,1377,612,444,291,144,57,24,30,2976,72
2023,09,Wellington Region,Total stated - household composition,"$20,001-$30,000",4536,1773,702,600,522,405,192,126,135,4458,78
2023,09,Wellington Region,Household composition unidentifiable,"$20,001-$30,000",3,3,0,0,0,0,0,0,0,3,0
2023,09,Wellington Region,Total - household composition,"$30,001-$50,000",6999,1593,975,1218,1143,903,504,285,303,6927,72
2023,09,Wellington Region,One-family household (with or without other people),"$30,001-$50,000",3339,834,306,456,603,567,327,138,75,3300,39
2023,09,Wellington Region,Two-family household (with or without other people),"$30,001-$50,000",51,15,6,6,6,9,3,3,3,51,0
2023,09,Wellington Region,Three or more family household (with or without other people),"$30,001-$50,000",0,3,0,0,0,0,0,3,0,0,0
2023,09,Wellington Region,Other multi-person household,"$30,001-$50,000",861,153,66,72,93,117,84,93,180,855,6
2023,09,Wellington Region,One-person household,"$30,001-$50,000",2733,582,597,684,438,207,90,51,48,2700,33
2023,09,Wellington Region,Total stated - household composition,"$30,001-$50,000",6984,1584,975,1215,1143,900,504,285,303,6906,72
2023,09,Wellington Region,Household composition unidentifiable,"$30,001-$50,000",18,9,0,3,0,3,0,0,0,18,0
2023,09,Wellington Region,Total - household composition,"$50,001-$70,000",6771,831,702,1215,1401,1173,729,342,342,6732,36
2023,09,Wellington Region,One-family household (with or without other people),"$50,001-$70,000",3468,516,285,438,726,735,465,183,99,3447,21
2023,09,Wellington Region,Two-family household (with or without other people),"$50,001-$70,000",87,27,3,9,12,12,12,9,0,87,0
2023,09,Wellington Region,Three or more family household (with or without other people),"$50,001-$70,000",0,0,0,0,0,0,0,0,0,0,0
2023,09,Wellington Region,Other multi-person household,"$50,001-$70,000",867,114,72,63,87,126,108,99,195,864,6
2023,09,Wellington Region,One-person household,"$50,001-$70,000",2319,159,339,702,573,294,141,51,48,2310,12
2023,09,Wellington Region,Total stated - household composition,"$50,001-$70,000",6741,819,696,1215,1398,1170,726,342,342,6705,36
2023,09,Wellington Region,Household composition unidentifiable,"$50,001-$70,000",27,12,6,3,3,3,0,3,0,27,0
2023,09,Wellington Region,Total - household composition,"$70,001-$100,000",9219,834,627,1299,2004,2001,1311,576,522,9177,42
2023,09,Wellington Region,One-family household (with or without other people),"$70,001-$100,000",5418,549,339,636,1137,1281,903,336,204,5388,27
2023,09,Wellington Region,Two-family household (with or without other people),"$70,001-$100,000",183,57,9,6,30,24,21,18,15,180,3
2023,09,Wellington Region,Three or more family household (with or without other people),"$70,001-$100,000",6,0,0,0,0,0,0,0,0,6,0
2023,09,Wellington Region,Other multi-person household,"$70,001-$100,000",1335,99,96,102,165,237,198,165,267,1329,3
2023,09,Wellington Region,One-person household,"$70,001-$100,000",2199,87,177,543,660,456,174,54,36,2187,9
2023,09,Wellington Region,Total stated - household composition,"$70,001-$100,000",9135,795,621,1290,1992,1995,1299,576,522,9093,42
2023,09,Wellington Region,Household composition unidentifiable,"$70,001-$100,000",84,39,6,6,12,6,12,0,3,84,0
2023,09,Wellington Region,Total - household composition,"$100,001-$150,000",12588,708,555,1176,2184,3123,2514,1230,1053,12546,42
2023,09,Wellington Region,One-family household (with or without other people),"$100,001-$150,000",8697,465,360,798,1512,2313,1911,804,510,8673,21
2023,09,Wellington Region,Two-family household (with or without other people),"$100,001-$150,000",378,84,27,30,48,57,60,39,36,375,3
2023,09,Wellington Region,Three or more family household (with or without other people),"$100,001-$150,000",15,3,0,0,3,3,3,3,3,15,0
2023,09,Wellington Region,Other multi-person household,"$100,001-$150,000",1917,84,90,117,216,333,342,282,444,1908,6
2023,09,Wellington Region,One-person household,"$100,001-$150,000",1446,30,69,219,387,405,183,87,54,1437,9
2023,09,Wellington Region,Total stated - household composition,"$100,001-$150,000",12453,666,546,1167,2163,3111,2496,1218,1047,12411,39
2023,09,Wellington Region,Household composition unidentifiable,"$100,001-$150,000",135,42,9,12,21,15,18,9,6,135,3
2023,09,Wellington Region,Total - household composition,"$150,001-$200,000",7176,237,228,390,810,1467,1698,1239,1089,7155,21
2023,09,Wellington Region,One-family household (with or without other people),"$150,001-$200,000",4986,129,141,267,603,1155,1263,846,567,4971,18
2023,09,Wellington Region,Two-family household (with or without other people),"$150,001-$200,000",351,42,24,33,36,51,69,57,39,351,0
2023,09,Wellington Region,Three or more family household (with or without other people),"$150,001-$200,000",21,6,0,3,3,0,0,3,3,21,0
2023,09,Wellington Region,Other multi-person household,"$150,001-$200,000",1311,27,48,42,75,150,261,282,423,1311,0
2023,09,Wellington Region,One-person household,"$150,001-$200,000",414,9,9,42,75,90,93,42,48,411,3
2023,09,Wellington Region,Total stated - household composition,"$150,001-$200,000",7080,213,219,381,795,1452,1686,1230,1083,7062,18
2023,09,Wellington Region,Household composition unidentifiable,"$150,001-$200,000",96,24,9,9,15,18,9,9,6,96,0
2023,09,Wellington Region,Total - household composition,"$200,001 or more",6840,159,183,249,390,732,1131,1350,2634,6825,15
2023,09,Wellington Region,One-family household (with or without other people),"$200,001 or more",4098,60,90,144,246,498,789,882,1383,4089,9
2023,09,Wellington Region,Two-family household (with or without other people),"$200,001 or more",630,27,27,42,54,81,99,114,180,627,3
2023,09,Wellington Region,Three or more family household (with or without other people),"$200,001 or more",54,3,6,3,6,9,6,3,18,54,0
2023,09,Wellington Region,Other multi-person household,"$200,001 or more",1737,48,51,30,45,87,180,300,987,1737,3
2023,09,Wellington Region,One-person household,"$200,001 or more",252,3,6,15,27,51,48,45,54,249,3
2023,09,Wellington Region,Total stated - household composition,"$200,001 or more",6771,147,177,237,381,726,1119,1347,2625,6756,15
2023,09,Wellington Region,Household composition unidentifiable,"$200,001 or more",69,15,3,12,12,6,12,3,9,69,0
2023,09,Wellington Region,Total - household composition,Total stated - total household income,59004,8040,4608,6768,9006,10263,8400,5298,6258,58644,360
2023,09,Wellington Region,One-family household (with or without other people),Total stated - total household income,32724,3417,1719,2985,5262,7023,5952,3312,2901,32577,150
2023,09,Wellington Region,Two-family household (with or without other people),Total stated - total household income,1722,279,96,126,189,237,261,246,276,1716,6
2023,09,Wellington Region,Three or more family household (with or without other people),Total stated - total household income,102,18,9,9,9,15,9,9,27,102,0
2023,09,Wellington Region,Other multi-person household,Total stated - total household income,8634,603,477,477,729,1137,1245,1302,2640,8604,27
2023,09,Wellington Region,One-person household,Total stated - total household income,15378,3582,2280,3120,2751,1806,873,402,393,15204,171
2023,09,Wellington Region,Total stated - household composition,Total stated - total household income,58560,7899,4581,6720,8943,10215,8343,5274,6234,58203,354
2023,09,Wellington Region,Household composition unidentifiable,Total stated - total household income,441,141,30,48,63,48,60,27,27,441,3
2023,09,Wellington Region,Total - household composition,Not stated,3432,621,246,396,495,543,453,207,378,3342,93
2023,09,Wellington Region,One-family household (with or without other people),Not stated,0,0,0,0,0,0,0,0,0,0,0
2023,09,Wellington Region,Two-family household (with or without other people),Not stated,0,0,0,0,0,0,0,0,0,0,0
2023,09,Wellington Region,Three or more family household (with or without other people),Not stated,0,0,0,0,0,0,0,0,0,0,0
2023,09,Wellington Region,Other multi-person household,Not stated,0,0,0,0,0,0,0,0,0,0,0
2023,09,Wellington Region,One-person household,Not stated,0,0,0,0,0,0,0,0,0,0,0
2023,09,Wellington Region,Total stated - household composition,Not stated,0,0,0,0,0,0,0,0,0,0,0
2023,09,Wellington Region,Household composition unidentifiable,Not stated,3432,621,246,396,495,543,453,207,378,3342,93
2023,16,Tasman Region,Total - household composition,Total - total household income,4434,558,711,810,981,756,411,72,39,4338,93
2023,16,Tasman Region,One-family household (with or without other people),Total - total household income,2565,189,273,435,645,582,327,54,24,2532,33
2023,16,Tasman Region,Two-family household (with or without other people),Total - total household income,102,6,9,18,12,27,15,12,3,102,0
2023,16,Tasman Region,Three or more family household (with or without other people),Total - total household income,3,0,0,0,0,3,0,0,0,3,0
2023,16,Tasman Region,Other multi-person household,Total - total household income,282,36,39,39,69,54,27,3,3,273,9
2023,16,Tasman Region,One-person household,Total - total household income,1149,267,321,252,186,66,24,0,3,1116,33
2023,16,Tasman Region,Total stated - household composition,Total - total household income,4098,501,642,747,909,726,393,72,36,4026,75
2023,16,Tasman Region,Household composition unidentifiable,Total - total household income,336,57,69,66,72,30,18,0,6,315,21
2023,16,Tasman Region,Total - household composition,"$20,000 or less",348,75,75,78,51,42,15,3,3,339,9
2023,16,Tasman Region,One-family household (with or without other people),"$20,000 or less",123,12,12,30,30,24,12,3,0,123,0
2023,16,Tasman Region,Two-family household (with or without other people),"$20,000 or less",0,0,0,0,0,0,0,0,0,0,0
2023,16,Tasman Region,Three or more family household (with or without other people),"$20,000 or less",0,0,0,0,0,0,0,0,0,0,0
2023,16,Tasman Region,Other multi-person household,"$20,000 or less",12,3,3,0,3,3,0,0,0,12,0
2023,16,Tasman Region,One-person household,"$20,000 or less",213,60,60,45,21,15,3,0,3,207,6
2023,16,Tasman Region,Total stated - household composition,"$20,000 or less",348,75,75,75,51,42,15,3,3,342,9
2023,16,Tasman Region,Household composition unidentifiable,"$20,000 or less",3,0,0,3,0,0,0,0,0,3,0
2023,16,Tasman Region,Total - household composition,"$20,001-$30,000",423,105,111,87,66,30,9,0,0,408,15
2023,16,Tasman Region,One-family household (with or without other people),"$20,001-$30,000",111,12,15,24,27,21,6,0,0,111,3
2023,16,Tasman Region,Two-family household (with or without other people),"$20,001-$30,000",0,0,0,0,0,0,0,0,0,0,0
2023,16,Tasman Region,Three or more family household (with or without other people),"$20,001-$30,000",0,0,0,0,0,0,0,0,0,0,0
2023,16,Tasman Region,Other multi-person household,"$20,001-$30,000",9,3,0,3,3,0,0,0,0,9,0
2023,16,Tasman Region,One-person household,"$20,001-$30,000",306,87,93,60,39,9,3,0,0,291,15
2023,16,Tasman Region,Total stated - household composition,"$20,001-$30,000",423,105,111,87,66,30,9,0,0,408,15
2023,16,Tasman Region,Household composition unidentifiable,"$20,001-$30,000",0,0,0,0,0,0,0,0,0,0,0
2023,16,Tasman Region,Total - household composition,"$30,001-$50,000",711,117,150,153,159,84,27,3,3,693,21
2023,16,Tasman Region,One-family household (with or without other people),"$30,001-$50,000",363,39,51,72,99,69,21,3,0,351,12
2023,16,Tasman Region,Two-family household (with or without other people),"$30,001-$50,000",3,0,0,0,0,0,0,0,0,3,0
2023,16,Tasman Region,Three or more family household (with or without other people),"$30,001-$50,000",0,0,0,0,0,0,0,0,0,0,0
2023,16,Tasman Region,Other multi-person household,"$30,001-$50,000",30,6,9,6,9,0,3,0,3,30,0
2023,16,Tasman Region,One-person household,"$30,001-$50,000",318,75,93,75,51,12,6,0,0,312,9
2023,16,Tasman Region,Total stated - household composition,"$30,001-$50,000",711,117,150,153,159,84,27,3,3,693,21
2023,16,Tasman Region,Household composition unidentifiable,"$30,001-$50,000",0,0,0,0,0,0,0,0,0,0,0
2023,16,Tasman Region,Total - household composition,"$50,001-$70,000",609,72,105,138,153,99,18,9,3,597,12
2023,16,Tasman Region,One-family household (with or without other people),"$50,001-$70,000",372,36,48,81,96,81,15,9,3,366,9
2023,16,Tasman Region,Two-family household (with or without other people),"$50,001-$70,000",0,0,0,0,0,0,0,0,0,0,0
2023,16,Tasman Region,Three or more family household (with or without other people),"$50,001-$70,000",0,0,0,0,0,0,0,0,0,0,0
2023,16,Tasman Region,Other multi-person household,"$50,001-$70,000",48,6,12,6,12,9,3,0,0,48,0
2023,16,Tasman Region,One-person household,"$50,001-$70,000",183,30,45,48,42,12,0,0,0,180,3
2023,16,Tasman Region,Total stated - household composition,"$50,001-$70,000",606,72,105,135,153,99,18,9,3,594,12
2023,16,Tasman Region,Household composition unidentifiable,"$50,001-$70,000",0,0,0,0,0,0,0,0,0,0,0
2023,16,Tasman Region,Total - household composition,"$70,001-$100,000",756,54,99,150,210,156,60,9,6,744,12
2023,16,Tasman Region,One-family household (with or without other people),"$70,001-$100,000",576,30,72,114,165,126,54,6,3,570,3
2023,16,Tasman Region,Two-family household (with or without other people),"$70,001-$100,000",15,3,0,3,0,6,0,0,0,12,0
2023,16,Tasman Region,Three or more family household (with or without other people),"$70,001-$100,000",3,0,0,0,0,3,0,0,0,3,0
2023,16,Tasman Region,Other multi-person household,"$70,001-$100,000",75,9,12,15,21,15,0,3,3,72,6
2023,16,Tasman Region,One-person household,"$70,001-$100,000",84,12,18,15,24,9,3,0,0,81,3
2023,16,Tasman Region,Total stated - household composition,"$70,001-$100,000",750,51,99,147,210,156,60,9,6,735,12
2023,16,Tasman Region,Household composition unidentifiable,"$70,001-$100,000",6,3,0,3,0,0,0,0,0,6,0
2023,16,Tasman Region,Total - household composition,"$100,001-$150,000",795,51,69,105,204,201,129,21,6,786,9
2023,16,Tasman Region,One-family household (with or without other people),"$100,001-$150,000",654,39,48,87,177,168,105,15,6,648,3
2023,16,Tasman Region,Two-family household (with or without other people),"$100,001-$150,000",33,3,0,9,3,6,6,6,0,33,0
2023,16,Tasman Region,Three or more family household (with or without other people),"$100,001-$150,000",0,0,0,0,0,0,0,0,0,0,0
2023,16,Tasman Region,Other multi-person household,"$100,001-$150,000",63,6,6,6,12,21,9,0,0,63,0
2023,16,Tasman Region,One-person household,"$100,001-$150,000",39,3,12,3,6,6,6,0,0,36,3
2023,16,Tasman Region,Total stated - household composition,"$100,001-$150,000",786,48,66,105,201,201,129,21,6,780,6
2023,16,Tasman Region,Household composition unidentifiable,"$100,001-$150,000",9,0,0,3,3,0,0,0,0,6,3
2023,16,Tasman Region,Total - household composition,"$150,001-$200,000",294,21,21,27,51,72,84,6,6,294,3
2023,16,Tasman Region,One-family household (with or without other people),"$150,001-$200,000",237,18,21,18,36,57,78,6,3,234,3
2023,16,Tasman Region,Two-family household (with or without other people),"$150,001-$200,000",21,0,3,3,6,6,3,0,3,21,0
2023,16,Tasman Region,Three or more family household (with or without other people),"$150,001-$200,000",0,0,0,0,0,0,0,0,0,0,0
2023,16,Tasman Region,Other multi-person household,"$150,001-$200,000",24,3,0,3,6,6,3,0,0,24,0
2023,16,Tasman Region,One-person household,"$150,001-$200,000",3,0,0,0,0,0,0,0,0,3,0
2023,16,Tasman Region,Total stated - household composition,"$150,001-$200,000",285,21,24,24,51,69,84,6,6,282,3
2023,16,Tasman Region,Household composition unidentifiable,"$150,001-$200,000",9,0,3,3,3,0,0,0,0,9,0
2023,16,Tasman Region,Total - household composition,"$200,001 or more",195,12,15,18,24,42,51,18,6,192,3
2023,16,Tasman Region,One-family household (with or without other people),"$200,001 or more",129,6,9,9,15,30,39,12,6,129,0
2023,16,Tasman Region,Two-family household (with or without other people),"$200,001 or more",33,0,6,3,3,6,6,6,0,33,0
2023,16,Tasman Region,Three or more family household (with or without other people),"$200,001 or more",0,0,0,0,0,0,0,0,0,0,0
2023,16,Tasman Region,Other multi-person household,"$200,001 or more",21,0,0,0,3,3,6,3,0,21,0
2023,16,Tasman Region,One-person household,"$200,001 or more",6,3,0,3,3,0,0,0,0,6,0
2023,16,Tasman Region,Total stated - household composition,"$200,001 or more",189,12,15,18,21,42,51,18,6,186,0
2023,16,Tasman Region,Household composition unidentifiable,"$200,001 or more",6,0,0,3,3,0,3,0,0,3,0
2023,16,Tasman Region,Total - household composition,Total stated - total household income,4134,504,648,756,918,729,393,72,36,4053,81
2023,16,Tasman Region,One-family household (with or without other people),Total stated - total household income,2565,189,273,435,645,582,327,54,24,2532,33
2023,16,Tasman Region,Two-family household (with or without other people),Total stated - total household income,102,6,9,18,12,27,15,12,3,102,0
2023,16,Tasman Region,Three or more family household (with or without other people),Total stated - total household income,3,0,0,0,0,3,0,0,0,3,0
2023,16,Tasman Region,Other multi-person household,Total stated - total household income,282,36,39,39,69,54,27,3,3,273,9
2023,16,Tasman Region,One-person household,Total stated - total household income,1149,267,321,252,186,66,24,0,3,1116,33
2023,16,Tasman Region,Total stated - household composition,Total stated - total household income,4098,501,642,747,909,726,393,72,36,4026,75
2023,16,Tasman Region,Household composition unidentifiable,Total stated - total household income,36,3,6,9,9,3,3,0,0,30,3
2023,16,Tasman Region,Total - household composition,Not stated,300,54,66,54,63,27,15,0,6,285,15
2023,16,Tasman Region,One-family household (with or without other people),Not stated,0,0,0,0,0,0,0,0,0,0,0
2023,16,Tasman Region,Two-family household (with or without other people),Not stated,0,0,0,0,0,0,0,0,0,0,0
2023,16,Tasman Region,Three or more family household (with or without other people),Not stated,0,0,0,0,0,0,0,0,0,0,0
2023,16,Tasman Region,Other multi-person household,Not stated,0,0,0,0,0,0,0,0,0,0,0
2023,16,Tasman Region,One-person household,Not stated,0,0,0,0,0,0,0,0,0,0,0
2023,16,Tasman Region,Total stated - household composition,Not stated,0,0,0,0,0,0,0,0,0,0,0
2023,16,Tasman Region,Household composition unidentifiable,Not stated,300,54,66,54,63,27,15,0,6,285,15
2023,17,Nelson Region,Total - household composition,Total - total household income,5586,756,429,1005,1554,1170,447,90,78,5532,51
2023,17,Nelson Region,One-family household (with or without other people),Total - total household income,3207,267,129,471,1011,867,327,75,42,3186,21
2023,17,Nelson Region,Two-family household (with or without other people),Total - total household income,126,21,6,9,27,30,27,0,3,123,0
2023,17,Nelson Region,Three or more family household (with or without other people),Total - total household income,3,0,0,0,0,0,0,0,0,3,0
2023,17,Nelson Region,Other multi-person household,Total - total household income,465,45,33,72,126,105,51,12,15,459,6
2023,17,Nelson Region,One-person household,Total - total household income,1542,381,246,417,321,108,33,3,15,1524,18
2023,17,Nelson Region,Total stated - household composition,Total - total household income,5343,717,417,969,1491,1107,438,90,75,5298,45
2023,17,Nelson Region,Household composition unidentifiable,Total - total household income,240,39,15,36,66,63,12,3,3,231,9
2023,17,Nelson Region,Total - household composition,"$20,000 or less",519,180,57,87,108,54,15,3,9,513,6
2023,17,Nelson Region,One-family household (with or without other people),"$20,000 or less",195,42,9,24,63,36,9,3,3,195,0
2023,17,Nelson Region,Two-family household (with or without other people),"$20,000 or less",3,0,0,0,0,0,0,0,0,0,0
2023,17,Nelson Region,Three or more family household (with or without other people),"$20,000 or less",0,0,0,0,0,0,0,0,0,0,0
2023,17,Nelson Region,Other multi-person household,"$20,000 or less",12,6,0,3,3,0,3,0,0,12,0
2023,17,Nelson Region,One-person household,"$20,000 or less",306,126,48,57,45,18,3,0,6,306,3
2023,17,Nelson Region,Total stated - household composition,"$20,000 or less",519,180,57,87,108,54,15,3,9,513,6
2023,17,Nelson Region,Household composition unidentifiable,"$20,000 or less",0,0,0,0,0,0,0,0,0,0,0
2023,17,Nelson Region,Total - household composition,"$20,001-$30,000",588,201,87,129,96,51,6,0,0,576,9
2023,17,Nelson Region,One-family household (with or without other people),"$20,001-$30,000",153,36,3,24,51,36,3,0,3,153,0
2023,17,Nelson Region,Two-family household (with or without other people),"$20,001-$30,000",3,0,0,0,0,3,0,0,0,3,0
2023,17,Nelson Region,Three or more family household (with or without other people),"$20,001-$30,000",0,0,0,0,0,0,0,0,0,0,0
2023,17,Nelson Region,Other multi-person household,"$20,001-$30,000",12,3,3,3,3,0,0,0,0,12,0
2023,17,Nelson Region,One-person household,"$20,001-$30,000",417,165,81,99,45,15,3,0,0,408,9
2023,17,Nelson Region,Total stated - household composition,"$20,001-$30,000",588,201,87,129,96,51,6,0,0,576,9
2023,17,Nelson Region,Household composition unidentifiable,"$20,001-$30,000",0,0,0,0,0,0,0,0,0,0,0
2023,17,Nelson Region,Total - household composition,"$30,001-$50,000",900,153,108,219,225,135,30,6,6,885,18
2023,17,Nelson Region,One-family household (with or without other people),"$30,001-$50,000",474,72,30,84,132,108,27,6,3,459,12
2023,17,Nelson Region,Two-family household (with or without other people),"$30,001-$50,000",0,0,0,0,0,0,0,0,0,0,0
2023,17,Nelson Region,Three or more family household (with or without other people),"$30,001-$50,000",0,0,0,0,0,0,0,0,0,0,0
2023,17,Nelson Region,Other multi-person household,"$30,001-$50,000",51,12,6,15,12,9,3,0,0,51,0
2023,17,Nelson Region,One-person household,"$30,001-$50,000",375,69,72,123,84,18,0,0,3,372,6
2023,17,Nelson Region,Total stated - household composition,"$30,001-$50,000",900,153,108,219,225,135,30,6,6,885,18
2023,17,Nelson Region,Household composition unidentifiable,"$30,001-$50,000",0,0,0,0,0,0,0,0,0,0,0
2023,17,Nelson Region,Total - household composition,"$50,001-$70,000",729,66,60,189,243,123,33,6,6,726,0
2023,17,Nelson Region,One-family household (with or without other people),"$50,001-$70,000",402,36,21,84,135,99,21,6,0,402,0
2023,17,Nelson Region,Two-family household (with or without other people),"$50,001-$70,000",9,3,0,0,3,0,0,0,0,9,0
2023,17,Nelson Region,Three or more family household (with or without other people),"$50,001-$70,000",0,0,0,0,0,0,0,0,0,0,0
2023,17,Nelson Region,Other multi-person household,"$50,001-$70,000",60,9,6,12,21,6,3,0,3,60,0
2023,17,Nelson Region,One-person household,"$50,001-$70,000",252,15,33,93,87,18,6,0,3,252,0
2023,17,Nelson Region,Total stated - household composition,"$50,001-$70,000",726,63,60,189,243,123,33,6,6,723,0
2023,17,Nelson Region,Household composition unidentifiable,"$50,001-$70,000",3,3,0,0,0,0,0,0,0,3,0
2023,17,Nelson Region,Total - household composition,"$70,001-$100,000",948,63,51,168,348,240,60,15,3,945,3
2023,17,Nelson Region,One-family household (with or without other people),"$70,001-$100,000",690,45,27,114,264,180,42,15,3,687,0
2023,17,Nelson Region,Two-family household (with or without other people),"$70,001-$100,000",15,0,0,3,6,3,3,0,0,15,0
2023,17,Nelson Region,Three or more family household (with or without other people),"$70,001-$100,000",0,0,0,0,0,0,0,0,0,0,0
2023,17,Nelson Region,Other multi-person household,"$70,001-$100,000",120,9,6,18,42,33,9,0,0,120,0
2023,17,Nelson Region,One-person household,"$70,001-$100,000",117,3,12,33,39,24,6,0,0,117,0
2023,17,Nelson Region,Total stated - household composition,"$70,001-$100,000",942,60,48,168,345,240,60,15,3,942,3
2023,17,Nelson Region,Household composition unidentifiable,"$70,001-$100,000",3,0,0,0,0,0,0,0,0,3,0
2023,17,Nelson Region,Total - household composition,"$100,001-$150,000",1017,39,30,135,357,276,144,21,15,1011,6
2023,17,Nelson Region,One-family household (with or without other people),"$100,001-$150,000",822,21,24,99,291,240,117,18,9,816,6
2023,17,Nelson Region,Two-family household (with or without other people),"$100,001-$150,000",33,9,0,0,9,6,6,0,0,33,0
2023,17,Nelson Region,Three or more family household (with or without other people),"$100,001-$150,000",0,0,0,0,0,0,0,0,0,0,0
2023,17,Nelson Region,Other multi-person household,"$100,001-$150,000",102,6,3,18,36,24,15,3,3,102,0
2023,17,Nelson Region,One-person household,"$100,001-$150,000",48,3,3,12,18,9,9,0,0,48,0
2023,17,Nelson Region,Total stated - household composition,"$100,001-$150,000",1008,36,30,132,351,276,144,21,15,1005,6
2023,17,Nelson Region,Household composition unidentifiable,"$100,001-$150,000",6,3,0,0,3,3,0,0,0,6,0
2023,17,Nelson Region,Total - household composition,"$150,001-$200,000",390,15,18,33,78,150,75,12,12,387,3
2023,17,Nelson Region,One-family household (with or without other people),"$150,001-$200,000",300,6,12,24,63,117,57,12,6,300,0
2023,17,Nelson Region,Two-family household (with or without other people),"$150,001-$200,000",24,3,0,3,6,6,3,0,0,24,0
2023,17,Nelson Region,Three or more family household (with or without other people),"$150,001-$200,000",0,0,0,0,0,0,0,0,0,0,0
2023,17,Nelson Region,Other multi-person household,"$150,001-$200,000",51,3,0,3,6,18,9,3,3,51,0
2023,17,Nelson Region,One-person household,"$150,001-$200,000",12,0,0,0,6,3,6,0,0,12,0
2023,17,Nelson Region,Total stated - household composition,"$150,001-$200,000",384,12,18,30,78,147,75,12,12,384,0
2023,17,Nelson Region,Household composition unidentifiable,"$150,001-$200,000",3,3,0,0,0,0,0,0,0,3,3
2023,17,Nelson Region,Total - household composition,"$200,001 or more",282,12,12,15,39,81,75,21,24,282,0
2023,17,Nelson Region,One-family household (with or without other people),"$200,001 or more",171,9,3,9,18,51,48,18,18,171,0
2023,17,Nelson Region,Two-family household (with or without other people),"$200,001 or more",42,0,3,3,9,12,15,0,3,42,0
2023,17,Nelson Region,Three or more family household (with or without other people),"$200,001 or more",3,0,0,0,0,0,0,0,0,3,0
2023,17,Nelson Region,Other multi-person household,"$200,001 or more",51,3,3,0,6,12,9,3,6,48,0
2023,17,Nelson Region,One-person household,"$200,001 or more",12,0,0,0,0,3,6,0,3,12,0
2023,17,Nelson Region,Total stated - household composition,"$200,001 or more",276,9,9,15,39,78,75,21,24,273,0
2023,17,Nelson Region,Household composition unidentifiable,"$200,001 or more",9,0,0,0,3,3,0,0,0,9,0
2023,17,Nelson Region,Total - household composition,Total stated - total household income,5370,723,417,972,1497,1110,438,90,75,5322,45
2023,17,Nelson Region,One-family household (with or without other people),Total stated - total household income,3207,267,129,471,1011,867,327,75,42,3186,21
2023,17,Nelson Region,Two-family household (with or without other people),Total stated - total household income,126,21,6,9,27,30,27,0,3,123,0
2023,17,Nelson Region,Three or more family household (with or without other people),Total stated - total household income,3,0,0,0,0,0,0,0,0,3,0
2023,17,Nelson Region,Other multi-person household,Total stated - total household income,465,45,33,72,126,105,51,12,15,459,6
2023,17,Nelson Region,One-person household,Total stated - total household income,1542,381,246,417,321,108,33,3,15,1524,18
2023,17,Nelson Region,Total stated - household composition,Total stated - total household income,5343,717,417,969,1491,1107,438,90,75,5298,45
2023,17,Nelson Region,Household composition unidentifiable,Total stated - total household income,27,6,3,3,9,3,0,0,0,24,3
2023,17,Nelson Region,Total - household composition,Not stated,216,30,12,33,57,60,12,3,3,207,6
2023,17,Nelson Region,One-family household (with or without other people),Not stated,0,0,0,0,0,0,0,0,0,0,0
2023,17,Nelson Region,Two-family household (with or without other people),Not stated,0,0,0,0,0,0,0,0,0,0,0
2023,17,Nelson Region,Three or more family household (with or without other people),Not stated,0,0,0,0,0,0,0,0,0,0,0
2023,17,Nelson Region,Other multi-person household,Not stated,0,0,0,0,0,0,0,0,0,0,0
2023,17,Nelson Region,One-person household,Not stated,0,0,0,0,0,0,0,0,0,0,0
2023,17,Nelson Region,Total stated - household composition,Not stated,0,0,0,0,0,0,0,0,0,0,0
2023,17,Nelson Region,Household composition unidentifiable,Not stated,216,30,12,33,57,60,12,3,3,207,6
2023,18,Marlborough Region,Total - household composition,Total - total household income,4686,669,699,1032,1233,720,165,48,42,4605,78
2023,18,Marlborough Region,One-family household (with or without other people),Total - total household income,2661,267,291,549,828,534,117,30,18,2634,27
2023,18,Marlborough Region,Two-family household (with or without other people),Total - total household income,102,9,9,15,33,30,6,0,3,102,0
2023,18,Marlborough Region,Three or more family household (with or without other people),Total - total household income,6,0,0,0,0,3,0,0,0,6,0
2023,18,Marlborough Region,Other multi-person household,Total - total household income,339,45,33,78,90,57,15,9,12,333,6
2023,18,Marlborough Region,One-person household,Total - total household income,1320,300,345,321,231,54,15,6,6,1284,36
2023,18,Marlborough Region,Total stated - household composition,Total - total household income,4431,618,678,963,1182,678,153,48,39,4362,69
2023,18,Marlborough Region,Household composition unidentifiable,Total - total household income,258,54,21,69,51,42,9,0,3,249,9
2023,18,Marlborough Region,Total - household composition,"$20,000 or less",417,138,81,72,87,33,3,6,3,414,3
2023,18,Marlborough Region,One-family household (with or without other people),"$20,000 or less",153,39,15,21,48,24,3,3,0,153,0
2023,18,Marlborough Region,Two-family household (with or without other people),"$20,000 or less",3,0,0,0,3,0,0,0,0,3,0
2023,18,Marlborough Region,Three or more family household (with or without other people),"$20,000 or less",0,0,0,0,0,0,0,0,0,0,0
2023,18,Marlborough Region,Other multi-person household,"$20,000 or less",12,6,0,3,3,0,0,0,0,12,0
2023,18,Marlborough Region,One-person household,"$20,000 or less",255,96,63,45,33,9,0,0,0,252,3
2023,18,Marlborough Region,Total stated - household composition,"$20,000 or less",417,138,81,72,87,33,3,6,3,414,3
2023,18,Marlborough Region,Household composition unidentifiable,"$20,000 or less",0,0,0,0,0,0,0,0,0,0,0
2023,18,Marlborough Region,Total - household composition,"$20,001-$30,000",480,123,126,99,78,27,3,3,3,465,18
2023,18,Marlborough Region,One-family household (with or without other people),"$20,001-$30,000",114,24,9,24,33,18,0,0,3,114,0
2023,18,Marlborough Region,Two-family household (with or without other people),"$20,001-$30,000",0,0,0,0,0,0,0,0,0,0,0
2023,18,Marlborough Region,Three or more family household (with or without other people),"$20,001-$30,000",0,0,0,0,0,0,0,0,0,0,0
2023,18,Marlborough Region,Other multi-person household,"$20,001-$30,000",6,0,0,0,3,0,0,0,0,6,0
2023,18,Marlborough Region,One-person household,"$20,001-$30,000",360,102,114,75,42,9,0,3,3,342,15
2023,18,Marlborough Region,Total stated - household composition,"$20,001-$30,000",480,123,126,99,78,27,3,3,3,465,18
2023,18,Marlborough Region,Household composition unidentifiable,"$20,001-$30,000",0,0,0,0,0,0,0,0,0,0,0
2023,18,Marlborough Region,Total - household composition,"$30,001-$50,000",753,132,141,204,174,57,12,3,3,726,24
2023,18,Marlborough Region,One-family household (with or without other people),"$30,001-$50,000",378,60,42,90,111,48,9,0,0,366,12
2023,18,Marlborough Region,Two-family household (with or without other people),"$30,001-$50,000",3,0,3,0,0,0,0,0,0,3,0
2023,18,Marlborough Region,Three or more family household (with or without other people),"$30,001-$50,000",0,0,0,0,0,0,0,0,0,0,0
2023,18,Marlborough Region,Other multi-person household,"$30,001-$50,000",33,6,3,12,6,0,0,0,0,33,0
2023,18,Marlborough Region,One-person household,"$30,001-$50,000",336,60,93,99,57,9,3,0,0,324,12
2023,18,Marlborough Region,Total stated - household composition,"$30,001-$50,000",750,129,141,204,174,57,12,3,3,726,24
2023,18,Marlborough Region,Household composition unidentifiable,"$30,001-$50,000",3,3,0,0,0,0,0,0,0,3,0
2023,18,Marlborough Region,Total - household composition,"$50,001-$70,000",618,81,81,156,180,90,9,6,6,609,9
2023,18,Marlborough Region,One-family household (with or without other people),"$50,001-$70,000",378,36,39,84,126,75,6,6,3,375,3
2023,18,Marlborough Region,Two-family household (with or without other people),"$50,001-$70,000",9,3,0,0,3,0,0,0,0,9,0
2023,18,Marlborough Region,Three or more family household (with or without other people),"$50,001-$70,000",0,0,0,0,0,0,0,0,0,0,0
2023,18,Marlborough Region,Other multi-person household,"$50,001-$70,000",33,9,3,12,6,3,0,0,0,33,0
2023,18,Marlborough Region,One-person household,"$50,001-$70,000",195,33,36,60,48,12,3,0,0,195,0
2023,18,Marlborough Region,Total stated - household composition,"$50,001-$70,000",615,81,81,156,183,90,9,6,6,609,9
2023,18,Marlborough Region,Household composition unidentifiable,"$50,001-$70,000",0,3,0,0,0,0,0,0,0,0,0
2023,18,Marlborough Region,Total - household composition,"$70,001-$100,000",756,60,117,183,240,117,21,6,9,753,3
2023,18,Marlborough Region,One-family household (with or without other people),"$70,001-$100,000",522,36,69,120,177,90,15,6,3,519,0
2023,18,Marlborough Region,Two-family household (with or without other people),"$70,001-$100,000",15,0,0,0,6,3,0,0,0,12,0
2023,18,Marlborough Region,Three or more family household (with or without other people),"$70,001-$100,000",0,0,0,0,0,0,0,0,0,0,0
2023,18,Marlborough Region,Other multi-person household,"$70,001-$100,000",84,9,12,27,21,12,3,0,3,84,0
2023,18,Marlborough Region,One-person household,"$70,001-$100,000",129,6,33,36,39,9,0,0,0,126,0
2023,18,Marlborough Region,Total stated - household composition,"$70,001-$100,000",750,57,114,183,240,114,21,6,9,744,3
2023,18,Marlborough Region,Household composition unidentifiable,"$70,001-$100,000",9,3,3,0,0,3,0,0,0,9,0
2023,18,Marlborough Region,Total - household composition,"$100,001-$150,000",894,63,90,174,285,216,39,12,9,885,6
2023,18,Marlborough Region,One-family household (with or without other people),"$100,001-$150,000",735,48,78,144,240,180,30,9,3,732,3
2023,18,Marlborough Region,Two-family household (with or without other people),"$100,001-$150,000",21,3,0,9,3,6,0,0,0,21,0
2023,18,Marlborough Region,Three or more family household (with or without other people),"$100,001-$150,000",0,0,0,0,0,0,0,0,0,0,0
2023,18,Marlborough Region,Other multi-person household,"$100,001-$150,000",96,6,9,18,27,21,3,0,6,93,3
2023,18,Marlborough Region,One-person household,"$100,001-$150,000",30,0,3,3,12,6,3,0,0,30,0
2023,18,Marlborough Region,Total stated - household composition,"$100,001-$150,000",885,57,90,171,285,213,39,12,9,876,6
2023,18,Marlborough Region,Household composition unidentifiable,"$100,001-$150,000",9,3,0,3,0,0,0,0,0,9,0
2023,18,Marlborough Region,Total - household composition,"$150,001-$200,000",345,15,36,54,99,87,39,12,0,345,0
2023,18,Marlborough Region,One-family household (with or without other people),"$150,001-$200,000",261,12,27,48,69,66,33,6,0,261,0
2023,18,Marlborough Region,Two-family household (with or without other people),"$150,001-$200,000",24,0,3,0,6,9,3,0,0,24,0
2023,18,Marlborough Region,Three or more family household (with or without other people),"$150,001-$200,000",3,0,0,0,0,3,0,0,0,3,0
2023,18,Marlborough Region,Other multi-person household,"$150,001-$200,000",39,3,3,6,15,6,3,3,0,39,0
2023,18,Marlborough Region,One-person household,"$150,001-$200,000",9,0,0,0,3,3,3,0,0,9,0
2023,18,Marlborough Region,Total stated - household composition,"$150,001-$200,000",339,15,36,54,96,87,39,12,0,336,0
2023,18,Marlborough Region,Household composition unidentifiable,"$150,001-$200,000",6,0,0,3,3,3,0,0,0,6,0
2023,18,Marlborough Region,Total - household composition,"$200,001 or more",195,15,9,24,42,63,27,9,6,195,0
2023,18,Marlborough Region,One-family household (with or without other people),"$200,001 or more",120,9,9,12,24,39,18,3,3,120,0
2023,18,Marlborough Region,Two-family household (with or without other people),"$200,001 or more",33,3,0,3,9,9,3,0,3,33,0
2023,18,Marlborough Region,Three or more family household (with or without other people),"$200,001 or more",0,0,0,0,0,0,0,0,0,0,0
2023,18,Marlborough Region,Other multi-person household,"$200,001 or more",30,3,0,3,6,12,3,6,0,30,0
2023,18,Marlborough Region,One-person household,"$200,001 or more",3,0,0,0,0,0,0,0,0,3,0
2023,18,Marlborough Region,Total stated - household composition,"$200,001 or more",189,15,9,21,42,60,27,9,6,189,0
2023,18,Marlborough Region,Household composition unidentifiable,"$200,001 or more",6,0,0,0,0,0,0,0,0,6,0
2023,18,Marlborough Region,Total - household composition,Total stated - total household income,4461,624,684,966,1188,687,156,48,39,4395,69
2023,18,Marlborough Region,One-family household (with or without other people),Total stated - total household income,2661,267,291,549,828,534,117,30,18,2634,27
2023,18,Marlborough Region,Two-family household (with or without other people),Total stated - total household income,102,9,9,15,33,30,6,0,3,102,0
2023,18,Marlborough Region,Three or more family household (with or without other people),Total stated - total household income,6,0,0,0,0,3,0,0,0,6,0
2023,18,Marlborough Region,Other multi-person household,Total stated - total household income,339,45,33,78,90,57,15,9,12,333,6
2023,18,Marlborough Region,One-person household,Total stated - total household income,1320,300,345,321,231,54,15,6,6,1284,36
2023,18,Marlborough Region,Total stated - household composition,Total stated - total household income,4431,618,678,963,1182,678,153,48,39,4362,69
2023,18,Marlborough Region,Household composition unidentifiable,Total stated - total household income,33,9,6,3,6,9,0,0,0,33,0
2023,18,Marlborough Region,Total - household composition,Not stated,225,45,15,66,45,33,6,0,3,216,9
2023,18,Marlborough Region,One-family household (with or without other people),Not stated,0,0,0,0,0,0,0,0,0,0,0
2023,18,Marlborough Region,Two-family household (with or without other people),Not stated,0,0,0,0,0,0,0,0,0,0,0
2023,18,Marlborough Region,Three or more family household (with or without other people),Not stated,0,0,0,0,0,0,0,0,0,0,0
2023,18,Marlborough Region,Other multi-person household,Not stated,0,0,0,0,0,0,0,0,0,0,0
2023,18,Marlborough Region,One-person household,Not stated,0,0,0,0,0,0,0,0,0,0,0
2023,18,Marlborough Region,Total stated - household composition,Not stated,0,0,0,0,0,0,0,0,0,0,0
2023,18,Marlborough Region,Household composition unidentifiable,Not stated,225,45,15,66,45,33,6,0,3,216,9
2023,12,West Coast Region,Total - household composition,Total - total household income,3135,1017,840,855,234,57,9,0,27,3036,99
2023,12,West Coast Region,One-family household (with or without other people),Total - total household income,1311,273,330,486,144,39,3,0,3,1281,27
2023,12,West Coast Region,Two-family household (with or without other people),Total - total household income,42,12,12,12,6,3,0,0,0,42,0
2023,12,West Coast Region,Three or more family household (with or without other people),Total - total household income,0,0,0,0,0,0,0,0,0,0,0
2023,12,West Coast Region,Other multi-person household,Total - total household income,213,54,57,69,21,9,0,0,0,213,3
2023,12,West Coast Region,One-person household,Total - total household income,1287,579,366,225,36,6,3,0,9,1230,57
2023,12,West Coast Region,Total stated - household composition,Total - total household income,2853,918,768,792,204,51,9,0,12,2763,87
2023,12,West Coast Region,Household composition unidentifiable,Total - total household income,282,99,69,60,27,6,0,0,9,270,12
2023,12,West Coast Region,Total - household composition,"$20,000 or less",372,162,99,63,21,6,0,0,3,354,21
2023,12,West Coast Region,One-family household (with or without other people),"$20,000 or less",69,15,21,21,9,3,0,0,0,69,0
2023,12,West Coast Region,Two-family household (with or without other people),"$20,000 or less",3,0,0,3,0,0,0,0,0,3,0
2023,12,West Coast Region,Three or more family household (with or without other people),"$20,000 or less",0,0,0,0,0,0,0,0,0,0,0
2023,12,West Coast Region,Other multi-person household,"$20,000 or less",12,6,6,3,0,0,0,0,0,12,0
2023,12,West Coast Region,One-person household,"$20,000 or less",288,141,75,39,12,3,0,0,3,270,18
2023,12,West Coast Region,Total stated - household composition,"$20,000 or less",372,162,99,63,21,6,0,0,3,354,21
2023,12,West Coast Region,Household composition unidentifiable,"$20,000 or less",0,0,0,0,0,0,0,0,0,0,0
2023,12,West Coast Region,Total - household composition,"$20,001-$30,000",519,258,126,93,12,6,0,0,3,495,24
2023,12,West Coast Region,One-family household (with or without other people),"$20,001-$30,000",87,21,27,30,9,3,0,0,0,87,0
2023,12,West Coast Region,Two-family household (with or without other people),"$20,001-$30,000",3,0,0,3,0,0,0,0,0,3,0
2023,12,West Coast Region,Three or more family household (with or without other people),"$20,001-$30,000",0,0,0,0,0,0,0,0,0,0,0
2023,12,West Coast Region,Other multi-person household,"$20,001-$30,000",15,9,3,0,0,0,0,0,0,15,0
2023,12,West Coast Region,One-person household,"$20,001-$30,000",417,228,96,60,3,0,0,0,3,393,24
2023,12,West Coast Region,Total stated - household composition,"$20,001-$30,000",519,258,126,93,12,6,0,0,3,495,24
2023,12,West Coast Region,Household composition unidentifiable,"$20,001-$30,000",0,0,0,0,0,0,0,0,0,0,0
2023,12,West Coast Region,Total - household composition,"$30,001-$50,000",549,165,174,162,21,6,3,0,3,531,18
2023,12,West Coast Region,One-family household (with or without other people),"$30,001-$50,000",243,54,63,99,12,3,0,0,3,234,9
2023,12,West Coast Region,Two-family household (with or without other people),"$30,001-$50,000",3,0,0,3,0,0,0,0,0,3,0
2023,12,West Coast Region,Three or more family household (with or without other people),"$30,001-$50,000",0,0,0,0,0,0,0,0,0,0,0
2023,12,West Coast Region,Other multi-person household,"$30,001-$50,000",33,12,12,6,0,0,0,0,0,33,0
2023,12,West Coast Region,One-person household,"$30,001-$50,000",267,99,96,54,6,3,0,0,3,258,9
2023,12,West Coast Region,Total stated - household composition,"$30,001-$50,000",549,165,174,162,21,6,3,0,3,528,18
2023,12,West Coast Region,Household composition unidentifiable,"$30,001-$50,000",0,0,0,0,0,0,0,0,0,0,0
2023,12,West Coast Region,Total - household composition,"$50,001-$70,000",393,114,108,123,27,9,3,0,0,384,6
2023,12,West Coast Region,One-family household (with or without other people),"$50,001-$70,000",183,36,48,69,21,6,0,0,0,180,0
2023,12,West Coast Region,Two-family household (with or without other people),"$50,001-$70,000",6,3,0,3,0,0,0,0,0,6,0
2023,12,West Coast Region,Three or more family household (with or without other people),"$50,001-$70,000",0,0,0,0,0,0,0,0,0,0,0
2023,12,West Coast Region,Other multi-person household,"$50,001-$70,000",39,6,9,15,3,0,0,0,0,33,3
2023,12,West Coast Region,One-person household,"$50,001-$70,000",165,69,51,33,3,3,0,0,0,162,3
2023,12,West Coast Region,Total stated - household composition,"$50,001-$70,000",390,114,108,123,27,9,3,0,0,384,6
2023,12,West Coast Region,Household composition unidentifiable,"$50,001-$70,000",3,0,0,3,0,0,0,0,0,3,0
2023,12,West Coast Region,Total - household composition,"$70,001-$100,000",432,105,114,144,48,3,3,0,0,420,12
2023,12,West Coast Region,One-family household (with or without other people),"$70,001-$100,000",279,63,66,96,39,3,3,0,0,270,9
2023,12,West Coast Region,Two-family household (with or without other people),"$70,001-$100,000",6,0,0,3,0,0,0,0,0,6,0
2023,12,West Coast Region,Three or more family household (with or without other people),"$70,001-$100,000",0,0,0,0,0,0,0,0,0,0,0
2023,12,West Coast Region,Other multi-person household,"$70,001-$100,000",36,6,12,15,3,3,0,0,0,36,0
2023,12,West Coast Region,One-person household,"$70,001-$100,000",105,30,39,30,3,0,0,0,0,102,3
2023,12,West Coast Region,Total stated - household composition,"$70,001-$100,000",423,102,114,144,45,3,3,0,0,414,12
2023,12,West Coast Region,Household composition unidentifiable,"$70,001-$100,000",6,3,0,0,0,0,0,0,0,6,0
2023,12,West Coast Region,Total - household composition,"$100,001-$150,000",417,87,117,144,48,15,0,0,0,414,3
2023,12,West Coast Region,One-family household (with or without other people),"$100,001-$150,000",321,60,87,114,36,15,0,0,0,318,3
2023,12,West Coast Region,Two-family household (with or without other people),"$100,001-$150,000",12,3,3,3,3,0,0,0,0,12,0
2023,12,West Coast Region,Three or more family household (with or without other people),"$100,001-$150,000",0,0,0,0,0,0,0,0,0,0,0
2023,12,West Coast Region,Other multi-person household,"$100,001-$150,000",48,9,15,15,6,0,0,0,0,48,0
2023,12,West Coast Region,One-person household,"$100,001-$150,000",33,12,12,9,0,0,0,0,0,33,0
2023,12,West Coast Region,Total stated - household composition,"$100,001-$150,000",411,84,117,141,48,15,0,0,0,405,3
2023,12,West Coast Region,Household composition unidentifiable,"$100,001-$150,000",6,3,0,3,3,0,0,0,0,6,0
2023,12,West Coast Region,Total - household composition,"$150,001-$200,000",123,21,24,54,21,9,3,0,3,123,0
2023,12,West Coast Region,One-family household (with or without other people),"$150,001-$200,000",87,15,18,42,9,3,3,0,0,87,0
2023,12,West Coast Region,Two-family household (with or without other people),"$150,001-$200,000",6,3,0,0,0,3,0,0,0,6,0
2023,12,West Coast Region,Three or more family household (with or without other people),"$150,001-$200,000",0,0,0,0,0,0,0,0,0,0,0
2023,12,West Coast Region,Other multi-person household,"$150,001-$200,000",21,6,3,6,6,3,0,0,3,21,0
2023,12,West Coast Region,One-person household,"$150,001-$200,000",6,0,3,3,6,0,0,0,0,6,0
2023,12,West Coast Region,Total stated - household composition,"$150,001-$200,000",123,21,24,54,21,9,3,0,3,123,0
2023,12,West Coast Region,Household composition unidentifiable,"$150,001-$200,000",0,0,0,0,0,0,0,0,0,0,0
2023,12,West Coast Region,Total - household composition,"$200,001 or more",63,12,6,21,15,6,0,0,0,63,3
2023,12,West Coast Region,One-family household (with or without other people),"$200,001 or more",39,6,3,12,12,3,0,0,0,36,3
2023,12,West Coast Region,Two-family household (with or without other people),"$200,001 or more",9,3,3,3,3,0,0,0,0,9,0
2023,12,West Coast Region,Three or more family household (with or without other people),"$200,001 or more",0,0,0,0,0,0,0,0,0,0,0
2023,12,West Coast Region,Other multi-person household,"$200,001 or more",9,3,0,6,3,3,0,0,0,9,0
2023,12,West Coast Region,One-person household,"$200,001 or more",3,0,0,0,0,0,0,0,0,3,0
2023,12,West Coast Region,Total stated - household composition,"$200,001 or more",63,12,6,18,15,6,0,0,0,60,3
2023,12,West Coast Region,Household composition unidentifiable,"$200,001 or more",0,0,0,0,0,0,0,0,0,0,0
2023,12,West Coast Region,Total - household composition,Total stated - total household income,2868,924,768,798,210,51,9,0,12,2781,87
2023,12,West Coast Region,One-family household (with or without other people),Total stated - total household income,1311,273,330,486,144,39,3,0,3,1281,27
2023,12,West Coast Region,Two-family household (with or without other people),Total stated - total household income,42,12,12,12,6,3,0,0,0,42,0
2023,12,West Coast Region,Three or more family household (with or without other people),Total stated - total household income,0,0,0,0,0,0,0,0,0,0,0
2023,12,West Coast Region,Other multi-person household,Total stated - total household income,213,54,57,69,21,9,0,0,0,213,3
2023,12,West Coast Region,One-person household,Total stated - total household income,1287,579,366,225,36,6,3,0,9,1230,57
2023,12,West Coast Region,Total stated - household composition,Total stated - total household income,2853,918,768,792,204,51,9,0,12,2763,87
2023,12,West Coast Region,Household composition unidentifiable,Total stated - total household income,15,6,0,6,3,0,0,0,0,15,0
2023,12,West Coast Region,Total - household composition,Not stated,267,90,66,57,24,6,0,0,9,252,12
2023,12,West Coast Region,One-family household (with or without other people),Not stated,0,0,0,0,0,0,0,0,0,0,0
2023,12,West Coast Region,Two-family household (with or without other people),Not stated,0,0,0,0,0,0,0,0,0,0,0
2023,12,West Coast Region,Three or more family household (with or without other people),Not stated,0,0,0,0,0,0,0,0,0,0,0
2023,12,West Coast Region,Other multi-person household,Not stated,0,0,0,0,0,0,0,0,0,0,0
2023,12,West Coast Region,One-person household,Not stated,0,0,0,0,0,0,0,0,0,0,0
2023,12,West Coast Region,Total stated - household composition,Not stated,0,0,0,0,0,0,0,0,0,0,0
2023,12,West Coast Region,Household composition unidentifiable,Not stated,267,90,66,57,24,6,0,0,9,252,12
2023,13,Canterbury Region,Total - household composition,Total - total household income,70839,12450,7692,14568,17946,10554,4218,1239,1464,70131,702
2023,13,Canterbury Region,One-family household (with or without other people),Total - total household income,39108,4251,3108,8103,12246,7353,2685,636,501,38883,225
2023,13,Canterbury Region,Two-family household (with or without other people),Total - total household income,1617,168,96,201,396,381,234,75,60,1614,6
2023,13,Canterbury Region,Three or more family household (with or without other people),Total - total household income,66,3,6,6,18,18,12,3,6,66,0
2023,13,Canterbury Region,Other multi-person household,Total - total household income,8076,1026,576,1146,1806,1527,864,396,684,8031,48
2023,13,Canterbury Region,One-person household,Total - total household income,18198,6024,3483,4425,2607,852,255,84,132,17865,333
2023,13,Canterbury Region,Total stated - household composition,Total - total household income,67068,11475,7266,13878,17076,10131,4053,1194,1383,66456,612
2023,13,Canterbury Region,Household composition unidentifiable,Total - total household income,3771,972,426,690,870,423,165,45,81,3675,93
2023,13,Canterbury Region,Total - household composition,"$20,000 or less",6573,2910,801,1044,936,429,168,63,93,6447,126
2023,13,Canterbury Region,One-family household (with or without other people),"$20,000 or less",2037,540,156,375,540,276,96,24,21,2022,12
2023,13,Canterbury Region,Two-family household (with or without other people),"$20,000 or less",24,3,3,9,3,6,3,0,0,24,0
2023,13,Canterbury Region,Three or more family household (with or without other people),"$20,000 or less",0,0,0,0,0,0,0,0,0,0,0
2023,13,Canterbury Region,Other multi-person household,"$20,000 or less",336,81,21,45,54,48,30,21,24,327,6
2023,13,Canterbury Region,One-person household,"$20,000 or less",4176,2289,624,618,333,99,42,21,48,4071,105
2023,13,Canterbury Region,Total stated - household composition,"$20,000 or less",6570,2910,801,1044,933,429,168,63,93,6444,126
2023,13,Canterbury Region,Household composition unidentifiable,"$20,000 or less",6,0,0,0,0,0,0,0,0,6,0
2023,13,Canterbury Region,Total - household composition,"$20,001-$30,000",6519,2715,1008,1218,879,324,114,39,78,6375,144
2023,13,Canterbury Region,One-family household (with or without other people),"$20,001-$30,000",1668,465,120,345,468,195,48,9,3,1656,12
2023,13,Canterbury Region,Two-family household (with or without other people),"$20,001-$30,000",18,6,3,0,3,0,3,0,3,18,0
2023,13,Canterbury Region,Three or more family household (with or without other people),"$20,001-$30,000",0,0,0,0,0,0,0,0,0,0,0
2023,13,Canterbury Region,Other multi-person household,"$20,001-$30,000",354,69,21,36,72,45,48,15,42,351,3
2023,13,Canterbury Region,One-person household,"$20,001-$30,000",4476,2175,864,831,336,81,18,12,27,4350,126
2023,13,Canterbury Region,Total stated - household composition,"$20,001-$30,000",6519,2712,1008,1218,879,324,114,39,78,6372,144
2023,13,Canterbury Region,Household composition unidentifiable,"$20,001-$30,000",3,3,0,0,0,0,0,0,0,3,0
2023,13,Canterbury Region,Total - household composition,"$30,001-$50,000",9858,2067,1419,2568,2202,915,300,81,165,9717,138
2023,13,Canterbury Region,One-family household (with or without other people),"$30,001-$50,000",5139,1044,483,1215,1482,633,174,24,27,5079,63
2023,13,Canterbury Region,Two-family household (with or without other people),"$30,001-$50,000",48,15,0,6,12,3,3,0,3,48,0
2023,13,Canterbury Region,Three or more family household (with or without other people),"$30,001-$50,000",0,0,0,0,0,0,0,0,0,0,0
2023,13,Canterbury Region,Other multi-person household,"$30,001-$50,000",1017,201,78,171,183,135,87,42,111,1011,9
2023,13,Canterbury Region,One-person household,"$30,001-$50,000",3624,798,852,1173,519,147,30,15,21,3555,66
2023,13,Canterbury Region,Total stated - household composition,"$30,001-$50,000",9828,2055,1416,2568,2193,918,300,81,165,9693,135
2023,13,Canterbury Region,Household composition unidentifiable,"$30,001-$50,000",27,12,3,0,9,0,0,0,0,24,3
2023,13,Canterbury Region,Total - household composition,"$50,001-$70,000",9339,1350,1239,2466,2502,1110,318,120,165,9273,66
2023,13,Canterbury Region,One-family household (with or without other people),"$50,001-$70,000",5013,612,435,1251,1641,795,168,48,33,4980,33
2023,13,Canterbury Region,Two-family household (with or without other people),"$50,001-$70,000",78,18,6,12,15,15,12,3,3,78,0
2023,13,Canterbury Region,Three or more family household (with or without other people),"$50,001-$70,000",3,0,0,0,3,0,0,0,0,3,0
2023,13,Canterbury Region,Other multi-person household,"$50,001-$70,000",1095,183,87,168,237,147,90,54,117,1089,9
2023,13,Canterbury Region,One-person household,"$50,001-$70,000",3117,522,711,1035,603,153,45,15,12,3096,24
2023,13,Canterbury Region,Total stated - household composition,"$50,001-$70,000",9309,1338,1236,2463,2496,1110,315,120,165,9243,63
2023,13,Canterbury Region,Household composition unidentifiable,"$50,001-$70,000",30,12,3,3,9,3,3,0,0,27,3
2023,13,Canterbury Region,Total - household composition,"$70,001-$100,000",11721,1053,1188,2868,3792,1872,546,141,204,11661,57
2023,13,Canterbury Region,One-family household (with or without other people),"$70,001-$100,000",7944,636,705,1908,2793,1371,369,69,54,7902,39
2023,13,Canterbury Region,Two-family household (with or without other people),"$70,001-$100,000",177,30,6,36,45,42,15,3,3,177,3
2023,13,Canterbury Region,Three or more family household (with or without other people),"$70,001-$100,000",3,3,0,0,3,0,0,0,0,3,0
2023,13,Canterbury Region,Other multi-person household,"$70,001-$100,000",1611,165,129,309,405,282,105,63,144,1605,9
2023,13,Canterbury Region,One-person household,"$70,001-$100,000",1890,195,342,606,519,165,51,3,3,1884,6
2023,13,Canterbury Region,Total stated - household composition,"$70,001-$100,000",11628,1026,1179,2856,3762,1860,543,138,204,11571,57
2023,13,Canterbury Region,Household composition unidentifiable,"$70,001-$100,000",90,27,9,12,27,9,0,3,0,90,0
2023,13,Canterbury Region,Total - household composition,"$100,001-$150,000",13968,996,1107,2721,4551,2964,1107,237,225,13908,60
2023,13,Canterbury Region,One-family household (with or without other people),"$100,001-$150,000",10740,675,855,2217,3630,2271,813,150,90,10701,42
2023,13,Canterbury Region,Two-family household (with or without other people),"$100,001-$150,000",390,48,24,60,108,87,45,12,6,390,0
2023,13,Canterbury Region,Three or more family household (with or without other people),"$100,001-$150,000",9,0,0,0,0,0,0,0,0,9,0
2023,13,Canterbury Region,Other multi-person household,"$100,001-$150,000",2010,201,150,288,534,444,198,63,120,2001,9
2023,13,Canterbury Region,One-person household,"$100,001-$150,000",672,33,69,135,243,135,39,9,6,666,6
2023,13,Canterbury Region,Total stated - household composition,"$100,001-$150,000",13824,954,1098,2703,4515,2943,1095,234,225,13764,57
2023,13,Canterbury Region,Household composition unidentifiable,"$100,001-$150,000",144,42,9,21,39,21,12,0,3,144,3
2023,13,Canterbury Region,Total - household composition,"$150,001-$200,000",5790,288,345,711,1626,1608,822,222,150,5772,18
2023,13,Canterbury Region,One-family household (with or without other people),"$150,001-$200,000",4242,186,261,570,1242,1191,576,129,81,4233,12
2023,13,Canterbury Region,Two-family household (with or without other people),"$150,001-$200,000",360,21,15,33,96,93,63,24,15,360,0
2023,13,Canterbury Region,Three or more family household (with or without other people),"$150,001-$200,000",6,0,0,0,3,3,3,0,0,6,0
2023,13,Canterbury Region,Other multi-person household,"$150,001-$200,000",939,63,51,69,216,261,162,60,51,936,0
2023,13,Canterbury Region,One-person household,"$150,001-$200,000",153,6,12,21,45,42,15,6,6,153,0
2023,13,Canterbury Region,Total stated - household composition,"$150,001-$200,000",5703,276,339,693,1602,1590,819,219,150,5688,15
2023,13,Canterbury Region,Household composition unidentifiable,"$150,001-$200,000",90,9,6,18,24,18,6,3,3,87,3
2023,13,Canterbury Region,Total - household composition,"$200,001 or more",3756,207,186,339,714,972,705,300,309,3738,18
2023,13,Canterbury Region,One-family household (with or without other people),"$200,001 or more",2322,96,99,222,450,627,441,186,189,2310,9
2023,13,Canterbury Region,Two-family household (with or without other people),"$200,001 or more",522,27,36,51,114,135,93,33,33,522,0
2023,13,Canterbury Region,Three or more family household (with or without other people),"$200,001 or more",45,3,3,3,9,12,9,0,6,45,0
2023,13,Canterbury Region,Other multi-person household,"$200,001 or more",714,66,42,54,105,159,141,75,75,711,3
2023,13,Canterbury Region,One-person household,"$200,001 or more",87,6,6,6,15,30,15,3,9,87,0
2023,13,Canterbury Region,Total stated - household composition,"$200,001 or more",3690,198,186,330,693,963,699,300,309,3678,12
2023,13,Canterbury Region,Household composition unidentifiable,"$200,001 or more",63,9,0,9,21,12,6,0,3,60,6
2023,13,Canterbury Region,Total - household composition,Total stated - total household income,67518,11589,7293,13938,17202,10197,4080,1203,1389,66891,624
2023,13,Canterbury Region,One-family household (with or without other people),Total stated - total household income,39108,4251,3108,8103,12246,7353,2685,636,501,38883,225
2023,13,Canterbury Region,Two-family household (with or without other people),Total stated - total household income,1617,168,96,201,396,381,234,75,60,1614,6
2023,13,Canterbury Region,Three or more family household (with or without other people),Total stated - total household income,66,3,6,6,18,18,12,3,6,66,0
2023,13,Canterbury Region,Other multi-person household,Total stated - total household income,8076,1026,576,1146,1806,1527,864,396,684,8031,48
2023,13,Canterbury Region,One-person household,Total stated - total household income,18198,6024,3483,4425,2607,852,255,84,132,17865,333
2023,13,Canterbury Region,Total stated - household composition,Total stated - total household income,67068,11475,7266,13878,17076,10131,4053,1194,1383,66456,612
2023,13,Canterbury Region,Household composition unidentifiable,Total stated - total household income,450,111,27,63,126,63,27,9,6,438,12
2023,13,Canterbury Region,Total - household composition,Not stated,3321,861,402,630,744,360,138,39,75,3243,81
2023,13,Canterbury Region,One-family household (with or without other people),Not stated,0,0,0,0,0,0,0,0,0,0,0
2023,13,Canterbury Region,Two-family household (with or without other people),Not stated,0,0,0,0,0,0,0,0,0,0,0
2023,13,Canterbury Region,Three or more family household (with or without other people),Not stated,0,0,0,0,0,0,0,0,0,0,0
2023,13,Canterbury Region,Other multi-person household,Not stated,0,0,0,0,0,0,0,0,0,0,0
2023,13,Canterbury Region,One-person household,Not stated,0,0,0,0,0,0,0,0,0,0,0
2023,13,Canterbury Region,Total stated - household composition,Not stated,0,0,0,0,0,0,0,0,0,0,0
2023,13,Canterbury Region,Household composition unidentifiable,Not stated,3321,861,402,630,744,360,138,39,75,3243,81
2023,14,Otago Region,Total - household composition,Total - total household income,26337,4560,3300,4614,4611,3297,2121,1398,2199,26100,237
2023,14,Otago Region,One-family household (with or without other people),Total - total household income,13050,1311,1308,2523,3015,2106,1230,762,717,12972,81
2023,14,Otago Region,Two-family household (with or without other people),Total - total household income,579,39,33,66,93,93,75,63,114,579,0
2023,14,Otago Region,Three or more family household (with or without other people),Total - total household income,18,0,0,0,3,0,3,3,6,18,0
2023,14,Otago Region,Other multi-person household,Total - total household income,4791,633,387,426,558,624,558,417,1179,4779,12
2023,14,Otago Region,One-person household,Total - total household income,6693,2355,1410,1383,741,315,171,90,111,6573,117
2023,14,Otago Region,Total stated - household composition,Total - total household income,25131,4341,3138,4398,4404,3138,2037,1335,2124,24918,210
2023,14,Otago Region,Household composition unidentifiable,Total - total household income,1206,219,162,213,204,162,84,63,72,1179,24
2023,14,Otago Region,Total - household composition,"$20,000 or less",2391,858,372,387,282,162,102,60,132,2355,36
2023,14,Otago Region,One-family household (with or without other people),"$20,000 or less",582,135,54,126,129,66,36,15,15,576,6
2023,14,Otago Region,Two-family household (with or without other people),"$20,000 or less",6,0,0,3,3,0,0,0,0,6,0
2023,14,Otago Region,Three or more family household (with or without other people),"$20,000 or less",0,0,0,0,0,0,0,0,0,0,0
2023,14,Otago Region,Other multi-person household,"$20,000 or less",408,72,48,30,51,45,39,27,93,408,0
2023,14,Otago Region,One-person household,"$20,000 or less",1392,648,270,225,102,51,24,18,24,1362,30
2023,14,Otago Region,Total stated - household composition,"$20,000 or less",2391,858,372,387,282,162,102,60,132,2352,36
2023,14,Otago Region,Household composition unidentifiable,"$20,000 or less",0,0,0,0,0,0,0,0,0,0,0
2023,14,Otago Region,Total - household composition,"$20,001-$30,000",2733,1155,462,396,243,129,90,48,156,2679,54
2023,14,Otago Region,One-family household (with or without other people),"$20,001-$30,000",531,129,69,117,123,48,18,9,9,525,3
2023,14,Otago Region,Two-family household (with or without other people),"$20,001-$30,000",6,0,0,3,0,0,0,0,3,6,0
2023,14,Otago Region,Three or more family household (with or without other people),"$20,001-$30,000",0,0,0,0,0,0,0,0,0,0,0
2023,14,Otago Region,Other multi-person household,"$20,001-$30,000",435,81,30,24,33,51,54,33,123,432,0
2023,14,Otago Region,One-person household,"$20,001-$30,000",1761,942,360,252,87,30,15,6,15,1710,51
2023,14,Otago Region,Total stated - household composition,"$20,001-$30,000",2733,1152,462,396,243,129,90,48,156,2676,54
2023,14,Otago Region,Household composition unidentifiable,"$20,001-$30,000",0,0,0,0,0,0,0,0,0,0,0
2023,14,Otago Region,Total - household composition,"$30,001-$50,000",3876,831,693,828,618,273,156,102,318,3819,57
2023,14,Otago Region,One-family household (with or without other people),"$30,001-$50,000",1587,273,246,423,357,153,54,24,27,1563,27
2023,14,Otago Region,Two-family household (with or without other people),"$30,001-$50,000",9,3,0,3,0,0,0,0,0,9,0
2023,14,Otago Region,Three or more family household (with or without other people),"$30,001-$50,000",0,0,0,0,0,0,0,0,0,0,0
2023,14,Otago Region,Other multi-person household,"$30,001-$50,000",825,117,81,60,90,72,72,63,267,822,0
2023,14,Otago Region,One-person household,"$30,001-$50,000",1449,441,363,339,168,45,27,15,21,1419,30
2023,14,Otago Region,Total stated - household composition,"$30,001-$50,000",3867,831,690,825,618,273,156,102,318,3810,57
2023,14,Otago Region,Household composition unidentifiable,"$30,001-$50,000",6,0,0,0,3,0,0,0,0,6,0
2023,14,Otago Region,Total - household composition,"$50,001-$70,000",3339,549,465,771,657,369,183,105,225,3318,18
2023,14,Otago Region,One-family household (with or without other people),"$50,001-$70,000",1527,198,162,366,414,225,78,36,33,1515,12
2023,14,Otago Region,Two-family household (with or without other people),"$50,001-$70,000",24,3,0,3,3,9,3,3,3,24,0
2023,14,Otago Region,Three or more family household (with or without other people),"$50,001-$70,000",0,0,0,0,0,0,0,0,0,0,0
2023,14,Otago Region,Other multi-person household,"$50,001-$70,000",666,117,45,81,78,69,63,45,174,663,3
2023,14,Otago Region,One-person household,"$50,001-$70,000",1119,228,258,321,159,66,42,24,18,1116,3
2023,14,Otago Region,Total stated - household composition,"$50,001-$70,000",3333,549,465,771,651,369,183,105,225,3318,18
2023,14,Otago Region,Household composition unidentifiable,"$50,001-$70,000",3,0,0,0,3,0,0,0,0,3,0
2023,14,Otago Region,Total - household composition,"$70,001-$100,000",4119,405,477,915,990,585,309,174,246,4098,18
2023,14,Otago Region,One-family household (with or without other people),"$70,001-$100,000",2577,216,279,615,696,405,186,105,63,2568,9
2023,14,Otago Region,Two-family household (with or without other people),"$70,001-$100,000",57,9,6,9,12,6,12,3,3,57,0
2023,14,Otago Region,Three or more family household (with or without other people),"$70,001-$100,000",0,0,0,0,0,0,0,0,0,0,0
2023,14,Otago Region,Other multi-person household,"$70,001-$100,000",798,93,63,96,132,105,84,54,168,795,3
2023,14,Otago Region,One-person household,"$70,001-$100,000",669,81,123,189,153,66,30,12,12,663,0
2023,14,Otago Region,Total stated - household composition,"$70,001-$100,000",4101,399,471,909,990,585,309,171,246,4083,18
2023,14,Otago Region,Household composition unidentifiable,"$70,001-$100,000",18,3,6,6,3,0,0,0,0,18,0
2023,14,Otago Region,Total - household composition,"$100,001-$150,000",4821,366,468,780,1116,963,540,279,294,4806,15
2023,14,Otago Region,One-family household (with or without other people),"$100,001-$150,000",3618,252,357,624,912,738,387,198,141,3609,9
2023,14,Otago Region,Two-family household (with or without other people),"$100,001-$150,000",120,6,9,18,27,27,18,3,6,120,0
2023,14,Otago Region,Three or more family household (with or without other people),"$100,001-$150,000",3,0,0,0,0,0,0,0,0,3,0
2023,14,Otago Region,Other multi-person household,"$100,001-$150,000",828,87,69,90,108,153,108,66,138,825,3
2023,14,Otago Region,One-person household,"$100,001-$150,000",222,12,30,42,66,33,24,12,6,222,0
2023,14,Otago Region,Total stated - household composition,"$100,001-$150,000",4791,363,465,774,1110,954,537,279,291,4779,15
2023,14,Otago Region,Household composition unidentifiable,"$100,001-$150,000",30,3,3,3,9,9,0,3,0,30,0
2023,14,Otago Region,Total - household composition,"$150,001-$200,000",2193,126,141,231,345,438,372,267,267,2190,3
2023,14,Otago Region,One-family household (with or without other people),"$150,001-$200,000",1551,78,99,171,276,315,273,174,162,1545,3
2023,14,Otago Region,Two-family household (with or without other people),"$150,001-$200,000",123,9,9,15,24,18,12,21,15,123,0
2023,14,Otago Region,Three or more family household (with or without other people),"$150,001-$200,000",3,0,0,0,0,0,0,0,0,3,0
2023,14,Otago Region,Other multi-person household,"$150,001-$200,000",447,39,27,30,42,84,72,63,87,447,0
2023,14,Otago Region,One-person household,"$150,001-$200,000",51,3,6,6,6,18,6,6,3,51,0
2023,14,Otago Region,Total stated - household composition,"$150,001-$200,000",2172,126,141,225,342,432,369,264,267,2169,3
2023,14,Otago Region,Household composition unidentifiable,"$150,001-$200,000",21,0,0,6,0,6,3,3,0,21,0
2023,14,Otago Region,Total - household composition,"$200,001 or more",1761,63,72,117,168,231,291,309,498,1752,9
2023,14,Otago Region,One-family household (with or without other people),"$200,001 or more",1080,27,39,81,111,150,192,198,273,1071,9
2023,14,Otago Region,Two-family household (with or without other people),"$200,001 or more",231,9,9,15,24,30,27,36,78,231,0
2023,14,Otago Region,Three or more family household (with or without other people),"$200,001 or more",15,0,0,0,0,0,3,0,6,15,0
2023,14,Otago Region,Other multi-person household,"$200,001 or more",384,24,24,9,24,42,66,69,135,387,0
2023,14,Otago Region,One-person household,"$200,001 or more",30,3,3,3,6,6,3,3,6,30,0
2023,14,Otago Region,Total stated - household composition,"$200,001 or more",1740,63,72,111,168,231,291,306,495,1734,9
2023,14,Otago Region,Household composition unidentifiable,"$200,001 or more",18,0,3,6,3,0,3,3,3,18,0
2023,14,Otago Region,Total - household composition,Total stated - total household income,25230,4350,3150,4419,4425,3153,2046,1347,2127,25017,213
2023,14,Otago Region,One-family household (with or without other people),Total stated - total household income,13050,1311,1308,2523,3015,2106,1230,762,717,12972,81
2023,14,Otago Region,Two-family household (with or without other people),Total stated - total household income,579,39,33,66,93,93,75,63,114,579,0
2023,14,Otago Region,Three or more family household (with or without other people),Total stated - total household income,18,0,0,0,3,0,3,3,6,18,0
2023,14,Otago Region,Other multi-person household,Total stated - total household income,4791,633,387,426,558,624,558,417,1179,4779,12
2023,14,Otago Region,One-person household,Total stated - total household income,6693,2355,1410,1383,741,315,171,90,111,6573,117
2023,14,Otago Region,Total stated - household composition,Total stated - total household income,25131,4341,3138,4398,4404,3138,2037,1335,2124,24918,210
2023,14,Otago Region,Household composition unidentifiable,Total stated - total household income,99,9,15,21,18,15,9,9,3,96,0
2023,14,Otago Region,Total - household composition,Not stated,1107,210,150,192,186,144,78,54,72,1083,24
2023,14,Otago Region,One-family household (with or without other people),Not stated,0,0,0,0,0,0,0,0,0,0,0
2023,14,Otago Region,Two-family household (with or without other people),Not stated,0,0,0,0,0,0,0,0,0,0,0
2023,14,Otago Region,Three or more family household (with or without other people),Not stated,0,0,0,0,0,0,0,0,0,0,0
2023,14,Otago Region,Other multi-person household,Not stated,0,0,0,0,0,0,0,0,0,0,0
2023,14,Otago Region,One-person household,Not stated,0,0,0,0,0,0,0,0,0,0,0
2023,14,Otago Region,Total stated - household composition,Not stated,0,0,0,0,0,0,0,0,0,0,0
2023,14,Otago Region,Household composition unidentifiable,Not stated,1107,210,150,192,186,144,78,54,72,1083,24
2023,15,Southland Region,Total - household composition,Total - total household income,10236,2445,2457,2844,1827,342,75,15,48,10056,180
2023,15,Southland Region,One-family household (with or without other people),Total - total household income,5418,933,1146,1704,1263,249,39,6,18,5361,54
2023,15,Southland Region,Two-family household (with or without other people),Total - total household income,156,21,24,45,45,12,6,0,3,156,0
2023,15,Southland Region,Three or more family household (with or without other people),Total - total household income,6,3,0,3,0,0,0,0,0,6,0
2023,15,Southland Region,Other multi-person household,Total - total household income,861,216,162,234,180,33,15,6,9,855,9
2023,15,Southland Region,One-person household,Total - total household income,3072,1077,951,687,210,30,3,3,18,2979,93
2023,15,Southland Region,Total stated - household composition,Total - total household income,9516,2250,2289,2673,1698,324,66,12,45,9357,159
2023,15,Southland Region,Household composition unidentifiable,Total - total household income,720,192,171,171,129,21,9,0,3,699,21
2023,15,Southland Region,Total - household composition,"$20,000 or less",951,264,249,276,102,21,3,0,6,924,30
2023,15,Southland Region,One-family household (with or without other people),"$20,000 or less",333,48,69,132,63,18,0,0,0,330,3
2023,15,Southland Region,Two-family household (with or without other people),"$20,000 or less",6,0,0,0,3,0,0,0,0,6,0
2023,15,Southland Region,Three or more family household (with or without other people),"$20,000 or less",0,0,0,0,0,0,0,0,0,0,0
2023,15,Southland Region,Other multi-person household,"$20,000 or less",45,15,6,12,9,0,0,0,0,45,0
2023,15,Southland Region,One-person household,"$20,000 or less",567,204,177,132,24,3,3,0,6,543,24
2023,15,Southland Region,Total stated - household composition,"$20,000 or less",951,264,249,276,102,21,3,0,6,924,30
2023,15,Southland Region,Household composition unidentifiable,"$20,000 or less",0,0,0,0,0,0,0,0,0,0,0
2023,15,Southland Region,Total - household composition,"$20,001-$30,000",1050,372,285,213,117,15,3,0,3,1011,42
2023,15,Southland Region,One-family household (with or without other people),"$20,001-$30,000",270,36,48,96,75,6,3,0,0,264,6
2023,15,Southland Region,Two-family household (with or without other people),"$20,001-$30,000",3,0,0,0,0,0,0,0,0,3,0
2023,15,Southland Region,Three or more family household (with or without other people),"$20,001-$30,000",0,0,0,0,0,0,0,0,0,0,0
2023,15,Southland Region,Other multi-person household,"$20,001-$30,000",30,15,6,6,6,0,0,0,0,27,0
2023,15,Southland Region,One-person household,"$20,001-$30,000",747,321,231,114,36,6,3,0,3,714,33
2023,15,Southland Region,Total stated - household composition,"$20,001-$30,000",1050,372,285,213,117,15,3,0,3,1011,42
2023,15,Southland Region,Household composition unidentifiable,"$20,001-$30,000",0,0,0,0,0,0,0,0,0,0,0
2023,15,Southland Region,Total - household composition,"$30,001-$50,000",1512,309,384,504,237,27,6,3,9,1485,30
2023,15,Southland Region,One-family household (with or without other people),"$30,001-$50,000",762,114,150,288,174,24,3,0,3,753,9
2023,15,Southland Region,Two-family household (with or without other people),"$30,001-$50,000",9,0,3,3,3,0,0,0,0,9,0
2023,15,Southland Region,Three or more family household (with or without other people),"$30,001-$50,000",0,0,0,0,0,0,0,0,0,0,0
2023,15,Southland Region,Other multi-person household,"$30,001-$50,000",111,24,21,33,21,3,3,3,0,108,3
2023,15,Southland Region,One-person household,"$30,001-$50,000",630,177,207,177,39,3,0,3,6,612,18
2023,15,Southland Region,Total stated - household composition,"$30,001-$50,000",1512,309,384,504,237,27,6,3,9,1482,30
2023,15,Southland Region,Household composition unidentifiable,"$30,001-$50,000",0,0,0,0,0,0,0,0,0,0,0
2023,15,Southland Region,Total - household composition,"$50,001-$70,000",1614,432,426,444,243,33,6,0,3,1593,21
2023,15,Southland Region,One-family household (with or without other people),"$50,001-$70,000",801,147,174,270,168,21,0,0,3,789,12
2023,15,Southland Region,Two-family household (with or without other people),"$50,001-$70,000",12,3,3,3,3,3,0,0,0,12,0
2023,15,Southland Region,Three or more family household (with or without other people),"$50,001-$70,000",0,0,0,0,0,0,0,0,0,0,0
2023,15,Southland Region,Other multi-person household,"$50,001-$70,000",120,30,33,30,21,6,0,0,3,120,0
2023,15,Southland Region,One-person household,"$50,001-$70,000",672,255,216,138,51,6,0,0,0,663,9
2023,15,Southland Region,Total stated - household composition,"$50,001-$70,000",1608,432,426,441,243,33,6,0,3,1587,21
2023,15,Southland Region,Household composition unidentifiable,"$50,001-$70,000",6,0,3,3,0,0,0,0,0,6,0
2023,15,Southland Region,Total - household composition,"$70,001-$100,000",1749,384,408,531,333,57,6,0,6,1725,21
2023,15,Southland Region,One-family household (with or without other people),"$70,001-$100,000",1152,222,258,366,246,42,3,0,3,1140,12
2023,15,Southland Region,Two-family household (with or without other people),"$70,001-$100,000",30,6,6,6,9,0,0,0,0,30,0
2023,15,Southland Region,Three or more family household (with or without other people),"$70,001-$100,000",0,0,0,0,0,0,0,0,0,0,0
2023,15,Southland Region,Other multi-person household,"$70,001-$100,000",189,48,39,60,36,6,0,0,3,189,0
2023,15,Southland Region,One-person household,"$70,001-$100,000",366,108,102,99,42,3,0,0,3,354,9
2023,15,Southland Region,Total stated - household composition,"$70,001-$100,000",1734,381,405,528,330,57,6,0,6,1713,21
2023,15,Southland Region,Household composition unidentifiable,"$70,001-$100,000",15,3,0,3,0,0,0,0,0,15,0
2023,15,Southland Region,Total - household composition,"$100,001-$150,000",1830,348,384,510,462,90,18,3,6,1821,9
2023,15,Southland Region,One-family household (with or without other people),"$100,001-$150,000",1443,261,312,399,378,69,15,3,3,1434,9
2023,15,Southland Region,Two-family household (with or without other people),"$100,001-$150,000",48,3,9,18,9,6,3,0,3,48,0
2023,15,Southland Region,Three or more family household (with or without other people),"$100,001-$150,000",0,0,0,0,0,0,0,0,0,0,0
2023,15,Southland Region,Other multi-person household,"$100,001-$150,000",240,63,42,66,54,9,3,0,3,240,0
2023,15,Southland Region,One-person household,"$100,001-$150,000",69,12,15,21,15,6,0,0,0,69,0
2023,15,Southland Region,Total stated - household composition,"$100,001-$150,000",1800,339,381,501,456,90,18,3,6,1791,9
2023,15,Southland Region,Household composition unidentifiable,"$100,001-$150,000",30,9,3,9,9,0,0,0,0,30,0
2023,15,Southland Region,Total - household composition,"$150,001-$200,000",570,102,111,153,141,45,12,0,3,567,6
2023,15,Southland Region,One-family household (with or without other people),"$150,001-$200,000",447,81,90,123,105,36,9,0,0,444,3
2023,15,Southland Region,Two-family household (with or without other people),"$150,001-$200,000",18,3,3,6,3,3,0,0,0,18,0
2023,15,Southland Region,Three or more family household (with or without other people),"$150,001-$200,000",0,0,0,0,0,0,0,0,0,0,0
2023,15,Southland Region,Other multi-person household,"$150,001-$200,000",81,12,12,18,21,6,3,0,3,81,0
2023,15,Southland Region,One-person household,"$150,001-$200,000",12,0,0,6,3,3,0,0,0,12,0
2023,15,Southland Region,Total stated - household composition,"$150,001-$200,000",558,99,108,150,135,45,12,0,3,555,3
2023,15,Southland Region,Household composition unidentifiable,"$150,001-$200,000",15,0,3,3,3,0,0,0,0,12,0
2023,15,Southland Region,Total - household composition,"$200,001 or more",312,54,48,63,78,36,15,6,3,306,3
2023,15,Southland Region,One-family household (with or without other people),"$200,001 or more",207,30,42,36,54,30,12,0,3,207,0
2023,15,Southland Region,Two-family household (with or without other people),"$200,001 or more",33,9,3,9,9,0,3,0,0,33,0
2023,15,Southland Region,Three or more family household (with or without other people),"$200,001 or more",3,3,0,3,0,0,0,0,0,3,0
2023,15,Southland Region,Other multi-person household,"$200,001 or more",48,12,3,12,12,3,3,3,0,48,3
2023,15,Southland Region,One-person household,"$200,001 or more",12,0,0,6,3,0,0,3,0,12,0
2023,15,Southland Region,Total stated - household composition,"$200,001 or more",303,54,48,60,75,36,15,6,3,297,6
2023,15,Southland Region,Household composition unidentifiable,"$200,001 or more",9,3,3,3,3,0,0,0,0,6,0
2023,15,Southland Region,Total - household composition,Total stated - total household income,9588,2271,2301,2694,1716,327,69,12,45,9426,159
2023,15,Southland Region,One-family household (with or without other people),Total stated - total household income,5418,933,1146,1704,1263,249,39,6,18,5361,54
2023,15,Southland Region,Two-family household (with or without other people),Total stated - total household income,156,21,24,45,45,12,6,0,3,156,0
2023,15,Southland Region,Three or more family household (with or without other people),Total stated - total household income,6,3,0,3,0,0,0,0,0,6,0
2023,15,Southland Region,Other multi-person household,Total stated - total household income,861,216,162,234,180,33,15,6,9,855,9
2023,15,Southland Region,One-person household,Total stated - total household income,3072,1077,951,687,210,30,3,3,18,2979,93
2023,15,Southland Region,Total stated - household composition,Total stated - total household income,9516,2250,2289,2673,1698,324,66,12,45,9357,159
2023,15,Southland Region,Household composition unidentifiable,Total stated - total household income,72,21,12,18,18,3,0,0,0,72,3
2023,15,Southland Region,Total - household composition,Not stated,645,174,159,153,111,18,6,0,3,627,21
2023,15,Southland Region,One-family household (with or without other people),Not stated,0,0,0,0,0,0,0,0,0,0,0
2023,15,Southland Region,Two-family household (with or without other people),Not stated,0,0,0,0,0,0,0,0,0,0,0
2023,15,Southland Region,Three or more family household (with or without other people),Not stated,0,0,0,0,0,0,0,0,0,0,0
2023,15,Southland Region,Other multi-person household,Not stated,0,0,0,0,0,0,0,0,0,0,0
2023,15,Southland Region,One-person household,Not stated,0,0,0,0,0,0,0,0,0,0,0
2023,15,Southland Region,Total stated - household composition,Not stated,0,0,0,0,0,0,0,0,0,0,0
2023,15,Southland Region,Household composition unidentifiable,Not stated,645,174,159,153,111,18,6,0,3,627,21
2023,99,Area Outside Region,Total - household composition,Total - total household income,69,39,12,3,6,3,3,0,0,66,3
2023,99,Area Outside Region,One-family household (with or without other people),Total - total household income,30,12,9,c..,6,c..,c..,c..,c..,33,c..
2023,99,Area Outside Region,Two-family household (with or without other people),Total - total household income,6,c..,c..,c..,c..,c..,c..,c..,c..,c..,c..
2023,99,Area Outside Region,Three or more family household (with or without other people),Total - total household income,0,c..,c..,c..,c..,c..,c..,c..,c..,c..,c..
2023,99,Area Outside Region,Other multi-person household,Total - total household income,6,c..,c..,c..,c..,c..,c..,c..,c..,c..,c..
2023,99,Area Outside Region,One-person household,Total - total household income,21,15,c..,c..,c..,c..,c..,c..,c..,21,c..
2023,99,Area Outside Region,Total stated - household composition,Total - total household income,60,36,12,c..,6,c..,c..,c..,c..,60,c..
2023,99,Area Outside Region,Household composition unidentifiable,Total - total household income,6,c..,c..,c..,c..,c..,c..,c..,c..,6,c..
2023,99,Area Outside Region,Total - household composition,"$20,000 or less",0,c..,c..,c..,c..,c..,c..,c..,c..,c..,c..
2023,99,Area Outside Region,One-family household (with or without other people),"$20,000 or less",c..,c..,c..,c..,c..,c..,c..,c..,c..,c..,c..
2023,99,Area Outside Region,Two-family household (with or without other people),"$20,000 or less",c..,c..,c..,c..,c..,c..,c..,c..,c..,c..,c..
2023,99,Area Outside Region,Three or more family household (with or without other people),"$20,000 or less",c..,c..,c..,c..,c..,c..,c..,c..,c..,c..,c..
2023,99,Area Outside Region,Other multi-person household,"$20,000 or less",c..,c..,c..,c..,c..,c..,c..,c..,c..,c..,c..
2023,99,Area Outside Region,One-person household,"$20,000 or less",c..,c..,c..,c..,c..,c..,c..,c..,c..,c..,c..
2023,99,Area Outside Region,Total stated - household composition,"$20,000 or less",c..,c..,c..,c..,c..,c..,c..,c..,c..,c..,c..
2023,99,Area Outside Region,Household composition unidentifiable,"$20,000 or less",c..,c..,c..,c..,c..,c..,c..,c..,c..,c..,c..
2023,99,Area Outside Region,Total - household composition,"$20,001-$30,000",9,c..,c..,c..,c..,c..,c..,c..,c..,9,c..
2023,99,Area Outside Region,One-family household (with or without other people),"$20,001-$30,000",c..,c..,c..,c..,c..,c..,c..,c..,c..,c..,c..
2023,99,Area Outside Region,Two-family household (with or without other people),"$20,001-$30,000",c..,c..,c..,c..,c..,c..,c..,c..,c..,c..,c..
2023,99,Area Outside Region,Three or more family household (with or without other people),"$20,001-$30,000",c..,c..,c..,c..,c..,c..,c..,c..,c..,c..,c..
2023,99,Area Outside Region,Other multi-person household,"$20,001-$30,000",c..,c..,c..,c..,c..,c..,c..,c..,c..,c..,c..
2023,99,Area Outside Region,One-person household,"$20,001-$30,000",c..,c..,c..,c..,c..,c..,c..,c..,c..,c..,c..
2023,99,Area Outside Region,Total stated - household composition,"$20,001-$30,000",9,c..,c..,c..,c..,c..,c..,c..,c..,9,c..
2023,99,Area Outside Region,Household composition unidentifiable,"$20,001-$30,000",c..,c..,c..,c..,c..,c..,c..,c..,c..,c..,c..
2023,99,Area Outside Region,Total - household composition,"$30,001-$50,000",6,c..,c..,c..,c..,c..,c..,c..,c..,6,c..
2023,99,Area Outside Region,One-family household (with or without other people),"$30,001-$50,000",c..,c..,c..,c..,c..,c..,c..,c..,c..,c..,c..
2023,99,Area Outside Region,Two-family household (with or without other people),"$30,001-$50,000",c..,c..,c..,c..,c..,c..,c..,c..,c..,c..,c..
2023,99,Area Outside Region,Three or more family household (with or without other people),"$30,001-$50,000",c..,c..,c..,c..,c..,c..,c..,c..,c..,c..,c..
2023,99,Area Outside Region,Other multi-person household,"$30,001-$50,000",c..,c..,c..,c..,c..,c..,c..,c..,c..,c..,c..
2023,99,Area Outside Region,One-person household,"$30,001-$50,000",c..,c..,c..,c..,c..,c..,c..,c..,c..,c..,c..
2023,99,Area Outside Region,Total stated - household composition,"$30,001-$50,000",6,c..,c..,c..,c..,c..,c..,c..,c..,6,c..
2023,99,Area Outside Region,Household composition unidentifiable,"$30,001-$50,000",c..,c..,c..,c..,c..,c..,c..,c..,c..,c..,c..
2023,99,Area Outside Region,Total - household composition,"$50,001-$70,000",9,c..,c..,c..,c..,c..,c..,c..,c..,9,c..
2023,99,Area Outside Region,One-family household (with or without other people),"$50,001-$70,000",c..,c..,c..,c..,c..,c..,c..,c..,c..,c..,c..
2023,99,Area Outside Region,Two-family household (with or without other people),"$50,001-$70,000",c..,c..,c..,c..,c..,c..,c..,c..,c..,c..,c..
2023,99,Area Outside Region,Three or more family household (with or without other people),"$50,001-$70,000",c..,c..,c..,c..,c..,c..,c..,c..,c..,c..,c..
2023,99,Area Outside Region,Other multi-person household,"$50,001-$70,000",c..,c..,c..,c..,c..,c..,c..,c..,c..,c..,c..
2023,99,Area Outside Region,One-person household,"$50,001-$70,000",c..,c..,c..,c..,c..,c..,c..,c..,c..,c..,c..
2023,99,Area Outside Region,Total stated - household composition,"$50,001-$70,000",9,c..,c..,c..,c..,c..,c..,c..,c..,9,c..
2023,99,Area Outside Region,Household composition unidentifiable,"$50,001-$70,000",c..,c..,c..,c..,c..,c..,c..,c..,c..,c..,c..
2023,99,Area Outside Region,Total - household composition,"$70,001-$100,000",9,c..,c..,c..,c..,c..,c..,c..,c..,9,c..
2023,99,Area Outside Region,One-family household (with or without other people),"$70,001-$100,000",9,c..,c..,c..,c..,c..,c..,c..,c..,9,c..
2023,99,Area Outside Region,Two-family household (with or without other people),"$70,001-$100,000",c..,c..,c..,c..,c..,c..,c..,c..,c..,c..,c..
2023,99,Area Outside Region,Three or more family household (with or without other people),"$70,001-$100,000",c..,c..,c..,c..,c..,c..,c..,c..,c..,c..,c..
2023,99,Area Outside Region,Other multi-person household,"$70,001-$100,000",c..,c..,c..,c..,c..,c..,c..,c..,c..,c..,c..
2023,99,Area Outside Region,One-person household,"$70,001-$100,000",c..,c..,c..,c..,c..,c..,c..,c..,c..,c..,c..
2023,99,Area Outside Region,Total stated - household composition,"$70,001-$100,000",9,c..,c..,c..,c..,c..,c..,c..,c..,9,c..
2023,99,Area Outside Region,Household composition unidentifiable,"$70,001-$100,000",c..,c..,c..,c..,c..,c..,c..,c..,c..,c..,c..
2023,99,Area Outside Region,Total - household composition,"$100,001-$150,000",12,6,c..,c..,c..,c..,c..,c..,c..,12,c..
2023,99,Area Outside Region,One-family household (with or without other people),"$100,001-$150,000",6,c..,c..,c..,c..,c..,c..,c..,c..,6,c..
2023,99,Area Outside Region,Two-family household (with or without other people),"$100,001-$150,000",c..,c..,c..,c..,c..,c..,c..,c..,c..,c..,c..
2023,99,Area Outside Region,Three or more family household (with or without other people),"$100,001-$150,000",c..,c..,c..,c..,c..,c..,c..,c..,c..,c..,c..
2023,99,Area Outside Region,Other multi-person household,"$100,001-$150,000",c..,c..,c..,c..,c..,c..,c..,c..,c..,c..,c..
2023,99,Area Outside Region,One-person household,"$100,001-$150,000",c..,c..,c..,c..,c..,c..,c..,c..,c..,c..,c..
2023,99,Area Outside Region,Total stated - household composition,"$100,001-$150,000",12,6,c..,c..,c..,c..,c..,c..,c..,12,c..
2023,99,Area Outside Region,Household composition unidentifiable,"$100,001-$150,000",c..,c..,c..,c..,c..,c..,c..,c..,c..,c..,c..
2023,99,Area Outside Region,Total - household composition,"$150,001-$200,000",9,c..,c..,c..,c..,c..,c..,c..,c..,9,c..
2023,99,Area Outside Region,One-family household (with or without other people),"$150,001-$200,000",c..,c..,c..,c..,c..,c..,c..,c..,c..,c..,c..
2023,99,Area Outside Region,Two-family household (with or without other people),"$150,001-$200,000",c..,c..,c..,c..,c..,c..,c..,c..,c..,c..,c..
2023,99,Area Outside Region,Three or more family household (with or without other people),"$150,001-$200,000",c..,c..,c..,c..,c..,c..,c..,c..,c..,c..,c..
2023,99,Area Outside Region,Other multi-person household,"$150,001-$200,000",c..,c..,c..,c..,c..,c..,c..,c..,c..,c..,c..
2023,99,Area Outside Region,One-person household,"$150,001-$200,000",c..,c..,c..,c..,c..,c..,c..,c..,c..,c..,c..
2023,99,Area Outside Region,Total stated - household composition,"$150,001-$200,000",9,c..,c..,c..,c..,c..,c..,c..,c..,9,c..
2023,99,Area Outside Region,Household composition unidentifiable,"$150,001-$200,000",c..,c..,c..,c..,c..,c..,c..,c..,c..,c..,c..
2023,99,Area Outside Region,Total - household composition,"$200,001 or more",6,6,c..,c..,c..,c..,c..,c..,c..,6,c..
2023,99,Area Outside Region,One-family household (with or without other people),"$200,001 or more",c..,c..,c..,c..,c..,c..,c..,c..,c..,c..,c..
2023,99,Area Outside Region,Two-family household (with or without other people),"$200,001 or more",c..,c..,c..,c..,c..,c..,c..,c..,c..,c..,c..
2023,99,Area Outside Region,Three or more family household (with or without other people),"$200,001 or more",c..,c..,c..,c..,c..,c..,c..,c..,c..,c..,c..
2023,99,Area Outside Region,Other multi-person household,"$200,001 or more",c..,c..,c..,c..,c..,c..,c..,c..,c..,c..,c..
2023,99,Area Outside Region,One-person household,"$200,001 or more",c..,c..,c..,c..,c..,c..,c..,c..,c..,c..,c..
2023,99,Area Outside Region,Total stated - household composition,"$200,001 or more",6,6,c..,c..,c..,c..,c..,c..,c..,6,c..
2023,99,Area Outside Region,Household composition unidentifiable,"$200,001 or more",c..,c..,c..,c..,c..,c..,c..,c..,c..,c..,c..
2023,99,Area Outside Region,Total - household composition,Total stated - total household income,63,36,12,c..,6,c..,c..,c..,c..,60,c..
2023,99,Area Outside Region,One-family household (with or without other people),Total stated - total household income,30,12,9,c..,6,c..,c..,c..,c..,33,c..
2023,99,Area Outside Region,Two-family household (with or without other people),Total stated - total household income,c..,c..,c..,c..,c..,c..,c..,c..,c..,c..,c..
2023,99,Area Outside Region,Three or more family household (with or without other people),Total stated - total household income,c..,c..,c..,c..,c..,c..,c..,c..,c..,c..,c..
2023,99,Area Outside Region,Other multi-person household,Total stated - total household income,c..,c..,c..,c..,c..,c..,c..,c..,c..,c..,c..
2023,99,Area Outside Region,One-person household,Total stated - total household income,21,15,c..,c..,c..,c..,c..,c..,c..,21,c..
2023,99,Area Outside Region,Total stated - household composition,Total stated - total household income,60,36,12,c..,6,c..,c..,c..,c..,60,c..
2023,99,Area Outside Region,Household composition unidentifiable,Total stated - total household income,c..,c..,c..,c..,c..,c..,c..,c..,c..,c..,c..
2023,99,Area Outside Region,Total - household composition,Not stated,3,c..,c..,c..,c..,c..,c..,c..,c..,c..,c..
2023,99,Area Outside Region,One-family household (with or without other people),Not stated,c..,c..,c..,c..,c..,c..,c..,c..,c..,c..,c..
2023,99,Area Outside Region,Two-family household (with or without other people),Not stated,c..,c..,c..,c..,c..,c..,c..,c..,c..,c..,c..
2023,99,Area Outside Region,Three or more family household (with or without other people),Not stated,c..,c..,c..,c..,c..,c..,c..,c..,c..,c..,c..
2023,99,Area Outside Region,Other multi-person household,Not stated,c..,c..,c..,c..,c..,c..,c..,c..,c..,c..,c..
2023,99,Area Outside Region,One-person household,Not stated,c..,c..,c..,c..,c..,c..,c..,c..,c..,c..,c..
2023,99,Area Outside Region,Total stated - household composition,Not stated,c..,c..,c..,c..,c..,c..,c..,c..,c..,c..,c..
2023,99,Area Outside Region,Household composition unidentifiable,Not stated,c..,c..,c..,c..,c..,c..,c..,c..,c..,c..,c..
