STRUCTURE,STRUCTURE_ID,STRUCTURE_NAME,ACTION,CEN23_YEAR_001,Census year,CEN23_GEO_013,Area,CEN23_WRD_003,Weekly rent paid by household,CEN23_TIH_001,Total household income,CEN23_HOH_002,Household composition,OBS_VALUE,Observation Value,OBS_STATUS,Observation Status
DATAFLOW,STATSNZ:CEN23_HOU_022(1.0),"Weekly rent paid by household, total household income, and household composition for households in rented occupied private dwellings, (RC, TALB, SA2, Health), 2013, 2018, and 2023 Censuses",I,2023,2023,99,Area Outside Region,03,$300 - $399,99,Total - total household income,2,Two-family household (with or without other people),,,c,Confidential
DATAFLOW,STATSNZ:CEN23_HOU_022(1.0),"Weekly rent paid by household, total household income, and household composition for households in rented occupied private dwellings, (RC, TALB, SA2, Health), 2013, 2018, and 2023 Censuses",I,2023,2023,05,Gisborne Region,777,Total stated - weekly rent paid by household,99,Total - total household income,1,One-family household (with or without other people),3198,,,
DATAFLOW,STATSNZ:CEN23_HOU_022(1.0),"Weekly rent paid by household, total household income, and household composition for households in rented occupied private dwellings, (RC, TALB, SA2, Health), 2013, 2018, and 2023 Censuses",I,2023,2023,18,Marlborough Region,04,$400 - $499,99,Total - total household income,3,Three or more family household (with or without other people),0,,,
DATAFLOW,STATSNZ:CEN23_HOU_022(1.0),"Weekly rent paid by household, total household income, and household composition for households in rented occupied private dwellings, (RC, TALB, SA2, Health), 2013, 2018, and 2023 Censuses",I,2023,2023,14,Otago Region,02,$200 - $299,99,Total - total household income,3,Three or more family household (with or without other people),0,,,
DATAFLOW,STATSNZ:CEN23_HOU_022(1.0),"Weekly rent paid by household, total household income, and household composition for households in rented occupied private dwellings, (RC, TALB, SA2, Health), 2013, 2018, and 2023 Censuses",I,2023,2023,05,Gisborne Region,08,$800 and over,99,Total - total household income,2,Two-family household (with or without other people),6,,,
DATAFLOW,STATSNZ:CEN23_HOU_022(1.0),"Weekly rent paid by household, total household income, and household composition for households in rented occupied private dwellings, (RC, TALB, SA2, Health), 2013, 2018, and 2023 Censuses",I,2023,2023,03,Waikato Region,03,$300 - $399,99,Total - total household income,99,Total - household composition,9795,,,
DATAFLOW,STATSNZ:CEN23_HOU_022(1.0),"Weekly rent paid by household, total household income, and household composition for households in rented occupied private dwellings, (RC, TALB, SA2, Health), 2013, 2018, and 2023 Censuses",I,2023,2023,05,Gisborne Region,08,$800 and over,99,Total - total household income,77,Total stated - household composition,72,,,
DATAFLOW,STATSNZ:CEN23_HOU_022(1.0),"Weekly rent paid by household, total household income, and household composition for households in rented occupied private dwellings, (RC, TALB, SA2, Health), 2013, 2018, and 2023 Censuses",I,2023,2023,02,Auckland Region,01,Under $200,99,Total - total household income,5,One-person household,8322,,,
DATAFLOW,STATSNZ:CEN23_HOU_022(1.0),"Weekly rent paid by household, total household income, and household composition for households in rented occupied private dwellings, (RC, TALB, SA2, Health), 2013, 2018, and 2023 Censuses",I,2023,2023,18,Marlborough Region,777,Total stated - weekly rent paid by household,99,Total - total household income,6,Household composition unidentifiable,249,,,
DATAFLOW,STATSNZ:CEN23_HOU_022(1.0),"Weekly rent paid by household, total household income, and household composition for households in rented occupied private dwellings, (RC, TALB, SA2, Health), 2013, 2018, and 2023 Censuses",I,2023,2023,02,Auckland Region,08,$800 and over,99,Total - total household income,4,Other multi-person household,4185,,,
DATAFLOW,STATSNZ:CEN23_HOU_022(1.0),"Weekly rent paid by household, total household income, and household composition for households in rented occupied private dwellings, (RC, TALB, SA2, Health), 2013, 2018, and 2023 Censuses",I,2023,2023,07,Taranaki Region,05,$500 - $599,99,Total - total household income,99,Total - household composition,1425,,,
DATAFLOW,STATSNZ:CEN23_HOU_022(1.0),"Weekly rent paid by household, total household income, and household composition for households in rented occupied private dwellings, (RC, TALB, SA2, Health), 2013, 2018, and 2023 Censuses",I,2023,2023,03,Waikato Region,01,Under $200,99,Total - total household income,99,Total - household composition,8184,,,
DATAFLOW,STATSNZ:CEN23_HOU_022(1.0),"Weekly rent paid by household, total household income, and household composition for households in rented occupied private dwellings, (RC, TALB, SA2, Health), 2013, 2018, and 2023 Censuses",I,2023,2023,04,Bay of Plenty Region,777,Total stated - weekly rent paid by household,99,Total - total household income,6,Household composition unidentifiable,2646,,,
DATAFLOW,STATSNZ:CEN23_HOU_022(1.0),"Weekly rent paid by household, total household income, and household composition for households in rented occupied private dwellings, (RC, TALB, SA2, Health), 2013, 2018, and 2023 Censuses",I,2023,2023,15,Southland Region,03,$300 - $399,99,Total - total household income,77,Total stated - household composition,2673,,,
DATAFLOW,STATSNZ:CEN23_HOU_022(1.0),"Weekly rent paid by household, total household income, and household composition for households in rented occupied private dwellings, (RC, TALB, SA2, Health), 2013, 2018, and 2023 Censuses",I,2023,2023,17,Nelson Region,08,$800 and over,99,Total - total household income,4,Other multi-person household,15,,,
DATAFLOW,STATSNZ:CEN23_HOU_022(1.0),"Weekly rent paid by household, total household income, and household composition for households in rented occupied private dwellings, (RC, TALB, SA2, Health), 2013, 2018, and 2023 Censuses",I,2023,2023,16,Tasman Region,07,$700 - $799,99,Total - total household income,6,Household composition unidentifiable,0,,,
DATAFLOW,STATSNZ:CEN23_HOU_022(1.0),"Weekly rent paid by household, total household income, and household composition for households in rented occupied private dwellings, (RC, TALB, SA2, Health), 2013, 2018, and 2023 Censuses",I,2023,2023,13,Canterbury Region,02,$200 - $299,99,Total - total household income,1,One-family household (with or without other people),3108,,,
DATAFLOW,STATSNZ:CEN23_HOU_022(1.0),"Weekly rent paid by household, total household income, and household composition for households in rented occupied private dwellings, (RC, TALB, SA2, Health), 2013, 2018, and 2023 Censuses",I,2023,2023,9999,Total - New Zealand by regional council,99,Not elsewhere included,99,Total - total household income,3,Three or more family household (with or without other people),12,,,
DATAFLOW,STATSNZ:CEN23_HOU_022(1.0),"Weekly rent paid by household, total household income, and household composition for households in rented occupied private dwellings, (RC, TALB, SA2, Health), 2013, 2018, and 2023 Censuses",I,2023,2023,14,Otago Region,01,Under $200,99,Total - total household income,4,Other multi-person household,633,,,
DATAFLOW,STATSNZ:CEN23_HOU_022(1.0),"Weekly rent paid by household, total household income, and household composition for households in rented occupied private dwellings, (RC, TALB, SA2, Health), 2013, 2018, and 2023 Censuses",I,2023,2023,02,Auckland Region,777,Total stated - weekly rent paid by household,99,Total - total household income,3,Three or more family household (with or without other people),930,,,
DATAFLOW,STATSNZ:CEN23_HOU_022(1.0),"Weekly rent paid by household, total household income, and household composition for households in rented occupied private dwellings, (RC, TALB, SA2, Health), 2013, 2018, and 2023 Censuses",I,2023,2023,9999,Total - New Zealand by regional council,03,$300 - $399,99,Total - total household income,4,Other multi-person household,5802,,,
DATAFLOW,STATSNZ:CEN23_HOU_022(1.0),"Weekly rent paid by household, total household income, and household composition for households in rented occupied private dwellings, (RC, TALB, SA2, Health), 2013, 2018, and 2023 Censuses",I,2023,2023,07,Taranaki Region,07,$700 - $799,99,Total - total household income,2,Two-family household (with or without other people),15,,,
DATAFLOW,STATSNZ:CEN23_HOU_022(1.0),"Weekly rent paid by household, total household income, and household composition for households in rented occupied private dwellings, (RC, TALB, SA2, Health), 2013, 2018, and 2023 Censuses",I,2023,2023,07,Taranaki Region,99,Not elsewhere included,99,Total - total household income,3,Three or more family household (with or without other people),0,,,
DATAFLOW,STATSNZ:CEN23_HOU_022(1.0),"Weekly rent paid by household, total household income, and household composition for households in rented occupied private dwellings, (RC, TALB, SA2, Health), 2013, 2018, and 2023 Censuses",I,2023,2023,18,Marlborough Region,03,$300 - $399,99,Total - total household income,5,One-person household,321,,,
DATAFLOW,STATSNZ:CEN23_HOU_022(1.0),"Weekly rent paid by household, total household income, and household composition for households in rented occupied private dwellings, (RC, TALB, SA2, Health), 2013, 2018, and 2023 Censuses",I,2023,2023,06,Hawke's Bay Region,06,$600 - $699,99,Total - total household income,4,Other multi-person household,135,,,
DATAFLOW,STATSNZ:CEN23_HOU_022(1.0),"Weekly rent paid by household, total household income, and household composition for households in rented occupied private dwellings, (RC, TALB, SA2, Health), 2013, 2018, and 2023 Censuses",I,2023,2023,15,Southland Region,04,$400 - $499,99,Total - total household income,2,Two-family household (with or without other people),45,,,
DATAFLOW,STATSNZ:CEN23_HOU_022(1.0),"Weekly rent paid by household, total household income, and household composition for households in rented occupied private dwellings, (RC, TALB, SA2, Health), 2013, 2018, and 2023 Censuses",I,2023,2023,07,Taranaki Region,04,$400 - $499,99,Total - total household income,5,One-person household,384,,,
DATAFLOW,STATSNZ:CEN23_HOU_022(1.0),"Weekly rent paid by household, total household income, and household composition for households in rented occupied private dwellings, (RC, TALB, SA2, Health), 2013, 2018, and 2023 Censuses",I,2023,2023,18,Marlborough Region,05,$500 - $599,99,Total - total household income,2,Two-family household (with or without other people),30,,,
DATAFLOW,STATSNZ:CEN23_HOU_022(1.0),"Weekly rent paid by household, total household income, and household composition for households in rented occupied private dwellings, (RC, TALB, SA2, Health), 2013, 2018, and 2023 Censuses",I,2023,2023,17,Nelson Region,08,$800 and over,99,Total - total household income,2,Two-family household (with or without other people),3,,,
DATAFLOW,STATSNZ:CEN23_HOU_022(1.0),"Weekly rent paid by household, total household income, and household composition for households in rented occupied private dwellings, (RC, TALB, SA2, Health), 2013, 2018, and 2023 Censuses",I,2023,2023,99,Area Outside Region,999,Total - weekly rent paid by household,99,Total - total household income,2,Two-family household (with or without other people),6,,,
DATAFLOW,STATSNZ:CEN23_HOU_022(1.0),"Weekly rent paid by household, total household income, and household composition for households in rented occupied private dwellings, (RC, TALB, SA2, Health), 2013, 2018, and 2023 Censuses",I,2023,2023,9999,Total - New Zealand by regional council,04,$400 - $499,99,Total - total household income,4,Other multi-person household,8349,,,
DATAFLOW,STATSNZ:CEN23_HOU_022(1.0),"Weekly rent paid by household, total household income, and household composition for households in rented occupied private dwellings, (RC, TALB, SA2, Health), 2013, 2018, and 2023 Censuses",I,2023,2023,15,Southland Region,02,$200 - $299,99,Total - total household income,99,Total - household composition,2457,,,
DATAFLOW,STATSNZ:CEN23_HOU_022(1.0),"Weekly rent paid by household, total household income, and household composition for households in rented occupied private dwellings, (RC, TALB, SA2, Health), 2013, 2018, and 2023 Censuses",I,2023,2023,05,Gisborne Region,03,$300 - $399,99,Total - total household income,1,One-family household (with or without other people),570,,,
DATAFLOW,STATSNZ:CEN23_HOU_022(1.0),"Weekly rent paid by household, total household income, and household composition for households in rented occupied private dwellings, (RC, TALB, SA2, Health), 2013, 2018, and 2023 Censuses",I,2023,2023,07,Taranaki Region,06,$600 - $699,99,Total - total household income,6,Household composition unidentifiable,36,,,
DATAFLOW,STATSNZ:CEN23_HOU_022(1.0),"Weekly rent paid by household, total household income, and household composition for households in rented occupied private dwellings, (RC, TALB, SA2, Health), 2013, 2018, and 2023 Censuses",I,2023,2023,09,Wellington Region,02,$200 - $299,99,Total - total household income,6,Household composition unidentifiable,273,,,
DATAFLOW,STATSNZ:CEN23_HOU_022(1.0),"Weekly rent paid by household, total household income, and household composition for households in rented occupied private dwellings, (RC, TALB, SA2, Health), 2013, 2018, and 2023 Censuses",I,2023,2023,99,Area Outside Region,03,$300 - $399,99,Total - total household income,4,Other multi-person household,,,c,Confidential
DATAFLOW,STATSNZ:CEN23_HOU_022(1.0),"Weekly rent paid by household, total household income, and household composition for households in rented occupied private dwellings, (RC, TALB, SA2, Health), 2013, 2018, and 2023 Censuses",I,2023,2023,09,Wellington Region,05,$500 - $599,99,Total - total household income,77,Total stated - household composition,10215,,,
DATAFLOW,STATSNZ:CEN23_HOU_022(1.0),"Weekly rent paid by household, total household income, and household composition for households in rented occupied private dwellings, (RC, TALB, SA2, Health), 2013, 2018, and 2023 Censuses",I,2023,2023,15,Southland Region,03,$300 - $399,99,Total - total household income,99,Total - household composition,2844,,,
DATAFLOW,STATSNZ:CEN23_HOU_022(1.0),"Weekly rent paid by household, total household income, and household composition for households in rented occupied private dwellings, (RC, TALB, SA2, Health), 2013, 2018, and 2023 Censuses",I,2023,2023,05,Gisborne Region,03,$300 - $399,99,Total - total household income,99,Total - household composition,1056,,,
DATAFLOW,STATSNZ:CEN23_HOU_022(1.0),"Weekly rent paid by household, total household income, and household composition for households in rented occupied private dwellings, (RC, TALB, SA2, Health), 2013, 2018, and 2023 Censuses",I,2023,2023,16,Tasman Region,06,$600 - $699,99,Total - total household income,3,Three or more family household (with or without other people),0,,,
DATAFLOW,STATSNZ:CEN23_HOU_022(1.0),"Weekly rent paid by household, total household income, and household composition for households in rented occupied private dwellings, (RC, TALB, SA2, Health), 2013, 2018, and 2023 Censuses",I,2023,2023,01,Northland Region,05,$500 - $599,99,Total - total household income,6,Household composition unidentifiable,261,,,
DATAFLOW,STATSNZ:CEN23_HOU_022(1.0),"Weekly rent paid by household, total household income, and household composition for households in rented occupied private dwellings, (RC, TALB, SA2, Health), 2013, 2018, and 2023 Censuses",I,2023,2023,16,Tasman Region,99,Not elsewhere included,99,Total - total household income,5,One-person household,33,,,
DATAFLOW,STATSNZ:CEN23_HOU_022(1.0),"Weekly rent paid by household, total household income, and household composition for households in rented occupied private dwellings, (RC, TALB, SA2, Health), 2013, 2018, and 2023 Censuses",I,2023,2023,9999,Total - New Zealand by regional council,777,Total stated - weekly rent paid by household,99,Total - total household income,5,One-person household,124602,,,
DATAFLOW,STATSNZ:CEN23_HOU_022(1.0),"Weekly rent paid by household, total household income, and household composition for households in rented occupied private dwellings, (RC, TALB, SA2, Health), 2013, 2018, and 2023 Censuses",I,2023,2023,06,Hawke's Bay Region,01,Under $200,99,Total - total household income,99,Total - household composition,4098,,,
DATAFLOW,STATSNZ:CEN23_HOU_022(1.0),"Weekly rent paid by household, total household income, and household composition for households in rented occupied private dwellings, (RC, TALB, SA2, Health), 2013, 2018, and 2023 Censuses",I,2023,2023,12,West Coast Region,03,$300 - $399,99,Total - total household income,4,Other multi-person household,69,,,
DATAFLOW,STATSNZ:CEN23_HOU_022(1.0),"Weekly rent paid by household, total household income, and household composition for households in rented occupied private dwellings, (RC, TALB, SA2, Health), 2013, 2018, and 2023 Censuses",I,2023,2023,99,Area Outside Region,02,$200 - $299,99,Total - total household income,3,Three or more family household (with or without other people),,,c,Confidential
DATAFLOW,STATSNZ:CEN23_HOU_022(1.0),"Weekly rent paid by household, total household income, and household composition for households in rented occupied private dwellings, (RC, TALB, SA2, Health), 2013, 2018, and 2023 Censuses",I,2023,2023,99,Area Outside Region,07,$700 - $799,99,Total - total household income,2,Two-family household (with or without other people),,,c,Confidential
DATAFLOW,STATSNZ:CEN23_HOU_022(1.0),"Weekly rent paid by household, total household income, and household composition for households in rented occupied private dwellings, (RC, TALB, SA2, Health), 2013, 2018, and 2023 Censuses",I,2023,2023,99,Area Outside Region,02,$200 - $299,99,Total - total household income,77,Total stated - household composition,12,,,
DATAFLOW,STATSNZ:CEN23_HOU_022(1.0),"Weekly rent paid by household, total household income, and household composition for households in rented occupied private dwellings, (RC, TALB, SA2, Health), 2013, 2018, and 2023 Censuses",I,2023,2023,9999,Total - New Zealand by regional council,03,$300 - $399,99,Total - total household income,5,One-person household,26712,,,
DATAFLOW,STATSNZ:CEN23_HOU_022(1.0),"Weekly rent paid by household, total household income, and household composition for households in rented occupied private dwellings, (RC, TALB, SA2, Health), 2013, 2018, and 2023 Censuses",I,2023,2023,03,Waikato Region,777,Total stated - weekly rent paid by household,99,Total - total household income,4,Other multi-person household,4818,,,
DATAFLOW,STATSNZ:CEN23_HOU_022(1.0),"Weekly rent paid by household, total household income, and household composition for households in rented occupied private dwellings, (RC, TALB, SA2, Health), 2013, 2018, and 2023 Censuses",I,2023,2023,01,Northland Region,01,Under $200,99,Total - total household income,2,Two-family household (with or without other people),114,,,
DATAFLOW,STATSNZ:CEN23_HOU_022(1.0),"Weekly rent paid by household, total household income, and household composition for households in rented occupied private dwellings, (RC, TALB, SA2, Health), 2013, 2018, and 2023 Censuses",I,2023,2023,03,Waikato Region,01,Under $200,99,Total - total household income,6,Household composition unidentifiable,933,,,
DATAFLOW,STATSNZ:CEN23_HOU_022(1.0),"Weekly rent paid by household, total household income, and household composition for households in rented occupied private dwellings, (RC, TALB, SA2, Health), 2013, 2018, and 2023 Censuses",I,2023,2023,04,Bay of Plenty Region,02,$200 - $299,99,Total - total household income,99,Total - household composition,3114,,,
DATAFLOW,STATSNZ:CEN23_HOU_022(1.0),"Weekly rent paid by household, total household income, and household composition for households in rented occupied private dwellings, (RC, TALB, SA2, Health), 2013, 2018, and 2023 Censuses",I,2023,2023,18,Marlborough Region,04,$400 - $499,99,Total - total household income,4,Other multi-person household,90,,,
DATAFLOW,STATSNZ:CEN23_HOU_022(1.0),"Weekly rent paid by household, total household income, and household composition for households in rented occupied private dwellings, (RC, TALB, SA2, Health), 2013, 2018, and 2023 Censuses",I,2023,2023,15,Southland Region,01,Under $200,99,Total - total household income,99,Total - household composition,2445,,,
DATAFLOW,STATSNZ:CEN23_HOU_022(1.0),"Weekly rent paid by household, total household income, and household composition for households in rented occupied private dwellings, (RC, TALB, SA2, Health), 2013, 2018, and 2023 Censuses",I,2023,2023,14,Otago Region,99,Not elsewhere included,99,Total - total household income,3,Three or more family household (with or without other people),0,,,
DATAFLOW,STATSNZ:CEN23_HOU_022(1.0),"Weekly rent paid by household, total household income, and household composition for households in rented occupied private dwellings, (RC, TALB, SA2, Health), 2013, 2018, and 2023 Censuses",I,2023,2023,18,Marlborough Region,02,$200 - $299,99,Total - total household income,99,Total - household composition,699,,,
DATAFLOW,STATSNZ:CEN23_HOU_022(1.0),"Weekly rent paid by household, total household income, and household composition for households in rented occupied private dwellings, (RC, TALB, SA2, Health), 2013, 2018, and 2023 Censuses",I,2023,2023,09,Wellington Region,01,Under $200,99,Total - total household income,77,Total stated - household composition,7899,,,
DATAFLOW,STATSNZ:CEN23_HOU_022(1.0),"Weekly rent paid by household, total household income, and household composition for households in rented occupied private dwellings, (RC, TALB, SA2, Health), 2013, 2018, and 2023 Censuses",I,2023,2023,07,Taranaki Region,999,Total - weekly rent paid by household,99,Total - total household income,3,Three or more family household (with or without other people),15,,,
DATAFLOW,STATSNZ:CEN23_HOU_022(1.0),"Weekly rent paid by household, total household income, and household composition for households in rented occupied private dwellings, (RC, TALB, SA2, Health), 2013, 2018, and 2023 Censuses",I,2023,2023,16,Tasman Region,03,$300 - $399,99,Total - total household income,3,Three or more family household (with or without other people),0,,,
DATAFLOW,STATSNZ:CEN23_HOU_022(1.0),"Weekly rent paid by household, total household income, and household composition for households in rented occupied private dwellings, (RC, TALB, SA2, Health), 2013, 2018, and 2023 Censuses",I,2023,2023,06,Hawke's Bay Region,04,$400 - $499,99,Total - total household income,77,Total stated - household composition,3108,,,
DATAFLOW,STATSNZ:CEN23_HOU_022(1.0),"Weekly rent paid by household, total household income, and household composition for households in rented occupied private dwellings, (RC, TALB, SA2, Health), 2013, 2018, and 2023 Censuses",I,2023,2023,15,Southland Region,06,$600 - $699,99,Total - total household income,6,Household composition unidentifiable,9,,,
DATAFLOW,STATSNZ:CEN23_HOU_022(1.0),"Weekly rent paid by household, total household income, and household composition for households in rented occupied private dwellings, (RC, TALB, SA2, Health), 2013, 2018, and 2023 Censuses",I,2023,2023,18,Marlborough Region,08,$800 and over,99,Total - total household income,6,Household composition unidentifiable,3,,,
DATAFLOW,STATSNZ:CEN23_HOU_022(1.0),"Weekly rent paid by household, total household income, and household composition for households in rented occupied private dwellings, (RC, TALB, SA2, Health), 2013, 2018, and 2023 Censuses",I,2023,2023,07,Taranaki Region,777,Total stated - weekly rent paid by household,99,Total - total household income,99,Total - household composition,12051,,,
DATAFLOW,STATSNZ:CEN23_HOU_022(1.0),"Weekly rent paid by household, total household income, and household composition for households in rented occupied private dwellings, (RC, TALB, SA2, Health), 2013, 2018, and 2023 Censuses",I,2023,2023,07,Taranaki Region,03,$300 - $399,99,Total - total household income,77,Total stated - household composition,2550,,,
DATAFLOW,STATSNZ:CEN23_HOU_022(1.0),"Weekly rent paid by household, total household income, and household composition for households in rented occupied private dwellings, (RC, TALB, SA2, Health), 2013, 2018, and 2023 Censuses",I,2023,2023,12,West Coast Region,99,Not elsewhere included,99,Total - total household income,6,Household composition unidentifiable,12,,,
DATAFLOW,STATSNZ:CEN23_HOU_022(1.0),"Weekly rent paid by household, total household income, and household composition for households in rented occupied private dwellings, (RC, TALB, SA2, Health), 2013, 2018, and 2023 Censuses",I,2023,2023,03,Waikato Region,08,$800 and over,99,Total - total household income,5,One-person household,78,,,
DATAFLOW,STATSNZ:CEN23_HOU_022(1.0),"Weekly rent paid by household, total household income, and household composition for households in rented occupied private dwellings, (RC, TALB, SA2, Health), 2013, 2018, and 2023 Censuses",I,2023,2023,99,Area Outside Region,08,$800 and over,99,Total - total household income,5,One-person household,,,c,Confidential
DATAFLOW,STATSNZ:CEN23_HOU_022(1.0),"Weekly rent paid by household, total household income, and household composition for households in rented occupied private dwellings, (RC, TALB, SA2, Health), 2013, 2018, and 2023 Censuses",I,2023,2023,04,Bay of Plenty Region,99,Not elsewhere included,99,Total - total household income,99,Total - household composition,537,,,
DATAFLOW,STATSNZ:CEN23_HOU_022(1.0),"Weekly rent paid by household, total household income, and household composition for households in rented occupied private dwellings, (RC, TALB, SA2, Health), 2013, 2018, and 2023 Censuses",I,2023,2023,18,Marlborough Region,03,$300 - $399,99,Total - total household income,2,Two-family household (with or without other people),15,,,
DATAFLOW,STATSNZ:CEN23_HOU_022(1.0),"Weekly rent paid by household, total household income, and household composition for households in rented occupied private dwellings, (RC, TALB, SA2, Health), 2013, 2018, and 2023 Censuses",I,2023,2023,16,Tasman Region,04,$400 - $499,99,Total - total household income,1,One-family household (with or without other people),645,,,
DATAFLOW,STATSNZ:CEN23_HOU_022(1.0),"Weekly rent paid by household, total household income, and household composition for households in rented occupied private dwellings, (RC, TALB, SA2, Health), 2013, 2018, and 2023 Censuses",I,2023,2023,04,Bay of Plenty Region,99,Not elsewhere included,99,Total - total household income,6,Household composition unidentifiable,90,,,
DATAFLOW,STATSNZ:CEN23_HOU_022(1.0),"Weekly rent paid by household, total household income, and household composition for households in rented occupied private dwellings, (RC, TALB, SA2, Health), 2013, 2018, and 2023 Censuses",I,2023,2023,18,Marlborough Region,99,Not elsewhere included,99,Total - total household income,6,Household composition unidentifiable,9,,,
DATAFLOW,STATSNZ:CEN23_HOU_022(1.0),"Weekly rent paid by household, total household income, and household composition for households in rented occupied private dwellings, (RC, TALB, SA2, Health), 2013, 2018, and 2023 Censuses",I,2023,2023,05,Gisborne Region,07,$700 - $799,99,Total - total household income,99,Total - household composition,123,,,
DATAFLOW,STATSNZ:CEN23_HOU_022(1.0),"Weekly rent paid by household, total household income, and household composition for households in rented occupied private dwellings, (RC, TALB, SA2, Health), 2013, 2018, and 2023 Censuses",I,2023,2023,03,Waikato Region,06,$600 - $699,99,Total - total household income,6,Household composition unidentifiable,288,,,
DATAFLOW,STATSNZ:CEN23_HOU_022(1.0),"Weekly rent paid by household, total household income, and household composition for households in rented occupied private dwellings, (RC, TALB, SA2, Health), 2013, 2018, and 2023 Censuses",I,2023,2023,14,Otago Region,06,$600 - $699,99,Total - total household income,1,One-family household (with or without other people),1230,,,
DATAFLOW,STATSNZ:CEN23_HOU_022(1.0),"Weekly rent paid by household, total household income, and household composition for households in rented occupied private dwellings, (RC, TALB, SA2, Health), 2013, 2018, and 2023 Censuses",I,2023,2023,09,Wellington Region,08,$800 and over,99,Total - total household income,4,Other multi-person household,2640,,,
DATAFLOW,STATSNZ:CEN23_HOU_022(1.0),"Weekly rent paid by household, total household income, and household composition for households in rented occupied private dwellings, (RC, TALB, SA2, Health), 2013, 2018, and 2023 Censuses",I,2023,2023,01,Northland Region,02,$200 - $299,99,Total - total household income,77,Total stated - household composition,2187,,,
DATAFLOW,STATSNZ:CEN23_HOU_022(1.0),"Weekly rent paid by household, total household income, and household composition for households in rented occupied private dwellings, (RC, TALB, SA2, Health), 2013, 2018, and 2023 Censuses",I,2023,2023,01,Northland Region,02,$200 - $299,99,Total - total household income,4,Other multi-person household,165,,,
DATAFLOW,STATSNZ:CEN23_HOU_022(1.0),"Weekly rent paid by household, total household income, and household composition for households in rented occupied private dwellings, (RC, TALB, SA2, Health), 2013, 2018, and 2023 Censuses",I,2023,2023,05,Gisborne Region,999,Total - weekly rent paid by household,99,Total - total household income,99,Total - household composition,5799,,,
DATAFLOW,STATSNZ:CEN23_HOU_022(1.0),"Weekly rent paid by household, total household income, and household composition for households in rented occupied private dwellings, (RC, TALB, SA2, Health), 2013, 2018, and 2023 Censuses",I,2023,2023,12,West Coast Region,03,$300 - $399,99,Total - total household income,5,One-person household,225,,,
DATAFLOW,STATSNZ:CEN23_HOU_022(1.0),"Weekly rent paid by household, total household income, and household composition for households in rented occupied private dwellings, (RC, TALB, SA2, Health), 2013, 2018, and 2023 Censuses",I,2023,2023,17,Nelson Region,04,$400 - $499,99,Total - total household income,99,Total - household composition,1554,,,
DATAFLOW,STATSNZ:CEN23_HOU_022(1.0),"Weekly rent paid by household, total household income, and household composition for households in rented occupied private dwellings, (RC, TALB, SA2, Health), 2013, 2018, and 2023 Censuses",I,2023,2023,06,Hawke's Bay Region,08,$800 and over,99,Total - total household income,77,Total stated - household composition,240,,,
DATAFLOW,STATSNZ:CEN23_HOU_022(1.0),"Weekly rent paid by household, total household income, and household composition for households in rented occupied private dwellings, (RC, TALB, SA2, Health), 2013, 2018, and 2023 Censuses",I,2023,2023,13,Canterbury Region,999,Total - weekly rent paid by household,99,Total - total household income,3,Three or more family household (with or without other people),66,,,
DATAFLOW,STATSNZ:CEN23_HOU_022(1.0),"Weekly rent paid by household, total household income, and household composition for households in rented occupied private dwellings, (RC, TALB, SA2, Health), 2013, 2018, and 2023 Censuses",I,2023,2023,12,West Coast Region,04,$400 - $499,99,Total - total household income,1,One-family household (with or without other people),144,,,
DATAFLOW,STATSNZ:CEN23_HOU_022(1.0),"Weekly rent paid by household, total household income, and household composition for households in rented occupied private dwellings, (RC, TALB, SA2, Health), 2013, 2018, and 2023 Censuses",I,2023,2023,06,Hawke's Bay Region,06,$600 - $699,99,Total - total household income,3,Three or more family household (with or without other people),6,,,
DATAFLOW,STATSNZ:CEN23_HOU_022(1.0),"Weekly rent paid by household, total household income, and household composition for households in rented occupied private dwellings, (RC, TALB, SA2, Health), 2013, 2018, and 2023 Censuses",I,2023,2023,06,Hawke's Bay Region,02,$200 - $299,99,Total - total household income,5,One-person household,681,,,
DATAFLOW,STATSNZ:CEN23_HOU_022(1.0),"Weekly rent paid by household, total household income, and household composition for households in rented occupied private dwellings, (RC, TALB, SA2, Health), 2013, 2018, and 2023 Censuses",I,2023,2023,9999,Total - New Zealand by regional council,999,Total - weekly rent paid by household,99,Total - total household income,77,Total stated - household composition,527727,,,
DATAFLOW,STATSNZ:CEN23_HOU_022(1.0),"Weekly rent paid by household, total household income, and household composition for households in rented occupied private dwellings, (RC, TALB, SA2, Health), 2013, 2018, and 2023 Censuses",I,2023,2023,06,Hawke's Bay Region,99,Not elsewhere included,99,Total - total household income,77,Total stated - household composition,267,,,
DATAFLOW,STATSNZ:CEN23_HOU_022(1.0),"Weekly rent paid by household, total household income, and household composition for households in rented occupied private dwellings, (RC, TALB, SA2, Health), 2013, 2018, and 2023 Censuses",I,2023,2023,14,Otago Region,02,$200 - $299,99,Total - total household income,99,Total - household composition,3300,,,
DATAFLOW,STATSNZ:CEN23_HOU_022(1.0),"Weekly rent paid by household, total household income, and household composition for households in rented occupied private dwellings, (RC, TALB, SA2, Health), 2013, 2018, and 2023 Censuses",I,2023,2023,04,Bay of Plenty Region,01,Under $200,99,Total - total household income,2,Two-family household (with or without other people),162,,,
DATAFLOW,STATSNZ:CEN23_HOU_022(1.0),"Weekly rent paid by household, total household income, and household composition for households in rented occupied private dwellings, (RC, TALB, SA2, Health), 2013, 2018, and 2023 Censuses",I,2023,2023,04,Bay of Plenty Region,999,Total - weekly rent paid by household,99,Total - total household income,1,One-family household (with or without other people),19434,,,
DATAFLOW,STATSNZ:CEN23_HOU_022(1.0),"Weekly rent paid by household, total household income, and household composition for households in rented occupied private dwellings, (RC, TALB, SA2, Health), 2013, 2018, and 2023 Censuses",I,2023,2023,02,Auckland Region,08,$800 and over,99,Total - total household income,5,One-person household,1395,,,
DATAFLOW,STATSNZ:CEN23_HOU_022(1.0),"Weekly rent paid by household, total household income, and household composition for households in rented occupied private dwellings, (RC, TALB, SA2, Health), 2013, 2018, and 2023 Censuses",I,2023,2023,02,Auckland Region,03,$300 - $399,99,Total - total household income,5,One-person household,6837,,,
DATAFLOW,STATSNZ:CEN23_HOU_022(1.0),"Weekly rent paid by household, total household income, and household composition for households in rented occupied private dwellings, (RC, TALB, SA2, Health), 2013, 2018, and 2023 Censuses",I,2023,2023,16,Tasman Region,04,$400 - $499,99,Total - total household income,99,Total - household composition,981,,,
DATAFLOW,STATSNZ:CEN23_HOU_022(1.0),"Weekly rent paid by household, total household income, and household composition for households in rented occupied private dwellings, (RC, TALB, SA2, Health), 2013, 2018, and 2023 Censuses",I,2023,2023,06,Hawke's Bay Region,777,Total stated - weekly rent paid by household,99,Total - total household income,4,Other multi-person household,1284,,,
DATAFLOW,STATSNZ:CEN23_HOU_022(1.0),"Weekly rent paid by household, total household income, and household composition for households in rented occupied private dwellings, (RC, TALB, SA2, Health), 2013, 2018, and 2023 Censuses",I,2023,2023,08,Manawatū-Whanganui Region,04,$400 - $499,99,Total - total household income,6,Household composition unidentifiable,372,,,
DATAFLOW,STATSNZ:CEN23_HOU_022(1.0),"Weekly rent paid by household, total household income, and household composition for households in rented occupied private dwellings, (RC, TALB, SA2, Health), 2013, 2018, and 2023 Censuses",I,2023,2023,05,Gisborne Region,03,$300 - $399,99,Total - total household income,2,Two-family household (with or without other people),39,,,
DATAFLOW,STATSNZ:CEN23_HOU_022(1.0),"Weekly rent paid by household, total household income, and household composition for households in rented occupied private dwellings, (RC, TALB, SA2, Health), 2013, 2018, and 2023 Censuses",I,2023,2023,9999,Total - New Zealand by regional council,05,$500 - $599,99,Total - total household income,1,One-family household (with or without other people),68109,,,
DATAFLOW,STATSNZ:CEN23_HOU_022(1.0),"Weekly rent paid by household, total household income, and household composition for households in rented occupied private dwellings, (RC, TALB, SA2, Health), 2013, 2018, and 2023 Censuses",I,2023,2023,14,Otago Region,03,$300 - $399,99,Total - total household income,3,Three or more family household (with or without other people),0,,,
DATAFLOW,STATSNZ:CEN23_HOU_022(1.0),"Weekly rent paid by household, total household income, and household composition for households in rented occupied private dwellings, (RC, TALB, SA2, Health), 2013, 2018, and 2023 Censuses",I,2023,2023,01,Northland Region,07,$700 - $799,99,Total - total household income,3,Three or more family household (with or without other people),3,,,
DATAFLOW,STATSNZ:CEN23_HOU_022(1.0),"Weekly rent paid by household, total household income, and household composition for households in rented occupied private dwellings, (RC, TALB, SA2, Health), 2013, 2018, and 2023 Censuses",I,2023,2023,13,Canterbury Region,05,$500 - $599,99,Total - total household income,2,Two-family household (with or without other people),381,,,
DATAFLOW,STATSNZ:CEN23_HOU_022(1.0),"Weekly rent paid by household, total household income, and household composition for households in rented occupied private dwellings, (RC, TALB, SA2, Health), 2013, 2018, and 2023 Censuses",I,2023,2023,17,Nelson Region,02,$200 - $299,99,Total - total household income,2,Two-family household (with or without other people),6,,,
DATAFLOW,STATSNZ:CEN23_HOU_022(1.0),"Weekly rent paid by household, total household income, and household composition for households in rented occupied private dwellings, (RC, TALB, SA2, Health), 2013, 2018, and 2023 Censuses",I,2023,2023,05,Gisborne Region,01,Under $200,99,Total - total household income,5,One-person household,519,,,
DATAFLOW,STATSNZ:CEN23_HOU_022(1.0),"Weekly rent paid by household, total household income, and household composition for households in rented occupied private dwellings, (RC, TALB, SA2, Health), 2013, 2018, and 2023 Censuses",I,2023,2023,18,Marlborough Region,01,Under $200,99,Total - total household income,1,One-family household (with or without other people),267,,,
DATAFLOW,STATSNZ:CEN23_HOU_022(1.0),"Weekly rent paid by household, total household income, and household composition for households in rented occupied private dwellings, (RC, TALB, SA2, Health), 2013, 2018, and 2023 Censuses",I,2023,2023,09,Wellington Region,99,Not elsewhere included,99,Total - total household income,99,Total - household composition,450,,,
DATAFLOW,STATSNZ:CEN23_HOU_022(1.0),"Weekly rent paid by household, total household income, and household composition for households in rented occupied private dwellings, (RC, TALB, SA2, Health), 2013, 2018, and 2023 Censuses",I,2023,2023,99,Area Outside Region,02,$200 - $299,99,Total - total household income,2,Two-family household (with or without other people),,,c,Confidential
DATAFLOW,STATSNZ:CEN23_HOU_022(1.0),"Weekly rent paid by household, total household income, and household composition for households in rented occupied private dwellings, (RC, TALB, SA2, Health), 2013, 2018, and 2023 Censuses",I,2023,2023,14,Otago Region,02,$200 - $299,99,Total - total household income,4,Other multi-person household,387,,,
DATAFLOW,STATSNZ:CEN23_HOU_022(1.0),"Weekly rent paid by household, total household income, and household composition for households in rented occupied private dwellings, (RC, TALB, SA2, Health), 2013, 2018, and 2023 Censuses",I,2023,2023,18,Marlborough Region,05,$500 - $599,99,Total - total household income,3,Three or more family household (with or without other people),3,,,
DATAFLOW,STATSNZ:CEN23_HOU_022(1.0),"Weekly rent paid by household, total household income, and household composition for households in rented occupied private dwellings, (RC, TALB, SA2, Health), 2013, 2018, and 2023 Censuses",I,2023,2023,06,Hawke's Bay Region,02,$200 - $299,99,Total - total household income,77,Total stated - household composition,1860,,,
DATAFLOW,STATSNZ:CEN23_HOU_022(1.0),"Weekly rent paid by household, total household income, and household composition for households in rented occupied private dwellings, (RC, TALB, SA2, Health), 2013, 2018, and 2023 Censuses",I,2023,2023,02,Auckland Region,06,$600 - $699,99,Total - total household income,5,One-person household,2928,,,
DATAFLOW,STATSNZ:CEN23_HOU_022(1.0),"Weekly rent paid by household, total household income, and household composition for households in rented occupied private dwellings, (RC, TALB, SA2, Health), 2013, 2018, and 2023 Censuses",I,2023,2023,02,Auckland Region,05,$500 - $599,99,Total - total household income,3,Three or more family household (with or without other people),81,,,
DATAFLOW,STATSNZ:CEN23_HOU_022(1.0),"Weekly rent paid by household, total household income, and household composition for households in rented occupied private dwellings, (RC, TALB, SA2, Health), 2013, 2018, and 2023 Censuses",I,2023,2023,16,Tasman Region,777,Total stated - weekly rent paid by household,99,Total - total household income,77,Total stated - household composition,4026,,,
DATAFLOW,STATSNZ:CEN23_HOU_022(1.0),"Weekly rent paid by household, total household income, and household composition for households in rented occupied private dwellings, (RC, TALB, SA2, Health), 2013, 2018, and 2023 Censuses",I,2023,2023,09,Wellington Region,08,$800 and over,99,Total - total household income,2,Two-family household (with or without other people),276,,,
DATAFLOW,STATSNZ:CEN23_HOU_022(1.0),"Weekly rent paid by household, total household income, and household composition for households in rented occupied private dwellings, (RC, TALB, SA2, Health), 2013, 2018, and 2023 Censuses",I,2023,2023,03,Waikato Region,07,$700 - $799,99,Total - total household income,2,Two-family household (with or without other people),120,,,
DATAFLOW,STATSNZ:CEN23_HOU_022(1.0),"Weekly rent paid by household, total household income, and household composition for households in rented occupied private dwellings, (RC, TALB, SA2, Health), 2013, 2018, and 2023 Censuses",I,2023,2023,17,Nelson Region,99,Not elsewhere included,99,Total - total household income,5,One-person household,18,,,
DATAFLOW,STATSNZ:CEN23_HOU_022(1.0),"Weekly rent paid by household, total household income, and household composition for households in rented occupied private dwellings, (RC, TALB, SA2, Health), 2013, 2018, and 2023 Censuses",I,2023,2023,01,Northland Region,99,Not elsewhere included,99,Total - total household income,2,Two-family household (with or without other people),12,,,
DATAFLOW,STATSNZ:CEN23_HOU_022(1.0),"Weekly rent paid by household, total household income, and household composition for households in rented occupied private dwellings, (RC, TALB, SA2, Health), 2013, 2018, and 2023 Censuses",I,2023,2023,12,West Coast Region,08,$800 and over,99,Total - total household income,6,Household composition unidentifiable,9,,,
DATAFLOW,STATSNZ:CEN23_HOU_022(1.0),"Weekly rent paid by household, total household income, and household composition for households in rented occupied private dwellings, (RC, TALB, SA2, Health), 2013, 2018, and 2023 Censuses",I,2023,2023,12,West Coast Region,06,$600 - $699,99,Total - total household income,4,Other multi-person household,0,,,
DATAFLOW,STATSNZ:CEN23_HOU_022(1.0),"Weekly rent paid by household, total household income, and household composition for households in rented occupied private dwellings, (RC, TALB, SA2, Health), 2013, 2018, and 2023 Censuses",I,2023,2023,16,Tasman Region,777,Total stated - weekly rent paid by household,99,Total - total household income,2,Two-family household (with or without other people),102,,,
DATAFLOW,STATSNZ:CEN23_HOU_022(1.0),"Weekly rent paid by household, total household income, and household composition for households in rented occupied private dwellings, (RC, TALB, SA2, Health), 2013, 2018, and 2023 Censuses",I,2023,2023,07,Taranaki Region,06,$600 - $699,99,Total - total household income,2,Two-family household (with or without other people),42,,,
DATAFLOW,STATSNZ:CEN23_HOU_022(1.0),"Weekly rent paid by household, total household income, and household composition for households in rented occupied private dwellings, (RC, TALB, SA2, Health), 2013, 2018, and 2023 Censuses",I,2023,2023,05,Gisborne Region,01,Under $200,99,Total - total household income,1,One-family household (with or without other people),819,,,
DATAFLOW,STATSNZ:CEN23_HOU_022(1.0),"Weekly rent paid by household, total household income, and household composition for households in rented occupied private dwellings, (RC, TALB, SA2, Health), 2013, 2018, and 2023 Censuses",I,2023,2023,12,West Coast Region,999,Total - weekly rent paid by household,99,Total - total household income,77,Total stated - household composition,2853,,,
DATAFLOW,STATSNZ:CEN23_HOU_022(1.0),"Weekly rent paid by household, total household income, and household composition for households in rented occupied private dwellings, (RC, TALB, SA2, Health), 2013, 2018, and 2023 Censuses",I,2023,2023,9999,Total - New Zealand by regional council,07,$700 - $799,99,Total - total household income,99,Total - household composition,32286,,,
DATAFLOW,STATSNZ:CEN23_HOU_022(1.0),"Weekly rent paid by household, total household income, and household composition for households in rented occupied private dwellings, (RC, TALB, SA2, Health), 2013, 2018, and 2023 Censuses",I,2023,2023,15,Southland Region,05,$500 - $599,99,Total - total household income,1,One-family household (with or without other people),249,,,
DATAFLOW,STATSNZ:CEN23_HOU_022(1.0),"Weekly rent paid by household, total household income, and household composition for households in rented occupied private dwellings, (RC, TALB, SA2, Health), 2013, 2018, and 2023 Censuses",I,2023,2023,16,Tasman Region,999,Total - weekly rent paid by household,99,Total - total household income,1,One-family household (with or without other people),2565,,,
DATAFLOW,STATSNZ:CEN23_HOU_022(1.0),"Weekly rent paid by household, total household income, and household composition for households in rented occupied private dwellings, (RC, TALB, SA2, Health), 2013, 2018, and 2023 Censuses",I,2023,2023,14,Otago Region,06,$600 - $699,99,Total - total household income,4,Other multi-person household,558,,,
DATAFLOW,STATSNZ:CEN23_HOU_022(1.0),"Weekly rent paid by household, total household income, and household composition for households in rented occupied private dwellings, (RC, TALB, SA2, Health), 2013, 2018, and 2023 Censuses",I,2023,2023,9999,Total - New Zealand by regional council,01,Under $200,99,Total - total household income,4,Other multi-person household,6423,,,
DATAFLOW,STATSNZ:CEN23_HOU_022(1.0),"Weekly rent paid by household, total household income, and household composition for households in rented occupied private dwellings, (RC, TALB, SA2, Health), 2013, 2018, and 2023 Censuses",I,2023,2023,07,Taranaki Region,06,$600 - $699,99,Total - total household income,5,One-person household,48,,,
DATAFLOW,STATSNZ:CEN23_HOU_022(1.0),"Weekly rent paid by household, total household income, and household composition for households in rented occupied private dwellings, (RC, TALB, SA2, Health), 2013, 2018, and 2023 Censuses",I,2023,2023,9999,Total - New Zealand by regional council,06,$600 - $699,99,Total - total household income,1,One-family household (with or without other people),47994,,,
DATAFLOW,STATSNZ:CEN23_HOU_022(1.0),"Weekly rent paid by household, total household income, and household composition for households in rented occupied private dwellings, (RC, TALB, SA2, Health), 2013, 2018, and 2023 Censuses",I,2023,2023,04,Bay of Plenty Region,04,$400 - $499,99,Total - total household income,3,Three or more family household (with or without other people),12,,,
DATAFLOW,STATSNZ:CEN23_HOU_022(1.0),"Weekly rent paid by household, total household income, and household composition for households in rented occupied private dwellings, (RC, TALB, SA2, Health), 2013, 2018, and 2023 Censuses",I,2023,2023,15,Southland Region,99,Not elsewhere included,99,Total - total household income,3,Three or more family household (with or without other people),0,,,
DATAFLOW,STATSNZ:CEN23_HOU_022(1.0),"Weekly rent paid by household, total household income, and household composition for households in rented occupied private dwellings, (RC, TALB, SA2, Health), 2013, 2018, and 2023 Censuses",I,2023,2023,05,Gisborne Region,06,$600 - $699,99,Total - total household income,4,Other multi-person household,39,,,
DATAFLOW,STATSNZ:CEN23_HOU_022(1.0),"Weekly rent paid by household, total household income, and household composition for households in rented occupied private dwellings, (RC, TALB, SA2, Health), 2013, 2018, and 2023 Censuses",I,2023,2023,99,Area Outside Region,07,$700 - $799,99,Total - total household income,1,One-family household (with or without other people),,,c,Confidential
DATAFLOW,STATSNZ:CEN23_HOU_022(1.0),"Weekly rent paid by household, total household income, and household composition for households in rented occupied private dwellings, (RC, TALB, SA2, Health), 2013, 2018, and 2023 Censuses",I,2023,2023,02,Auckland Region,03,$300 - $399,99,Total - total household income,1,One-family household (with or without other people),7080,,,
DATAFLOW,STATSNZ:CEN23_HOU_022(1.0),"Weekly rent paid by household, total household income, and household composition for households in rented occupied private dwellings, (RC, TALB, SA2, Health), 2013, 2018, and 2023 Censuses",I,2023,2023,14,Otago Region,777,Total stated - weekly rent paid by household,99,Total - total household income,5,One-person household,6573,,,
DATAFLOW,STATSNZ:CEN23_HOU_022(1.0),"Weekly rent paid by household, total household income, and household composition for households in rented occupied private dwellings, (RC, TALB, SA2, Health), 2013, 2018, and 2023 Censuses",I,2023,2023,06,Hawke's Bay Region,999,Total - weekly rent paid by household,99,Total - total household income,1,One-family household (with or without other people),9366,,,
DATAFLOW,STATSNZ:CEN23_HOU_022(1.0),"Weekly rent paid by household, total household income, and household composition for households in rented occupied private dwellings, (RC, TALB, SA2, Health), 2013, 2018, and 2023 Censuses",I,2023,2023,03,Waikato Region,08,$800 and over,99,Total - total household income,3,Three or more family household (with or without other people),6,,,
DATAFLOW,STATSNZ:CEN23_HOU_022(1.0),"Weekly rent paid by household, total household income, and household composition for households in rented occupied private dwellings, (RC, TALB, SA2, Health), 2013, 2018, and 2023 Censuses",I,2023,2023,12,West Coast Region,05,$500 - $599,99,Total - total household income,2,Two-family household (with or without other people),3,,,
DATAFLOW,STATSNZ:CEN23_HOU_022(1.0),"Weekly rent paid by household, total household income, and household composition for households in rented occupied private dwellings, (RC, TALB, SA2, Health), 2013, 2018, and 2023 Censuses",I,2023,2023,02,Auckland Region,06,$600 - $699,99,Total - total household income,99,Total - household composition,37143,,,
DATAFLOW,STATSNZ:CEN23_HOU_022(1.0),"Weekly rent paid by household, total household income, and household composition for households in rented occupied private dwellings, (RC, TALB, SA2, Health), 2013, 2018, and 2023 Censuses",I,2023,2023,13,Canterbury Region,03,$300 - $399,99,Total - total household income,77,Total stated - household composition,13878,,,
DATAFLOW,STATSNZ:CEN23_HOU_022(1.0),"Weekly rent paid by household, total household income, and household composition for households in rented occupied private dwellings, (RC, TALB, SA2, Health), 2013, 2018, and 2023 Censuses",I,2023,2023,08,Manawatū-Whanganui Region,07,$700 - $799,99,Total - total household income,6,Household composition unidentifiable,15,,,
DATAFLOW,STATSNZ:CEN23_HOU_022(1.0),"Weekly rent paid by household, total household income, and household composition for households in rented occupied private dwellings, (RC, TALB, SA2, Health), 2013, 2018, and 2023 Censuses",I,2023,2023,06,Hawke's Bay Region,01,Under $200,99,Total - total household income,77,Total stated - household composition,3492,,,
DATAFLOW,STATSNZ:CEN23_HOU_022(1.0),"Weekly rent paid by household, total household income, and household composition for households in rented occupied private dwellings, (RC, TALB, SA2, Health), 2013, 2018, and 2023 Censuses",I,2023,2023,12,West Coast Region,777,Total stated - weekly rent paid by household,99,Total - total household income,77,Total stated - household composition,2763,,,
DATAFLOW,STATSNZ:CEN23_HOU_022(1.0),"Weekly rent paid by household, total household income, and household composition for households in rented occupied private dwellings, (RC, TALB, SA2, Health), 2013, 2018, and 2023 Censuses",I,2023,2023,09,Wellington Region,99,Not elsewhere included,99,Total - total household income,4,Other multi-person household,27,,,
DATAFLOW,STATSNZ:CEN23_HOU_022(1.0),"Weekly rent paid by household, total household income, and household composition for households in rented occupied private dwellings, (RC, TALB, SA2, Health), 2013, 2018, and 2023 Censuses",I,2023,2023,06,Hawke's Bay Region,999,Total - weekly rent paid by household,99,Total - total household income,2,Two-family household (with or without other people),618,,,
DATAFLOW,STATSNZ:CEN23_HOU_022(1.0),"Weekly rent paid by household, total household income, and household composition for households in rented occupied private dwellings, (RC, TALB, SA2, Health), 2013, 2018, and 2023 Censuses",I,2023,2023,18,Marlborough Region,07,$700 - $799,99,Total - total household income,77,Total stated - household composition,48,,,
DATAFLOW,STATSNZ:CEN23_HOU_022(1.0),"Weekly rent paid by household, total household income, and household composition for households in rented occupied private dwellings, (RC, TALB, SA2, Health), 2013, 2018, and 2023 Censuses",I,2023,2023,18,Marlborough Region,07,$700 - $799,99,Total - total household income,1,One-family household (with or without other people),30,,,
DATAFLOW,STATSNZ:CEN23_HOU_022(1.0),"Weekly rent paid by household, total household income, and household composition for households in rented occupied private dwellings, (RC, TALB, SA2, Health), 2013, 2018, and 2023 Censuses",I,2023,2023,12,West Coast Region,01,Under $200,99,Total - total household income,2,Two-family household (with or without other people),12,,,
DATAFLOW,STATSNZ:CEN23_HOU_022(1.0),"Weekly rent paid by household, total household income, and household composition for households in rented occupied private dwellings, (RC, TALB, SA2, Health), 2013, 2018, and 2023 Censuses",I,2023,2023,02,Auckland Region,999,Total - weekly rent paid by household,99,Total - total household income,2,Two-family household (with or without other people),10773,,,
DATAFLOW,STATSNZ:CEN23_HOU_022(1.0),"Weekly rent paid by household, total household income, and household composition for households in rented occupied private dwellings, (RC, TALB, SA2, Health), 2013, 2018, and 2023 Censuses",I,2023,2023,12,West Coast Region,999,Total - weekly rent paid by household,99,Total - total household income,2,Two-family household (with or without other people),42,,,
DATAFLOW,STATSNZ:CEN23_HOU_022(1.0),"Weekly rent paid by household, total household income, and household composition for households in rented occupied private dwellings, (RC, TALB, SA2, Health), 2013, 2018, and 2023 Censuses",I,2023,2023,06,Hawke's Bay Region,99,Not elsewhere included,99,Total - total household income,3,Three or more family household (with or without other people),0,,,
DATAFLOW,STATSNZ:CEN23_HOU_022(1.0),"Weekly rent paid by household, total household income, and household composition for households in rented occupied private dwellings, (RC, TALB, SA2, Health), 2013, 2018, and 2023 Censuses",I,2023,2023,18,Marlborough Region,08,$800 and over,99,Total - total household income,5,One-person household,6,,,
DATAFLOW,STATSNZ:CEN23_HOU_022(1.0),"Weekly rent paid by household, total household income, and household composition for households in rented occupied private dwellings, (RC, TALB, SA2, Health), 2013, 2018, and 2023 Censuses",I,2023,2023,12,West Coast Region,99,Not elsewhere included,99,Total - total household income,3,Three or more family household (with or without other people),0,,,
DATAFLOW,STATSNZ:CEN23_HOU_022(1.0),"Weekly rent paid by household, total household income, and household composition for households in rented occupied private dwellings, (RC, TALB, SA2, Health), 2013, 2018, and 2023 Censuses",I,2023,2023,99,Area Outside Region,99,Not elsewhere included,99,Total - total household income,99,Total - household composition,3,,,
DATAFLOW,STATSNZ:CEN23_HOU_022(1.0),"Weekly rent paid by household, total household income, and household composition for households in rented occupied private dwellings, (RC, TALB, SA2, Health), 2013, 2018, and 2023 Censuses",I,2023,2023,13,Canterbury Region,02,$200 - $299,99,Total - total household income,99,Total - household composition,7692,,,
DATAFLOW,STATSNZ:CEN23_HOU_022(1.0),"Weekly rent paid by household, total household income, and household composition for households in rented occupied private dwellings, (RC, TALB, SA2, Health), 2013, 2018, and 2023 Censuses",I,2023,2023,18,Marlborough Region,99,Not elsewhere included,99,Total - total household income,5,One-person household,36,,,
DATAFLOW,STATSNZ:CEN23_HOU_022(1.0),"Weekly rent paid by household, total household income, and household composition for households in rented occupied private dwellings, (RC, TALB, SA2, Health), 2013, 2018, and 2023 Censuses",I,2023,2023,17,Nelson Region,05,$500 - $599,99,Total - total household income,77,Total stated - household composition,1107,,,
DATAFLOW,STATSNZ:CEN23_HOU_022(1.0),"Weekly rent paid by household, total household income, and household composition for households in rented occupied private dwellings, (RC, TALB, SA2, Health), 2013, 2018, and 2023 Censuses",I,2023,2023,9999,Total - New Zealand by regional council,04,$400 - $499,99,Total - total household income,2,Two-family household (with or without other people),2682,,,
DATAFLOW,STATSNZ:CEN23_HOU_022(1.0),"Weekly rent paid by household, total household income, and household composition for households in rented occupied private dwellings, (RC, TALB, SA2, Health), 2013, 2018, and 2023 Censuses",I,2023,2023,99,Area Outside Region,777,Total stated - weekly rent paid by household,99,Total - total household income,1,One-family household (with or without other people),33,,,
DATAFLOW,STATSNZ:CEN23_HOU_022(1.0),"Weekly rent paid by household, total household income, and household composition for households in rented occupied private dwellings, (RC, TALB, SA2, Health), 2013, 2018, and 2023 Censuses",I,2023,2023,01,Northland Region,06,$600 - $699,99,Total - total household income,5,One-person household,93,,,
DATAFLOW,STATSNZ:CEN23_HOU_022(1.0),"Weekly rent paid by household, total household income, and household composition for households in rented occupied private dwellings, (RC, TALB, SA2, Health), 2013, 2018, and 2023 Censuses",I,2023,2023,17,Nelson Region,01,Under $200,99,Total - total household income,5,One-person household,381,,,
DATAFLOW,STATSNZ:CEN23_HOU_022(1.0),"Weekly rent paid by household, total household income, and household composition for households in rented occupied private dwellings, (RC, TALB, SA2, Health), 2013, 2018, and 2023 Censuses",I,2023,2023,08,Manawatū-Whanganui Region,05,$500 - $599,99,Total - total household income,2,Two-family household (with or without other people),144,,,
DATAFLOW,STATSNZ:CEN23_HOU_022(1.0),"Weekly rent paid by household, total household income, and household composition for households in rented occupied private dwellings, (RC, TALB, SA2, Health), 2013, 2018, and 2023 Censuses",I,2023,2023,05,Gisborne Region,777,Total stated - weekly rent paid by household,99,Total - total household income,5,One-person household,1248,,,
DATAFLOW,STATSNZ:CEN23_HOU_022(1.0),"Weekly rent paid by household, total household income, and household composition for households in rented occupied private dwellings, (RC, TALB, SA2, Health), 2013, 2018, and 2023 Censuses",I,2023,2023,07,Taranaki Region,999,Total - weekly rent paid by household,99,Total - total household income,2,Two-family household (with or without other people),312,,,
DATAFLOW,STATSNZ:CEN23_HOU_022(1.0),"Weekly rent paid by household, total household income, and household composition for households in rented occupied private dwellings, (RC, TALB, SA2, Health), 2013, 2018, and 2023 Censuses",I,2023,2023,18,Marlborough Region,02,$200 - $299,99,Total - total household income,5,One-person household,345,,,
DATAFLOW,STATSNZ:CEN23_HOU_022(1.0),"Weekly rent paid by household, total household income, and household composition for households in rented occupied private dwellings, (RC, TALB, SA2, Health), 2013, 2018, and 2023 Censuses",I,2023,2023,13,Canterbury Region,99,Not elsewhere included,99,Total - total household income,1,One-family household (with or without other people),225,,,
DATAFLOW,STATSNZ:CEN23_HOU_022(1.0),"Weekly rent paid by household, total household income, and household composition for households in rented occupied private dwellings, (RC, TALB, SA2, Health), 2013, 2018, and 2023 Censuses",I,2023,2023,08,Manawatū-Whanganui Region,07,$700 - $799,99,Total - total household income,3,Three or more family household (with or without other people),3,,,
DATAFLOW,STATSNZ:CEN23_HOU_022(1.0),"Weekly rent paid by household, total household income, and household composition for households in rented occupied private dwellings, (RC, TALB, SA2, Health), 2013, 2018, and 2023 Censuses",I,2023,2023,13,Canterbury Region,03,$300 - $399,99,Total - total household income,3,Three or more family household (with or without other people),6,,,
DATAFLOW,STATSNZ:CEN23_HOU_022(1.0),"Weekly rent paid by household, total household income, and household composition for households in rented occupied private dwellings, (RC, TALB, SA2, Health), 2013, 2018, and 2023 Censuses",I,2023,2023,07,Taranaki Region,01,Under $200,99,Total - total household income,1,One-family household (with or without other people),882,,,
DATAFLOW,STATSNZ:CEN23_HOU_022(1.0),"Weekly rent paid by household, total household income, and household composition for households in rented occupied private dwellings, (RC, TALB, SA2, Health), 2013, 2018, and 2023 Censuses",I,2023,2023,05,Gisborne Region,04,$400 - $499,99,Total - total household income,6,Household composition unidentifiable,60,,,
DATAFLOW,STATSNZ:CEN23_HOU_022(1.0),"Weekly rent paid by household, total household income, and household composition for households in rented occupied private dwellings, (RC, TALB, SA2, Health), 2013, 2018, and 2023 Censuses",I,2023,2023,14,Otago Region,08,$800 and over,99,Total - total household income,1,One-family household (with or without other people),717,,,
DATAFLOW,STATSNZ:CEN23_HOU_022(1.0),"Weekly rent paid by household, total household income, and household composition for households in rented occupied private dwellings, (RC, TALB, SA2, Health), 2013, 2018, and 2023 Censuses",I,2023,2023,13,Canterbury Region,999,Total - weekly rent paid by household,99,Total - total household income,77,Total stated - household composition,67068,,,
DATAFLOW,STATSNZ:CEN23_HOU_022(1.0),"Weekly rent paid by household, total household income, and household composition for households in rented occupied private dwellings, (RC, TALB, SA2, Health), 2013, 2018, and 2023 Censuses",I,2023,2023,07,Taranaki Region,07,$700 - $799,99,Total - total household income,4,Other multi-person household,15,,,
DATAFLOW,STATSNZ:CEN23_HOU_022(1.0),"Weekly rent paid by household, total household income, and household composition for households in rented occupied private dwellings, (RC, TALB, SA2, Health), 2013, 2018, and 2023 Censuses",I,2023,2023,18,Marlborough Region,999,Total - weekly rent paid by household,99,Total - total household income,1,One-family household (with or without other people),2661,,,
DATAFLOW,STATSNZ:CEN23_HOU_022(1.0),"Weekly rent paid by household, total household income, and household composition for households in rented occupied private dwellings, (RC, TALB, SA2, Health), 2013, 2018, and 2023 Censuses",I,2023,2023,99,Area Outside Region,99,Not elsewhere included,99,Total - total household income,3,Three or more family household (with or without other people),,,c,Confidential
DATAFLOW,STATSNZ:CEN23_HOU_022(1.0),"Weekly rent paid by household, total household income, and household composition for households in rented occupied private dwellings, (RC, TALB, SA2, Health), 2013, 2018, and 2023 Censuses",I,2023,2023,12,West Coast Region,08,$800 and over,99,Total - total household income,2,Two-family household (with or without other people),0,,,
DATAFLOW,STATSNZ:CEN23_HOU_022(1.0),"Weekly rent paid by household, total household income, and household composition for households in rented occupied private dwellings, (RC, TALB, SA2, Health), 2013, 2018, and 2023 Censuses",I,2023,2023,09,Wellington Region,04,$400 - $499,99,Total - total household income,6,Household composition unidentifiable,558,,,
DATAFLOW,STATSNZ:CEN23_HOU_022(1.0),"Weekly rent paid by household, total household income, and household composition for households in rented occupied private dwellings, (RC, TALB, SA2, Health), 2013, 2018, and 2023 Censuses",I,2023,2023,14,Otago Region,777,Total stated - weekly rent paid by household,99,Total - total household income,1,One-family household (with or without other people),12972,,,
DATAFLOW,STATSNZ:CEN23_HOU_022(1.0),"Weekly rent paid by household, total household income, and household composition for households in rented occupied private dwellings, (RC, TALB, SA2, Health), 2013, 2018, and 2023 Censuses",I,2023,2023,04,Bay of Plenty Region,01,Under $200,99,Total - total household income,5,One-person household,1839,,,
DATAFLOW,STATSNZ:CEN23_HOU_022(1.0),"Weekly rent paid by household, total household income, and household composition for households in rented occupied private dwellings, (RC, TALB, SA2, Health), 2013, 2018, and 2023 Censuses",I,2023,2023,16,Tasman Region,999,Total - weekly rent paid by household,99,Total - total household income,3,Three or more family household (with or without other people),3,,,
DATAFLOW,STATSNZ:CEN23_HOU_022(1.0),"Weekly rent paid by household, total household income, and household composition for households in rented occupied private dwellings, (RC, TALB, SA2, Health), 2013, 2018, and 2023 Censuses",I,2023,2023,9999,Total - New Zealand by regional council,05,$500 - $599,99,Total - total household income,2,Two-family household (with or without other people),3507,,,
DATAFLOW,STATSNZ:CEN23_HOU_022(1.0),"Weekly rent paid by household, total household income, and household composition for households in rented occupied private dwellings, (RC, TALB, SA2, Health), 2013, 2018, and 2023 Censuses",I,2023,2023,99,Area Outside Region,03,$300 - $399,99,Total - total household income,5,One-person household,,,c,Confidential
DATAFLOW,STATSNZ:CEN23_HOU_022(1.0),"Weekly rent paid by household, total household income, and household composition for households in rented occupied private dwellings, (RC, TALB, SA2, Health), 2013, 2018, and 2023 Censuses",I,2023,2023,08,Manawatū-Whanganui Region,03,$300 - $399,99,Total - total household income,2,Two-family household (with or without other people),102,,,
DATAFLOW,STATSNZ:CEN23_HOU_022(1.0),"Weekly rent paid by household, total household income, and household composition for households in rented occupied private dwellings, (RC, TALB, SA2, Health), 2013, 2018, and 2023 Censuses",I,2023,2023,99,Area Outside Region,06,$600 - $699,99,Total - total household income,4,Other multi-person household,,,c,Confidential
DATAFLOW,STATSNZ:CEN23_HOU_022(1.0),"Weekly rent paid by household, total household income, and household composition for households in rented occupied private dwellings, (RC, TALB, SA2, Health), 2013, 2018, and 2023 Censuses",I,2023,2023,06,Hawke's Bay Region,05,$500 - $599,99,Total - total household income,2,Two-family household (with or without other people),105,,,
DATAFLOW,STATSNZ:CEN23_HOU_022(1.0),"Weekly rent paid by household, total household income, and household composition for households in rented occupied private dwellings, (RC, TALB, SA2, Health), 2013, 2018, and 2023 Censuses",I,2023,2023,17,Nelson Region,01,Under $200,99,Total - total household income,1,One-family household (with or without other people),267,,,
DATAFLOW,STATSNZ:CEN23_HOU_022(1.0),"Weekly rent paid by household, total household income, and household composition for households in rented occupied private dwellings, (RC, TALB, SA2, Health), 2013, 2018, and 2023 Censuses",I,2023,2023,15,Southland Region,03,$300 - $399,99,Total - total household income,5,One-person household,687,,,
DATAFLOW,STATSNZ:CEN23_HOU_022(1.0),"Weekly rent paid by household, total household income, and household composition for households in rented occupied private dwellings, (RC, TALB, SA2, Health), 2013, 2018, and 2023 Censuses",I,2023,2023,03,Waikato Region,08,$800 and over,99,Total - total household income,77,Total stated - household composition,687,,,
DATAFLOW,STATSNZ:CEN23_HOU_022(1.0),"Weekly rent paid by household, total household income, and household composition for households in rented occupied private dwellings, (RC, TALB, SA2, Health), 2013, 2018, and 2023 Censuses",I,2023,2023,9999,Total - New Zealand by regional council,04,$400 - $499,99,Total - total household income,5,One-person household,20601,,,
DATAFLOW,STATSNZ:CEN23_HOU_022(1.0),"Weekly rent paid by household, total household income, and household composition for households in rented occupied private dwellings, (RC, TALB, SA2, Health), 2013, 2018, and 2023 Censuses",I,2023,2023,05,Gisborne Region,05,$500 - $599,99,Total - total household income,1,One-family household (with or without other people),426,,,
DATAFLOW,STATSNZ:CEN23_HOU_022(1.0),"Weekly rent paid by household, total household income, and household composition for households in rented occupied private dwellings, (RC, TALB, SA2, Health), 2013, 2018, and 2023 Censuses",I,2023,2023,18,Marlborough Region,05,$500 - $599,99,Total - total household income,4,Other multi-person household,57,,,
DATAFLOW,STATSNZ:CEN23_HOU_022(1.0),"Weekly rent paid by household, total household income, and household composition for households in rented occupied private dwellings, (RC, TALB, SA2, Health), 2013, 2018, and 2023 Censuses",I,2023,2023,06,Hawke's Bay Region,777,Total stated - weekly rent paid by household,99,Total - total household income,99,Total - household composition,17535,,,
DATAFLOW,STATSNZ:CEN23_HOU_022(1.0),"Weekly rent paid by household, total household income, and household composition for households in rented occupied private dwellings, (RC, TALB, SA2, Health), 2013, 2018, and 2023 Censuses",I,2023,2023,15,Southland Region,07,$700 - $799,99,Total - total household income,4,Other multi-person household,6,,,
DATAFLOW,STATSNZ:CEN23_HOU_022(1.0),"Weekly rent paid by household, total household income, and household composition for households in rented occupied private dwellings, (RC, TALB, SA2, Health), 2013, 2018, and 2023 Censuses",I,2023,2023,17,Nelson Region,777,Total stated - weekly rent paid by household,99,Total - total household income,99,Total - household composition,5532,,,
DATAFLOW,STATSNZ:CEN23_HOU_022(1.0),"Weekly rent paid by household, total household income, and household composition for households in rented occupied private dwellings, (RC, TALB, SA2, Health), 2013, 2018, and 2023 Censuses",I,2023,2023,01,Northland Region,999,Total - weekly rent paid by household,99,Total - total household income,3,Three or more family household (with or without other people),48,,,
DATAFLOW,STATSNZ:CEN23_HOU_022(1.0),"Weekly rent paid by household, total household income, and household composition for households in rented occupied private dwellings, (RC, TALB, SA2, Health), 2013, 2018, and 2023 Censuses",I,2023,2023,13,Canterbury Region,04,$400 - $499,99,Total - total household income,6,Household composition unidentifiable,870,,,
DATAFLOW,STATSNZ:CEN23_HOU_022(1.0),"Weekly rent paid by household, total household income, and household composition for households in rented occupied private dwellings, (RC, TALB, SA2, Health), 2013, 2018, and 2023 Censuses",I,2023,2023,09,Wellington Region,07,$700 - $799,99,Total - total household income,2,Two-family household (with or without other people),246,,,
DATAFLOW,STATSNZ:CEN23_HOU_022(1.0),"Weekly rent paid by household, total household income, and household composition for households in rented occupied private dwellings, (RC, TALB, SA2, Health), 2013, 2018, and 2023 Censuses",I,2023,2023,08,Manawatū-Whanganui Region,05,$500 - $599,99,Total - total household income,1,One-family household (with or without other people),2463,,,
DATAFLOW,STATSNZ:CEN23_HOU_022(1.0),"Weekly rent paid by household, total household income, and household composition for households in rented occupied private dwellings, (RC, TALB, SA2, Health), 2013, 2018, and 2023 Censuses",I,2023,2023,06,Hawke's Bay Region,03,$300 - $399,99,Total - total household income,77,Total stated - household composition,2610,,,
DATAFLOW,STATSNZ:CEN23_HOU_022(1.0),"Weekly rent paid by household, total household income, and household composition for households in rented occupied private dwellings, (RC, TALB, SA2, Health), 2013, 2018, and 2023 Censuses",I,2023,2023,13,Canterbury Region,04,$400 - $499,99,Total - total household income,4,Other multi-person household,1806,,,
DATAFLOW,STATSNZ:CEN23_HOU_022(1.0),"Weekly rent paid by household, total household income, and household composition for households in rented occupied private dwellings, (RC, TALB, SA2, Health), 2013, 2018, and 2023 Censuses",I,2023,2023,06,Hawke's Bay Region,04,$400 - $499,99,Total - total household income,4,Other multi-person household,243,,,
DATAFLOW,STATSNZ:CEN23_HOU_022(1.0),"Weekly rent paid by household, total household income, and household composition for households in rented occupied private dwellings, (RC, TALB, SA2, Health), 2013, 2018, and 2023 Censuses",I,2023,2023,02,Auckland Region,07,$700 - $799,99,Total - total household income,77,Total stated - household composition,18648,,,
DATAFLOW,STATSNZ:CEN23_HOU_022(1.0),"Weekly rent paid by household, total household income, and household composition for households in rented occupied private dwellings, (RC, TALB, SA2, Health), 2013, 2018, and 2023 Censuses",I,2023,2023,05,Gisborne Region,99,Not elsewhere included,99,Total - total household income,3,Three or more family household (with or without other people),0,,,
DATAFLOW,STATSNZ:CEN23_HOU_022(1.0),"Weekly rent paid by household, total household income, and household composition for households in rented occupied private dwellings, (RC, TALB, SA2, Health), 2013, 2018, and 2023 Censuses",I,2023,2023,9999,Total - New Zealand by regional council,777,Total stated - weekly rent paid by household,99,Total - total household income,99,Total - household composition,559659,,,
DATAFLOW,STATSNZ:CEN23_HOU_022(1.0),"Weekly rent paid by household, total household income, and household composition for households in rented occupied private dwellings, (RC, TALB, SA2, Health), 2013, 2018, and 2023 Censuses",I,2023,2023,13,Canterbury Region,07,$700 - $799,99,Total - total household income,2,Two-family household (with or without other people),75,,,
DATAFLOW,STATSNZ:CEN23_HOU_022(1.0),"Weekly rent paid by household, total household income, and household composition for households in rented occupied private dwellings, (RC, TALB, SA2, Health), 2013, 2018, and 2023 Censuses",I,2023,2023,08,Manawatū-Whanganui Region,05,$500 - $599,99,Total - total household income,5,One-person household,291,,,
DATAFLOW,STATSNZ:CEN23_HOU_022(1.0),"Weekly rent paid by household, total household income, and household composition for households in rented occupied private dwellings, (RC, TALB, SA2, Health), 2013, 2018, and 2023 Censuses",I,2023,2023,14,Otago Region,999,Total - weekly rent paid by household,99,Total - total household income,6,Household composition unidentifiable,1206,,,
DATAFLOW,STATSNZ:CEN23_HOU_022(1.0),"Weekly rent paid by household, total household income, and household composition for households in rented occupied private dwellings, (RC, TALB, SA2, Health), 2013, 2018, and 2023 Censuses",I,2023,2023,04,Bay of Plenty Region,03,$300 - $399,99,Total - total household income,2,Two-family household (with or without other people),141,,,
DATAFLOW,STATSNZ:CEN23_HOU_022(1.0),"Weekly rent paid by household, total household income, and household composition for households in rented occupied private dwellings, (RC, TALB, SA2, Health), 2013, 2018, and 2023 Censuses",I,2023,2023,15,Southland Region,06,$600 - $699,99,Total - total household income,2,Two-family household (with or without other people),6,,,
DATAFLOW,STATSNZ:CEN23_HOU_022(1.0),"Weekly rent paid by household, total household income, and household composition for households in rented occupied private dwellings, (RC, TALB, SA2, Health), 2013, 2018, and 2023 Censuses",I,2023,2023,99,Area Outside Region,999,Total - weekly rent paid by household,99,Total - total household income,77,Total stated - household composition,60,,,
DATAFLOW,STATSNZ:CEN23_HOU_022(1.0),"Weekly rent paid by household, total household income, and household composition for households in rented occupied private dwellings, (RC, TALB, SA2, Health), 2013, 2018, and 2023 Censuses",I,2023,2023,13,Canterbury Region,05,$500 - $599,99,Total - total household income,6,Household composition unidentifiable,423,,,
DATAFLOW,STATSNZ:CEN23_HOU_022(1.0),"Weekly rent paid by household, total household income, and household composition for households in rented occupied private dwellings, (RC, TALB, SA2, Health), 2013, 2018, and 2023 Censuses",I,2023,2023,12,West Coast Region,07,$700 - $799,99,Total - total household income,99,Total - household composition,0,,,
DATAFLOW,STATSNZ:CEN23_HOU_022(1.0),"Weekly rent paid by household, total household income, and household composition for households in rented occupied private dwellings, (RC, TALB, SA2, Health), 2013, 2018, and 2023 Censuses",I,2023,2023,16,Tasman Region,08,$800 and over,99,Total - total household income,99,Total - household composition,39,,,
DATAFLOW,STATSNZ:CEN23_HOU_022(1.0),"Weekly rent paid by household, total household income, and household composition for households in rented occupied private dwellings, (RC, TALB, SA2, Health), 2013, 2018, and 2023 Censuses",I,2023,2023,18,Marlborough Region,07,$700 - $799,99,Total - total household income,2,Two-family household (with or without other people),0,,,
DATAFLOW,STATSNZ:CEN23_HOU_022(1.0),"Weekly rent paid by household, total household income, and household composition for households in rented occupied private dwellings, (RC, TALB, SA2, Health), 2013, 2018, and 2023 Censuses",I,2023,2023,07,Taranaki Region,04,$400 - $499,99,Total - total household income,6,Household composition unidentifiable,180,,,
DATAFLOW,STATSNZ:CEN23_HOU_022(1.0),"Weekly rent paid by household, total household income, and household composition for households in rented occupied private dwellings, (RC, TALB, SA2, Health), 2013, 2018, and 2023 Censuses",I,2023,2023,14,Otago Region,999,Total - weekly rent paid by household,99,Total - total household income,77,Total stated - household composition,25131,,,
DATAFLOW,STATSNZ:CEN23_HOU_022(1.0),"Weekly rent paid by household, total household income, and household composition for households in rented occupied private dwellings, (RC, TALB, SA2, Health), 2013, 2018, and 2023 Censuses",I,2023,2023,14,Otago Region,03,$300 - $399,99,Total - total household income,99,Total - household composition,4614,,,
DATAFLOW,STATSNZ:CEN23_HOU_022(1.0),"Weekly rent paid by household, total household income, and household composition for households in rented occupied private dwellings, (RC, TALB, SA2, Health), 2013, 2018, and 2023 Censuses",I,2023,2023,15,Southland Region,06,$600 - $699,99,Total - total household income,77,Total stated - household composition,66,,,
DATAFLOW,STATSNZ:CEN23_HOU_022(1.0),"Weekly rent paid by household, total household income, and household composition for households in rented occupied private dwellings, (RC, TALB, SA2, Health), 2013, 2018, and 2023 Censuses",I,2023,2023,12,West Coast Region,999,Total - weekly rent paid by household,99,Total - total household income,6,Household composition unidentifiable,282,,,
DATAFLOW,STATSNZ:CEN23_HOU_022(1.0),"Weekly rent paid by household, total household income, and household composition for households in rented occupied private dwellings, (RC, TALB, SA2, Health), 2013, 2018, and 2023 Censuses",I,2023,2023,17,Nelson Region,08,$800 and over,99,Total - total household income,6,Household composition unidentifiable,3,,,
DATAFLOW,STATSNZ:CEN23_HOU_022(1.0),"Weekly rent paid by household, total household income, and household composition for households in rented occupied private dwellings, (RC, TALB, SA2, Health), 2013, 2018, and 2023 Censuses",I,2023,2023,04,Bay of Plenty Region,03,$300 - $399,99,Total - total household income,6,Household composition unidentifiable,402,,,
DATAFLOW,STATSNZ:CEN23_HOU_022(1.0),"Weekly rent paid by household, total household income, and household composition for households in rented occupied private dwellings, (RC, TALB, SA2, Health), 2013, 2018, and 2023 Censuses",I,2023,2023,03,Waikato Region,05,$500 - $599,99,Total - total household income,99,Total - household composition,10779,,,
DATAFLOW,STATSNZ:CEN23_HOU_022(1.0),"Weekly rent paid by household, total household income, and household composition for households in rented occupied private dwellings, (RC, TALB, SA2, Health), 2013, 2018, and 2023 Censuses",I,2023,2023,02,Auckland Region,08,$800 and over,99,Total - total household income,77,Total stated - household composition,21801,,,
DATAFLOW,STATSNZ:CEN23_HOU_022(1.0),"Weekly rent paid by household, total household income, and household composition for households in rented occupied private dwellings, (RC, TALB, SA2, Health), 2013, 2018, and 2023 Censuses",I,2023,2023,04,Bay of Plenty Region,07,$700 - $799,99,Total - total household income,77,Total stated - household composition,1503,,,
DATAFLOW,STATSNZ:CEN23_HOU_022(1.0),"Weekly rent paid by household, total household income, and household composition for households in rented occupied private dwellings, (RC, TALB, SA2, Health), 2013, 2018, and 2023 Censuses",I,2023,2023,17,Nelson Region,07,$700 - $799,99,Total - total household income,6,Household composition unidentifiable,3,,,
DATAFLOW,STATSNZ:CEN23_HOU_022(1.0),"Weekly rent paid by household, total household income, and household composition for households in rented occupied private dwellings, (RC, TALB, SA2, Health), 2013, 2018, and 2023 Censuses",I,2023,2023,03,Waikato Region,03,$300 - $399,99,Total - total household income,5,One-person household,2850,,,
DATAFLOW,STATSNZ:CEN23_HOU_022(1.0),"Weekly rent paid by household, total household income, and household composition for households in rented occupied private dwellings, (RC, TALB, SA2, Health), 2013, 2018, and 2023 Censuses",I,2023,2023,04,Bay of Plenty Region,08,$800 and over,99,Total - total household income,4,Other multi-person household,105,,,
DATAFLOW,STATSNZ:CEN23_HOU_022(1.0),"Weekly rent paid by household, total household income, and household composition for households in rented occupied private dwellings, (RC, TALB, SA2, Health), 2013, 2018, and 2023 Censuses",I,2023,2023,09,Wellington Region,999,Total - weekly rent paid by household,99,Total - total household income,5,One-person household,15378,,,
DATAFLOW,STATSNZ:CEN23_HOU_022(1.0),"Weekly rent paid by household, total household income, and household composition for households in rented occupied private dwellings, (RC, TALB, SA2, Health), 2013, 2018, and 2023 Censuses",I,2023,2023,14,Otago Region,07,$700 - $799,99,Total - total household income,77,Total stated - household composition,1335,,,
DATAFLOW,STATSNZ:CEN23_HOU_022(1.0),"Weekly rent paid by household, total household income, and household composition for households in rented occupied private dwellings, (RC, TALB, SA2, Health), 2013, 2018, and 2023 Censuses",I,2023,2023,18,Marlborough Region,06,$600 - $699,99,Total - total household income,99,Total - household composition,165,,,
DATAFLOW,STATSNZ:CEN23_HOU_022(1.0),"Weekly rent paid by household, total household income, and household composition for households in rented occupied private dwellings, (RC, TALB, SA2, Health), 2013, 2018, and 2023 Censuses",I,2023,2023,01,Northland Region,99,Not elsewhere included,99,Total - total household income,3,Three or more family household (with or without other people),0,,,
DATAFLOW,STATSNZ:CEN23_HOU_022(1.0),"Weekly rent paid by household, total household income, and household composition for households in rented occupied private dwellings, (RC, TALB, SA2, Health), 2013, 2018, and 2023 Censuses",I,2023,2023,08,Manawatū-Whanganui Region,99,Not elsewhere included,99,Total - total household income,5,One-person household,204,,,
DATAFLOW,STATSNZ:CEN23_HOU_022(1.0),"Weekly rent paid by household, total household income, and household composition for households in rented occupied private dwellings, (RC, TALB, SA2, Health), 2013, 2018, and 2023 Censuses",I,2023,2023,09,Wellington Region,03,$300 - $399,99,Total - total household income,77,Total stated - household composition,6720,,,
DATAFLOW,STATSNZ:CEN23_HOU_022(1.0),"Weekly rent paid by household, total household income, and household composition for households in rented occupied private dwellings, (RC, TALB, SA2, Health), 2013, 2018, and 2023 Censuses",I,2023,2023,16,Tasman Region,777,Total stated - weekly rent paid by household,99,Total - total household income,6,Household composition unidentifiable,315,,,
DATAFLOW,STATSNZ:CEN23_HOU_022(1.0),"Weekly rent paid by household, total household income, and household composition for households in rented occupied private dwellings, (RC, TALB, SA2, Health), 2013, 2018, and 2023 Censuses",I,2023,2023,99,Area Outside Region,06,$600 - $699,99,Total - total household income,1,One-family household (with or without other people),,,c,Confidential
DATAFLOW,STATSNZ:CEN23_HOU_022(1.0),"Weekly rent paid by household, total household income, and household composition for households in rented occupied private dwellings, (RC, TALB, SA2, Health), 2013, 2018, and 2023 Censuses",I,2023,2023,18,Marlborough Region,999,Total - weekly rent paid by household,99,Total - total household income,4,Other multi-person household,339,,,
DATAFLOW,STATSNZ:CEN23_HOU_022(1.0),"Weekly rent paid by household, total household income, and household composition for households in rented occupied private dwellings, (RC, TALB, SA2, Health), 2013, 2018, and 2023 Censuses",I,2023,2023,05,Gisborne Region,01,Under $200,99,Total - total household income,4,Other multi-person household,123,,,
DATAFLOW,STATSNZ:CEN23_HOU_022(1.0),"Weekly rent paid by household, total household income, and household composition for households in rented occupied private dwellings, (RC, TALB, SA2, Health), 2013, 2018, and 2023 Censuses",I,2023,2023,05,Gisborne Region,02,$200 - $299,99,Total - total household income,6,Household composition unidentifiable,87,,,
DATAFLOW,STATSNZ:CEN23_HOU_022(1.0),"Weekly rent paid by household, total household income, and household composition for households in rented occupied private dwellings, (RC, TALB, SA2, Health), 2013, 2018, and 2023 Censuses",I,2023,2023,03,Waikato Region,999,Total - weekly rent paid by household,99,Total - total household income,99,Total - household composition,56046,,,
DATAFLOW,STATSNZ:CEN23_HOU_022(1.0),"Weekly rent paid by household, total household income, and household composition for households in rented occupied private dwellings, (RC, TALB, SA2, Health), 2013, 2018, and 2023 Censuses",I,2023,2023,14,Otago Region,777,Total stated - weekly rent paid by household,99,Total - total household income,99,Total - household composition,26100,,,
DATAFLOW,STATSNZ:CEN23_HOU_022(1.0),"Weekly rent paid by household, total household income, and household composition for households in rented occupied private dwellings, (RC, TALB, SA2, Health), 2013, 2018, and 2023 Censuses",I,2023,2023,15,Southland Region,999,Total - weekly rent paid by household,99,Total - total household income,1,One-family household (with or without other people),5418,,,
DATAFLOW,STATSNZ:CEN23_HOU_022(1.0),"Weekly rent paid by household, total household income, and household composition for households in rented occupied private dwellings, (RC, TALB, SA2, Health), 2013, 2018, and 2023 Censuses",I,2023,2023,18,Marlborough Region,06,$600 - $699,99,Total - total household income,1,One-family household (with or without other people),117,,,
DATAFLOW,STATSNZ:CEN23_HOU_022(1.0),"Weekly rent paid by household, total household income, and household composition for households in rented occupied private dwellings, (RC, TALB, SA2, Health), 2013, 2018, and 2023 Censuses",I,2023,2023,17,Nelson Region,04,$400 - $499,99,Total - total household income,4,Other multi-person household,126,,,
DATAFLOW,STATSNZ:CEN23_HOU_022(1.0),"Weekly rent paid by household, total household income, and household composition for households in rented occupied private dwellings, (RC, TALB, SA2, Health), 2013, 2018, and 2023 Censuses",I,2023,2023,13,Canterbury Region,08,$800 and over,99,Total - total household income,5,One-person household,132,,,
DATAFLOW,STATSNZ:CEN23_HOU_022(1.0),"Weekly rent paid by household, total household income, and household composition for households in rented occupied private dwellings, (RC, TALB, SA2, Health), 2013, 2018, and 2023 Censuses",I,2023,2023,03,Waikato Region,02,$200 - $299,99,Total - total household income,6,Household composition unidentifiable,645,,,
DATAFLOW,STATSNZ:CEN23_HOU_022(1.0),"Weekly rent paid by household, total household income, and household composition for households in rented occupied private dwellings, (RC, TALB, SA2, Health), 2013, 2018, and 2023 Censuses",I,2023,2023,9999,Total - New Zealand by regional council,07,$700 - $799,99,Total - total household income,6,Household composition unidentifiable,1566,,,
DATAFLOW,STATSNZ:CEN23_HOU_022(1.0),"Weekly rent paid by household, total household income, and household composition for households in rented occupied private dwellings, (RC, TALB, SA2, Health), 2013, 2018, and 2023 Censuses",I,2023,2023,9999,Total - New Zealand by regional council,999,Total - weekly rent paid by household,99,Total - total household income,6,Household composition unidentifiable,38247,,,
DATAFLOW,STATSNZ:CEN23_HOU_022(1.0),"Weekly rent paid by household, total household income, and household composition for households in rented occupied private dwellings, (RC, TALB, SA2, Health), 2013, 2018, and 2023 Censuses",I,2023,2023,99,Area Outside Region,05,$500 - $599,99,Total - total household income,3,Three or more family household (with or without other people),,,c,Confidential
DATAFLOW,STATSNZ:CEN23_HOU_022(1.0),"Weekly rent paid by household, total household income, and household composition for households in rented occupied private dwellings, (RC, TALB, SA2, Health), 2013, 2018, and 2023 Censuses",I,2023,2023,14,Otago Region,03,$300 - $399,99,Total - total household income,6,Household composition unidentifiable,213,,,
DATAFLOW,STATSNZ:CEN23_HOU_022(1.0),"Weekly rent paid by household, total household income, and household composition for households in rented occupied private dwellings, (RC, TALB, SA2, Health), 2013, 2018, and 2023 Censuses",I,2023,2023,01,Northland Region,05,$500 - $599,99,Total - total household income,5,One-person household,267,,,
DATAFLOW,STATSNZ:CEN23_HOU_022(1.0),"Weekly rent paid by household, total household income, and household composition for households in rented occupied private dwellings, (RC, TALB, SA2, Health), 2013, 2018, and 2023 Censuses",I,2023,2023,04,Bay of Plenty Region,08,$800 and over,99,Total - total household income,5,One-person household,72,,,
DATAFLOW,STATSNZ:CEN23_HOU_022(1.0),"Weekly rent paid by household, total household income, and household composition for households in rented occupied private dwellings, (RC, TALB, SA2, Health), 2013, 2018, and 2023 Censuses",I,2023,2023,08,Manawatū-Whanganui Region,06,$600 - $699,99,Total - total household income,6,Household composition unidentifiable,81,,,
DATAFLOW,STATSNZ:CEN23_HOU_022(1.0),"Weekly rent paid by household, total household income, and household composition for households in rented occupied private dwellings, (RC, TALB, SA2, Health), 2013, 2018, and 2023 Censuses",I,2023,2023,03,Waikato Region,777,Total stated - weekly rent paid by household,99,Total - total household income,2,Two-family household (with or without other people),1878,,,
DATAFLOW,STATSNZ:CEN23_HOU_022(1.0),"Weekly rent paid by household, total household income, and household composition for households in rented occupied private dwellings, (RC, TALB, SA2, Health), 2013, 2018, and 2023 Censuses",I,2023,2023,09,Wellington Region,01,Under $200,99,Total - total household income,1,One-family household (with or without other people),3417,,,
DATAFLOW,STATSNZ:CEN23_HOU_022(1.0),"Weekly rent paid by household, total household income, and household composition for households in rented occupied private dwellings, (RC, TALB, SA2, Health), 2013, 2018, and 2023 Censuses",I,2023,2023,12,West Coast Region,05,$500 - $599,99,Total - total household income,77,Total stated - household composition,51,,,
DATAFLOW,STATSNZ:CEN23_HOU_022(1.0),"Weekly rent paid by household, total household income, and household composition for households in rented occupied private dwellings, (RC, TALB, SA2, Health), 2013, 2018, and 2023 Censuses",I,2023,2023,15,Southland Region,01,Under $200,99,Total - total household income,5,One-person household,1077,,,
DATAFLOW,STATSNZ:CEN23_HOU_022(1.0),"Weekly rent paid by household, total household income, and household composition for households in rented occupied private dwellings, (RC, TALB, SA2, Health), 2013, 2018, and 2023 Censuses",I,2023,2023,13,Canterbury Region,777,Total stated - weekly rent paid by household,99,Total - total household income,5,One-person household,17865,,,
DATAFLOW,STATSNZ:CEN23_HOU_022(1.0),"Weekly rent paid by household, total household income, and household composition for households in rented occupied private dwellings, (RC, TALB, SA2, Health), 2013, 2018, and 2023 Censuses",I,2023,2023,01,Northland Region,999,Total - weekly rent paid by household,99,Total - total household income,99,Total - household composition,18096,,,
DATAFLOW,STATSNZ:CEN23_HOU_022(1.0),"Weekly rent paid by household, total household income, and household composition for households in rented occupied private dwellings, (RC, TALB, SA2, Health), 2013, 2018, and 2023 Censuses",I,2023,2023,14,Otago Region,01,Under $200,99,Total - total household income,99,Total - household composition,4560,,,
DATAFLOW,STATSNZ:CEN23_HOU_022(1.0),"Weekly rent paid by household, total household income, and household composition for households in rented occupied private dwellings, (RC, TALB, SA2, Health), 2013, 2018, and 2023 Censuses",I,2023,2023,08,Manawatū-Whanganui Region,777,Total stated - weekly rent paid by household,99,Total - total household income,99,Total - household composition,26835,,,
DATAFLOW,STATSNZ:CEN23_HOU_022(1.0),"Weekly rent paid by household, total household income, and household composition for households in rented occupied private dwellings, (RC, TALB, SA2, Health), 2013, 2018, and 2023 Censuses",I,2023,2023,07,Taranaki Region,777,Total stated - weekly rent paid by household,99,Total - total household income,77,Total stated - household composition,11106,,,
DATAFLOW,STATSNZ:CEN23_HOU_022(1.0),"Weekly rent paid by household, total household income, and household composition for households in rented occupied private dwellings, (RC, TALB, SA2, Health), 2013, 2018, and 2023 Censuses",I,2023,2023,06,Hawke's Bay Region,02,$200 - $299,99,Total - total household income,4,Other multi-person household,156,,,
DATAFLOW,STATSNZ:CEN23_HOU_022(1.0),"Weekly rent paid by household, total household income, and household composition for households in rented occupied private dwellings, (RC, TALB, SA2, Health), 2013, 2018, and 2023 Censuses",I,2023,2023,15,Southland Region,05,$500 - $599,99,Total - total household income,4,Other multi-person household,33,,,
DATAFLOW,STATSNZ:CEN23_HOU_022(1.0),"Weekly rent paid by household, total household income, and household composition for households in rented occupied private dwellings, (RC, TALB, SA2, Health), 2013, 2018, and 2023 Censuses",I,2023,2023,14,Otago Region,06,$600 - $699,99,Total - total household income,2,Two-family household (with or without other people),75,,,
DATAFLOW,STATSNZ:CEN23_HOU_022(1.0),"Weekly rent paid by household, total household income, and household composition for households in rented occupied private dwellings, (RC, TALB, SA2, Health), 2013, 2018, and 2023 Censuses",I,2023,2023,01,Northland Region,03,$300 - $399,99,Total - total household income,5,One-person household,1053,,,
DATAFLOW,STATSNZ:CEN23_HOU_022(1.0),"Weekly rent paid by household, total household income, and household composition for households in rented occupied private dwellings, (RC, TALB, SA2, Health), 2013, 2018, and 2023 Censuses",I,2023,2023,06,Hawke's Bay Region,999,Total - weekly rent paid by household,99,Total - total household income,6,Household composition unidentifiable,2145,,,
DATAFLOW,STATSNZ:CEN23_HOU_022(1.0),"Weekly rent paid by household, total household income, and household composition for households in rented occupied private dwellings, (RC, TALB, SA2, Health), 2013, 2018, and 2023 Censuses",I,2023,2023,15,Southland Region,04,$400 - $499,99,Total - total household income,4,Other multi-person household,180,,,
DATAFLOW,STATSNZ:CEN23_HOU_022(1.0),"Weekly rent paid by household, total household income, and household composition for households in rented occupied private dwellings, (RC, TALB, SA2, Health), 2013, 2018, and 2023 Censuses",I,2023,2023,17,Nelson Region,01,Under $200,99,Total - total household income,99,Total - household composition,756,,,
DATAFLOW,STATSNZ:CEN23_HOU_022(1.0),"Weekly rent paid by household, total household income, and household composition for households in rented occupied private dwellings, (RC, TALB, SA2, Health), 2013, 2018, and 2023 Censuses",I,2023,2023,04,Bay of Plenty Region,05,$500 - $599,99,Total - total household income,77,Total stated - household composition,6402,,,
DATAFLOW,STATSNZ:CEN23_HOU_022(1.0),"Weekly rent paid by household, total household income, and household composition for households in rented occupied private dwellings, (RC, TALB, SA2, Health), 2013, 2018, and 2023 Censuses",I,2023,2023,9999,Total - New Zealand by regional council,07,$700 - $799,99,Total - total household income,77,Total stated - household composition,30717,,,
DATAFLOW,STATSNZ:CEN23_HOU_022(1.0),"Weekly rent paid by household, total household income, and household composition for households in rented occupied private dwellings, (RC, TALB, SA2, Health), 2013, 2018, and 2023 Censuses",I,2023,2023,05,Gisborne Region,777,Total stated - weekly rent paid by household,99,Total - total household income,4,Other multi-person household,423,,,
DATAFLOW,STATSNZ:CEN23_HOU_022(1.0),"Weekly rent paid by household, total household income, and household composition for households in rented occupied private dwellings, (RC, TALB, SA2, Health), 2013, 2018, and 2023 Censuses",I,2023,2023,15,Southland Region,08,$800 and over,99,Total - total household income,4,Other multi-person household,9,,,
DATAFLOW,STATSNZ:CEN23_HOU_022(1.0),"Weekly rent paid by household, total household income, and household composition for households in rented occupied private dwellings, (RC, TALB, SA2, Health), 2013, 2018, and 2023 Censuses",I,2023,2023,12,West Coast Region,02,$200 - $299,99,Total - total household income,5,One-person household,366,,,
DATAFLOW,STATSNZ:CEN23_HOU_022(1.0),"Weekly rent paid by household, total household income, and household composition for households in rented occupied private dwellings, (RC, TALB, SA2, Health), 2013, 2018, and 2023 Censuses",I,2023,2023,09,Wellington Region,06,$600 - $699,99,Total - total household income,1,One-family household (with or without other people),5952,,,
DATAFLOW,STATSNZ:CEN23_HOU_022(1.0),"Weekly rent paid by household, total household income, and household composition for households in rented occupied private dwellings, (RC, TALB, SA2, Health), 2013, 2018, and 2023 Censuses",I,2023,2023,01,Northland Region,08,$800 and over,99,Total - total household income,4,Other multi-person household,27,,,
DATAFLOW,STATSNZ:CEN23_HOU_022(1.0),"Weekly rent paid by household, total household income, and household composition for households in rented occupied private dwellings, (RC, TALB, SA2, Health), 2013, 2018, and 2023 Censuses",I,2023,2023,01,Northland Region,99,Not elsewhere included,99,Total - total household income,6,Household composition unidentifiable,111,,,
DATAFLOW,STATSNZ:CEN23_HOU_022(1.0),"Weekly rent paid by household, total household income, and household composition for households in rented occupied private dwellings, (RC, TALB, SA2, Health), 2013, 2018, and 2023 Censuses",I,2023,2023,17,Nelson Region,07,$700 - $799,99,Total - total household income,1,One-family household (with or without other people),75,,,
DATAFLOW,STATSNZ:CEN23_HOU_022(1.0),"Weekly rent paid by household, total household income, and household composition for households in rented occupied private dwellings, (RC, TALB, SA2, Health), 2013, 2018, and 2023 Censuses",I,2023,2023,09,Wellington Region,07,$700 - $799,99,Total - total household income,6,Household composition unidentifiable,234,,,
DATAFLOW,STATSNZ:CEN23_HOU_022(1.0),"Weekly rent paid by household, total household income, and household composition for households in rented occupied private dwellings, (RC, TALB, SA2, Health), 2013, 2018, and 2023 Censuses",I,2023,2023,14,Otago Region,99,Not elsewhere included,99,Total - total household income,2,Two-family household (with or without other people),0,,,
DATAFLOW,STATSNZ:CEN23_HOU_022(1.0),"Weekly rent paid by household, total household income, and household composition for households in rented occupied private dwellings, (RC, TALB, SA2, Health), 2013, 2018, and 2023 Censuses",I,2023,2023,01,Northland Region,07,$700 - $799,99,Total - total household income,99,Total - household composition,336,,,
DATAFLOW,STATSNZ:CEN23_HOU_022(1.0),"Weekly rent paid by household, total household income, and household composition for households in rented occupied private dwellings, (RC, TALB, SA2, Health), 2013, 2018, and 2023 Censuses",I,2023,2023,13,Canterbury Region,99,Not elsewhere included,99,Total - total household income,2,Two-family household (with or without other people),6,,,
DATAFLOW,STATSNZ:CEN23_HOU_022(1.0),"Weekly rent paid by household, total household income, and household composition for households in rented occupied private dwellings, (RC, TALB, SA2, Health), 2013, 2018, and 2023 Censuses",I,2023,2023,03,Waikato Region,99,Not elsewhere included,99,Total - total household income,6,Household composition unidentifiable,111,,,
DATAFLOW,STATSNZ:CEN23_HOU_022(1.0),"Weekly rent paid by household, total household income, and household composition for households in rented occupied private dwellings, (RC, TALB, SA2, Health), 2013, 2018, and 2023 Censuses",I,2023,2023,17,Nelson Region,02,$200 - $299,99,Total - total household income,1,One-family household (with or without other people),129,,,
DATAFLOW,STATSNZ:CEN23_HOU_022(1.0),"Weekly rent paid by household, total household income, and household composition for households in rented occupied private dwellings, (RC, TALB, SA2, Health), 2013, 2018, and 2023 Censuses",I,2023,2023,99,Area Outside Region,99,Not elsewhere included,99,Total - total household income,4,Other multi-person household,,,c,Confidential
DATAFLOW,STATSNZ:CEN23_HOU_022(1.0),"Weekly rent paid by household, total household income, and household composition for households in rented occupied private dwellings, (RC, TALB, SA2, Health), 2013, 2018, and 2023 Censuses",I,2023,2023,08,Manawatū-Whanganui Region,02,$200 - $299,99,Total - total household income,77,Total stated - household composition,4113,,,
DATAFLOW,STATSNZ:CEN23_HOU_022(1.0),"Weekly rent paid by household, total household income, and household composition for households in rented occupied private dwellings, (RC, TALB, SA2, Health), 2013, 2018, and 2023 Censuses",I,2023,2023,9999,Total - New Zealand by regional council,99,Not elsewhere included,99,Total - total household income,1,One-family household (with or without other people),2205,,,
DATAFLOW,STATSNZ:CEN23_HOU_022(1.0),"Weekly rent paid by household, total household income, and household composition for households in rented occupied private dwellings, (RC, TALB, SA2, Health), 2013, 2018, and 2023 Censuses",I,2023,2023,9999,Total - New Zealand by regional council,04,$400 - $499,99,Total - total household income,1,One-family household (with or without other people),62694,,,
DATAFLOW,STATSNZ:CEN23_HOU_022(1.0),"Weekly rent paid by household, total household income, and household composition for households in rented occupied private dwellings, (RC, TALB, SA2, Health), 2013, 2018, and 2023 Censuses",I,2023,2023,99,Area Outside Region,05,$500 - $599,99,Total - total household income,99,Total - household composition,3,,,
DATAFLOW,STATSNZ:CEN23_HOU_022(1.0),"Weekly rent paid by household, total household income, and household composition for households in rented occupied private dwellings, (RC, TALB, SA2, Health), 2013, 2018, and 2023 Censuses",I,2023,2023,12,West Coast Region,03,$300 - $399,99,Total - total household income,6,Household composition unidentifiable,60,,,
DATAFLOW,STATSNZ:CEN23_HOU_022(1.0),"Weekly rent paid by household, total household income, and household composition for households in rented occupied private dwellings, (RC, TALB, SA2, Health), 2013, 2018, and 2023 Censuses",I,2023,2023,04,Bay of Plenty Region,01,Under $200,99,Total - total household income,6,Household composition unidentifiable,492,,,
DATAFLOW,STATSNZ:CEN23_HOU_022(1.0),"Weekly rent paid by household, total household income, and household composition for households in rented occupied private dwellings, (RC, TALB, SA2, Health), 2013, 2018, and 2023 Censuses",I,2023,2023,12,West Coast Region,02,$200 - $299,99,Total - total household income,2,Two-family household (with or without other people),12,,,
DATAFLOW,STATSNZ:CEN23_HOU_022(1.0),"Weekly rent paid by household, total household income, and household composition for households in rented occupied private dwellings, (RC, TALB, SA2, Health), 2013, 2018, and 2023 Censuses",I,2023,2023,99,Area Outside Region,02,$200 - $299,99,Total - total household income,4,Other multi-person household,,,c,Confidential
DATAFLOW,STATSNZ:CEN23_HOU_022(1.0),"Weekly rent paid by household, total household income, and household composition for households in rented occupied private dwellings, (RC, TALB, SA2, Health), 2013, 2018, and 2023 Censuses",I,2023,2023,13,Canterbury Region,777,Total stated - weekly rent paid by household,99,Total - total household income,6,Household composition unidentifiable,3675,,,
DATAFLOW,STATSNZ:CEN23_HOU_022(1.0),"Weekly rent paid by household, total household income, and household composition for households in rented occupied private dwellings, (RC, TALB, SA2, Health), 2013, 2018, and 2023 Censuses",I,2023,2023,09,Wellington Region,04,$400 - $499,99,Total - total household income,1,One-family household (with or without other people),5262,,,
DATAFLOW,STATSNZ:CEN23_HOU_022(1.0),"Weekly rent paid by household, total household income, and household composition for households in rented occupied private dwellings, (RC, TALB, SA2, Health), 2013, 2018, and 2023 Censuses",I,2023,2023,06,Hawke's Bay Region,01,Under $200,99,Total - total household income,2,Two-family household (with or without other people),138,,,
DATAFLOW,STATSNZ:CEN23_HOU_022(1.0),"Weekly rent paid by household, total household income, and household composition for households in rented occupied private dwellings, (RC, TALB, SA2, Health), 2013, 2018, and 2023 Censuses",I,2023,2023,15,Southland Region,777,Total stated - weekly rent paid by household,99,Total - total household income,77,Total stated - household composition,9357,,,
DATAFLOW,STATSNZ:CEN23_HOU_022(1.0),"Weekly rent paid by household, total household income, and household composition for households in rented occupied private dwellings, (RC, TALB, SA2, Health), 2013, 2018, and 2023 Censuses",I,2023,2023,99,Area Outside Region,777,Total stated - weekly rent paid by household,99,Total - total household income,2,Two-family household (with or without other people),,,c,Confidential
DATAFLOW,STATSNZ:CEN23_HOU_022(1.0),"Weekly rent paid by household, total household income, and household composition for households in rented occupied private dwellings, (RC, TALB, SA2, Health), 2013, 2018, and 2023 Censuses",I,2023,2023,15,Southland Region,99,Not elsewhere included,99,Total - total household income,4,Other multi-person household,9,,,
DATAFLOW,STATSNZ:CEN23_HOU_022(1.0),"Weekly rent paid by household, total household income, and household composition for households in rented occupied private dwellings, (RC, TALB, SA2, Health), 2013, 2018, and 2023 Censuses",I,2023,2023,14,Otago Region,08,$800 and over,99,Total - total household income,99,Total - household composition,2199,,,
DATAFLOW,STATSNZ:CEN23_HOU_022(1.0),"Weekly rent paid by household, total household income, and household composition for households in rented occupied private dwellings, (RC, TALB, SA2, Health), 2013, 2018, and 2023 Censuses",I,2023,2023,01,Northland Region,04,$400 - $499,99,Total - total household income,77,Total stated - household composition,3390,,,
DATAFLOW,STATSNZ:CEN23_HOU_022(1.0),"Weekly rent paid by household, total household income, and household composition for households in rented occupied private dwellings, (RC, TALB, SA2, Health), 2013, 2018, and 2023 Censuses",I,2023,2023,06,Hawke's Bay Region,777,Total stated - weekly rent paid by household,99,Total - total household income,77,Total stated - household composition,15462,,,
DATAFLOW,STATSNZ:CEN23_HOU_022(1.0),"Weekly rent paid by household, total household income, and household composition for households in rented occupied private dwellings, (RC, TALB, SA2, Health), 2013, 2018, and 2023 Censuses",I,2023,2023,17,Nelson Region,99,Not elsewhere included,99,Total - total household income,6,Household composition unidentifiable,9,,,
DATAFLOW,STATSNZ:CEN23_HOU_022(1.0),"Weekly rent paid by household, total household income, and household composition for households in rented occupied private dwellings, (RC, TALB, SA2, Health), 2013, 2018, and 2023 Censuses",I,2023,2023,09,Wellington Region,777,Total stated - weekly rent paid by household,99,Total - total household income,3,Three or more family household (with or without other people),102,,,
DATAFLOW,STATSNZ:CEN23_HOU_022(1.0),"Weekly rent paid by household, total household income, and household composition for households in rented occupied private dwellings, (RC, TALB, SA2, Health), 2013, 2018, and 2023 Censuses",I,2023,2023,08,Manawatū-Whanganui Region,01,Under $200,99,Total - total household income,6,Household composition unidentifiable,489,,,
DATAFLOW,STATSNZ:CEN23_HOU_022(1.0),"Weekly rent paid by household, total household income, and household composition for households in rented occupied private dwellings, (RC, TALB, SA2, Health), 2013, 2018, and 2023 Censuses",I,2023,2023,14,Otago Region,99,Not elsewhere included,99,Total - total household income,77,Total stated - household composition,210,,,
DATAFLOW,STATSNZ:CEN23_HOU_022(1.0),"Weekly rent paid by household, total household income, and household composition for households in rented occupied private dwellings, (RC, TALB, SA2, Health), 2013, 2018, and 2023 Censuses",I,2023,2023,14,Otago Region,05,$500 - $599,99,Total - total household income,4,Other multi-person household,624,,,
DATAFLOW,STATSNZ:CEN23_HOU_022(1.0),"Weekly rent paid by household, total household income, and household composition for households in rented occupied private dwellings, (RC, TALB, SA2, Health), 2013, 2018, and 2023 Censuses",I,2023,2023,08,Manawatū-Whanganui Region,01,Under $200,99,Total - total household income,3,Three or more family household (with or without other people),9,,,
DATAFLOW,STATSNZ:CEN23_HOU_022(1.0),"Weekly rent paid by household, total household income, and household composition for households in rented occupied private dwellings, (RC, TALB, SA2, Health), 2013, 2018, and 2023 Censuses",I,2023,2023,07,Taranaki Region,99,Not elsewhere included,99,Total - total household income,99,Total - household composition,198,,,
DATAFLOW,STATSNZ:CEN23_HOU_022(1.0),"Weekly rent paid by household, total household income, and household composition for households in rented occupied private dwellings, (RC, TALB, SA2, Health), 2013, 2018, and 2023 Censuses",I,2023,2023,02,Auckland Region,777,Total stated - weekly rent paid by household,99,Total - total household income,1,One-family household (with or without other people),125820,,,
DATAFLOW,STATSNZ:CEN23_HOU_022(1.0),"Weekly rent paid by household, total household income, and household composition for households in rented occupied private dwellings, (RC, TALB, SA2, Health), 2013, 2018, and 2023 Censuses",I,2023,2023,01,Northland Region,01,Under $200,99,Total - total household income,1,One-family household (with or without other people),1398,,,
DATAFLOW,STATSNZ:CEN23_HOU_022(1.0),"Weekly rent paid by household, total household income, and household composition for households in rented occupied private dwellings, (RC, TALB, SA2, Health), 2013, 2018, and 2023 Censuses",I,2023,2023,08,Manawatū-Whanganui Region,999,Total - weekly rent paid by household,99,Total - total household income,6,Household composition unidentifiable,1977,,,
DATAFLOW,STATSNZ:CEN23_HOU_022(1.0),"Weekly rent paid by household, total household income, and household composition for households in rented occupied private dwellings, (RC, TALB, SA2, Health), 2013, 2018, and 2023 Censuses",I,2023,2023,99,Area Outside Region,02,$200 - $299,99,Total - total household income,5,One-person household,,,c,Confidential
DATAFLOW,STATSNZ:CEN23_HOU_022(1.0),"Weekly rent paid by household, total household income, and household composition for households in rented occupied private dwellings, (RC, TALB, SA2, Health), 2013, 2018, and 2023 Censuses",I,2023,2023,99,Area Outside Region,99,Not elsewhere included,99,Total - total household income,5,One-person household,,,c,Confidential
DATAFLOW,STATSNZ:CEN23_HOU_022(1.0),"Weekly rent paid by household, total household income, and household composition for households in rented occupied private dwellings, (RC, TALB, SA2, Health), 2013, 2018, and 2023 Censuses",I,2023,2023,02,Auckland Region,07,$700 - $799,99,Total - total household income,3,Three or more family household (with or without other people),129,,,
DATAFLOW,STATSNZ:CEN23_HOU_022(1.0),"Weekly rent paid by household, total household income, and household composition for households in rented occupied private dwellings, (RC, TALB, SA2, Health), 2013, 2018, and 2023 Censuses",I,2023,2023,99,Area Outside Region,05,$500 - $599,99,Total - total household income,1,One-family household (with or without other people),,,c,Confidential
DATAFLOW,STATSNZ:CEN23_HOU_022(1.0),"Weekly rent paid by household, total household income, and household composition for households in rented occupied private dwellings, (RC, TALB, SA2, Health), 2013, 2018, and 2023 Censuses",I,2023,2023,07,Taranaki Region,05,$500 - $599,99,Total - total household income,3,Three or more family household (with or without other people),3,,,
DATAFLOW,STATSNZ:CEN23_HOU_022(1.0),"Weekly rent paid by household, total household income, and household composition for households in rented occupied private dwellings, (RC, TALB, SA2, Health), 2013, 2018, and 2023 Censuses",I,2023,2023,01,Northland Region,99,Not elsewhere included,99,Total - total household income,1,One-family household (with or without other people),138,,,
DATAFLOW,STATSNZ:CEN23_HOU_022(1.0),"Weekly rent paid by household, total household income, and household composition for households in rented occupied private dwellings, (RC, TALB, SA2, Health), 2013, 2018, and 2023 Censuses",I,2023,2023,16,Tasman Region,01,Under $200,99,Total - total household income,77,Total stated - household composition,501,,,
DATAFLOW,STATSNZ:CEN23_HOU_022(1.0),"Weekly rent paid by household, total household income, and household composition for households in rented occupied private dwellings, (RC, TALB, SA2, Health), 2013, 2018, and 2023 Censuses",I,2023,2023,08,Manawatū-Whanganui Region,99,Not elsewhere included,99,Total - total household income,99,Total - household composition,462,,,
DATAFLOW,STATSNZ:CEN23_HOU_022(1.0),"Weekly rent paid by household, total household income, and household composition for households in rented occupied private dwellings, (RC, TALB, SA2, Health), 2013, 2018, and 2023 Censuses",I,2023,2023,99,Area Outside Region,06,$600 - $699,99,Total - total household income,2,Two-family household (with or without other people),,,c,Confidential
DATAFLOW,STATSNZ:CEN23_HOU_022(1.0),"Weekly rent paid by household, total household income, and household composition for households in rented occupied private dwellings, (RC, TALB, SA2, Health), 2013, 2018, and 2023 Censuses",I,2023,2023,12,West Coast Region,08,$800 and over,99,Total - total household income,5,One-person household,9,,,
DATAFLOW,STATSNZ:CEN23_HOU_022(1.0),"Weekly rent paid by household, total household income, and household composition for households in rented occupied private dwellings, (RC, TALB, SA2, Health), 2013, 2018, and 2023 Censuses",I,2023,2023,06,Hawke's Bay Region,03,$300 - $399,99,Total - total household income,3,Three or more family household (with or without other people),3,,,
DATAFLOW,STATSNZ:CEN23_HOU_022(1.0),"Weekly rent paid by household, total household income, and household composition for households in rented occupied private dwellings, (RC, TALB, SA2, Health), 2013, 2018, and 2023 Censuses",I,2023,2023,17,Nelson Region,08,$800 and over,99,Total - total household income,1,One-family household (with or without other people),42,,,
DATAFLOW,STATSNZ:CEN23_HOU_022(1.0),"Weekly rent paid by household, total household income, and household composition for households in rented occupied private dwellings, (RC, TALB, SA2, Health), 2013, 2018, and 2023 Censuses",I,2023,2023,99,Area Outside Region,06,$600 - $699,99,Total - total household income,3,Three or more family household (with or without other people),,,c,Confidential
DATAFLOW,STATSNZ:CEN23_HOU_022(1.0),"Weekly rent paid by household, total household income, and household composition for households in rented occupied private dwellings, (RC, TALB, SA2, Health), 2013, 2018, and 2023 Censuses",I,2023,2023,15,Southland Region,04,$400 - $499,99,Total - total household income,6,Household composition unidentifiable,129,,,
DATAFLOW,STATSNZ:CEN23_HOU_022(1.0),"Weekly rent paid by household, total household income, and household composition for households in rented occupied private dwellings, (RC, TALB, SA2, Health), 2013, 2018, and 2023 Censuses",I,2023,2023,9999,Total - New Zealand by regional council,999,Total - weekly rent paid by household,99,Total - total household income,2,Two-family household (with or without other people),20886,,,
DATAFLOW,STATSNZ:CEN23_HOU_022(1.0),"Weekly rent paid by household, total household income, and household composition for households in rented occupied private dwellings, (RC, TALB, SA2, Health), 2013, 2018, and 2023 Censuses",I,2023,2023,12,West Coast Region,04,$400 - $499,99,Total - total household income,77,Total stated - household composition,204,,,
DATAFLOW,STATSNZ:CEN23_HOU_022(1.0),"Weekly rent paid by household, total household income, and household composition for households in rented occupied private dwellings, (RC, TALB, SA2, Health), 2013, 2018, and 2023 Censuses",I,2023,2023,05,Gisborne Region,08,$800 and over,99,Total - total household income,3,Three or more family household (with or without other people),0,,,
DATAFLOW,STATSNZ:CEN23_HOU_022(1.0),"Weekly rent paid by household, total household income, and household composition for households in rented occupied private dwellings, (RC, TALB, SA2, Health), 2013, 2018, and 2023 Censuses",I,2023,2023,99,Area Outside Region,07,$700 - $799,99,Total - total household income,77,Total stated - household composition,,,c,Confidential
DATAFLOW,STATSNZ:CEN23_HOU_022(1.0),"Weekly rent paid by household, total household income, and household composition for households in rented occupied private dwellings, (RC, TALB, SA2, Health), 2013, 2018, and 2023 Censuses",I,2023,2023,12,West Coast Region,999,Total - weekly rent paid by household,99,Total - total household income,5,One-person household,1287,,,
DATAFLOW,STATSNZ:CEN23_HOU_022(1.0),"Weekly rent paid by household, total household income, and household composition for households in rented occupied private dwellings, (RC, TALB, SA2, Health), 2013, 2018, and 2023 Censuses",I,2023,2023,18,Marlborough Region,08,$800 and over,99,Total - total household income,4,Other multi-person household,12,,,
DATAFLOW,STATSNZ:CEN23_HOU_022(1.0),"Weekly rent paid by household, total household income, and household composition for households in rented occupied private dwellings, (RC, TALB, SA2, Health), 2013, 2018, and 2023 Censuses",I,2023,2023,05,Gisborne Region,99,Not elsewhere included,99,Total - total household income,1,One-family household (with or without other people),30,,,
DATAFLOW,STATSNZ:CEN23_HOU_022(1.0),"Weekly rent paid by household, total household income, and household composition for households in rented occupied private dwellings, (RC, TALB, SA2, Health), 2013, 2018, and 2023 Censuses",I,2023,2023,06,Hawke's Bay Region,05,$500 - $599,99,Total - total household income,4,Other multi-person household,207,,,
DATAFLOW,STATSNZ:CEN23_HOU_022(1.0),"Weekly rent paid by household, total household income, and household composition for households in rented occupied private dwellings, (RC, TALB, SA2, Health), 2013, 2018, and 2023 Censuses",I,2023,2023,07,Taranaki Region,999,Total - weekly rent paid by household,99,Total - total household income,5,One-person household,3336,,,
DATAFLOW,STATSNZ:CEN23_HOU_022(1.0),"Weekly rent paid by household, total household income, and household composition for households in rented occupied private dwellings, (RC, TALB, SA2, Health), 2013, 2018, and 2023 Censuses",I,2023,2023,02,Auckland Region,04,$400 - $499,99,Total - total household income,2,Two-family household (with or without other people),777,,,
DATAFLOW,STATSNZ:CEN23_HOU_022(1.0),"Weekly rent paid by household, total household income, and household composition for households in rented occupied private dwellings, (RC, TALB, SA2, Health), 2013, 2018, and 2023 Censuses",I,2023,2023,17,Nelson Region,06,$600 - $699,99,Total - total household income,4,Other multi-person household,51,,,
DATAFLOW,STATSNZ:CEN23_HOU_022(1.0),"Weekly rent paid by household, total household income, and household composition for households in rented occupied private dwellings, (RC, TALB, SA2, Health), 2013, 2018, and 2023 Censuses",I,2023,2023,13,Canterbury Region,999,Total - weekly rent paid by household,99,Total - total household income,99,Total - household composition,70839,,,
DATAFLOW,STATSNZ:CEN23_HOU_022(1.0),"Weekly rent paid by household, total household income, and household composition for households in rented occupied private dwellings, (RC, TALB, SA2, Health), 2013, 2018, and 2023 Censuses",I,2023,2023,07,Taranaki Region,06,$600 - $699,99,Total - total household income,3,Three or more family household (with or without other people),3,,,
DATAFLOW,STATSNZ:CEN23_HOU_022(1.0),"Weekly rent paid by household, total household income, and household composition for households in rented occupied private dwellings, (RC, TALB, SA2, Health), 2013, 2018, and 2023 Censuses",I,2023,2023,14,Otago Region,777,Total stated - weekly rent paid by household,99,Total - total household income,6,Household composition unidentifiable,1179,,,
DATAFLOW,STATSNZ:CEN23_HOU_022(1.0),"Weekly rent paid by household, total household income, and household composition for households in rented occupied private dwellings, (RC, TALB, SA2, Health), 2013, 2018, and 2023 Censuses",I,2023,2023,9999,Total - New Zealand by regional council,999,Total - weekly rent paid by household,99,Total - total household income,5,One-person household,127074,,,
DATAFLOW,STATSNZ:CEN23_HOU_022(1.0),"Weekly rent paid by household, total household income, and household composition for households in rented occupied private dwellings, (RC, TALB, SA2, Health), 2013, 2018, and 2023 Censuses",I,2023,2023,16,Tasman Region,02,$200 - $299,99,Total - total household income,4,Other multi-person household,39,,,
DATAFLOW,STATSNZ:CEN23_HOU_022(1.0),"Weekly rent paid by household, total household income, and household composition for households in rented occupied private dwellings, (RC, TALB, SA2, Health), 2013, 2018, and 2023 Censuses",I,2023,2023,05,Gisborne Region,999,Total - weekly rent paid by household,99,Total - total household income,5,One-person household,1290,,,
DATAFLOW,STATSNZ:CEN23_HOU_022(1.0),"Weekly rent paid by household, total household income, and household composition for households in rented occupied private dwellings, (RC, TALB, SA2, Health), 2013, 2018, and 2023 Censuses",I,2023,2023,99,Area Outside Region,04,$400 - $499,99,Total - total household income,1,One-family household (with or without other people),6,,,
DATAFLOW,STATSNZ:CEN23_HOU_022(1.0),"Weekly rent paid by household, total household income, and household composition for households in rented occupied private dwellings, (RC, TALB, SA2, Health), 2013, 2018, and 2023 Censuses",I,2023,2023,99,Area Outside Region,02,$200 - $299,99,Total - total household income,99,Total - household composition,12,,,
DATAFLOW,STATSNZ:CEN23_HOU_022(1.0),"Weekly rent paid by household, total household income, and household composition for households in rented occupied private dwellings, (RC, TALB, SA2, Health), 2013, 2018, and 2023 Censuses",I,2023,2023,02,Auckland Region,04,$400 - $499,99,Total - total household income,6,Household composition unidentifiable,1821,,,
DATAFLOW,STATSNZ:CEN23_HOU_022(1.0),"Weekly rent paid by household, total household income, and household composition for households in rented occupied private dwellings, (RC, TALB, SA2, Health), 2013, 2018, and 2023 Censuses",I,2023,2023,04,Bay of Plenty Region,99,Not elsewhere included,99,Total - total household income,3,Three or more family household (with or without other people),0,,,
DATAFLOW,STATSNZ:CEN23_HOU_022(1.0),"Weekly rent paid by household, total household income, and household composition for households in rented occupied private dwellings, (RC, TALB, SA2, Health), 2013, 2018, and 2023 Censuses",I,2023,2023,04,Bay of Plenty Region,07,$700 - $799,99,Total - total household income,2,Two-family household (with or without other people),84,,,
DATAFLOW,STATSNZ:CEN23_HOU_022(1.0),"Weekly rent paid by household, total household income, and household composition for households in rented occupied private dwellings, (RC, TALB, SA2, Health), 2013, 2018, and 2023 Censuses",I,2023,2023,08,Manawatū-Whanganui Region,07,$700 - $799,99,Total - total household income,2,Two-family household (with or without other people),21,,,
DATAFLOW,STATSNZ:CEN23_HOU_022(1.0),"Weekly rent paid by household, total household income, and household composition for households in rented occupied private dwellings, (RC, TALB, SA2, Health), 2013, 2018, and 2023 Censuses",I,2023,2023,16,Tasman Region,03,$300 - $399,99,Total - total household income,77,Total stated - household composition,747,,,
DATAFLOW,STATSNZ:CEN23_HOU_022(1.0),"Weekly rent paid by household, total household income, and household composition for households in rented occupied private dwellings, (RC, TALB, SA2, Health), 2013, 2018, and 2023 Censuses",I,2023,2023,02,Auckland Region,02,$200 - $299,99,Total - total household income,1,One-family household (with or without other people),4995,,,
DATAFLOW,STATSNZ:CEN23_HOU_022(1.0),"Weekly rent paid by household, total household income, and household composition for households in rented occupied private dwellings, (RC, TALB, SA2, Health), 2013, 2018, and 2023 Censuses",I,2023,2023,16,Tasman Region,06,$600 - $699,99,Total - total household income,2,Two-family household (with or without other people),15,,,
DATAFLOW,STATSNZ:CEN23_HOU_022(1.0),"Weekly rent paid by household, total household income, and household composition for households in rented occupied private dwellings, (RC, TALB, SA2, Health), 2013, 2018, and 2023 Censuses",I,2023,2023,13,Canterbury Region,06,$600 - $699,99,Total - total household income,3,Three or more family household (with or without other people),12,,,
DATAFLOW,STATSNZ:CEN23_HOU_022(1.0),"Weekly rent paid by household, total household income, and household composition for households in rented occupied private dwellings, (RC, TALB, SA2, Health), 2013, 2018, and 2023 Censuses",I,2023,2023,03,Waikato Region,99,Not elsewhere included,99,Total - total household income,5,One-person household,288,,,
DATAFLOW,STATSNZ:CEN23_HOU_022(1.0),"Weekly rent paid by household, total household income, and household composition for households in rented occupied private dwellings, (RC, TALB, SA2, Health), 2013, 2018, and 2023 Censuses",I,2023,2023,17,Nelson Region,777,Total stated - weekly rent paid by household,99,Total - total household income,4,Other multi-person household,459,,,
DATAFLOW,STATSNZ:CEN23_HOU_022(1.0),"Weekly rent paid by household, total household income, and household composition for households in rented occupied private dwellings, (RC, TALB, SA2, Health), 2013, 2018, and 2023 Censuses",I,2023,2023,06,Hawke's Bay Region,05,$500 - $599,99,Total - total household income,6,Household composition unidentifiable,291,,,
DATAFLOW,STATSNZ:CEN23_HOU_022(1.0),"Weekly rent paid by household, total household income, and household composition for households in rented occupied private dwellings, (RC, TALB, SA2, Health), 2013, 2018, and 2023 Censuses",I,2023,2023,16,Tasman Region,777,Total stated - weekly rent paid by household,99,Total - total household income,5,One-person household,1116,,,
DATAFLOW,STATSNZ:CEN23_HOU_022(1.0),"Weekly rent paid by household, total household income, and household composition for households in rented occupied private dwellings, (RC, TALB, SA2, Health), 2013, 2018, and 2023 Censuses",I,2023,2023,03,Waikato Region,07,$700 - $799,99,Total - total household income,99,Total - household composition,1299,,,
DATAFLOW,STATSNZ:CEN23_HOU_022(1.0),"Weekly rent paid by household, total household income, and household composition for households in rented occupied private dwellings, (RC, TALB, SA2, Health), 2013, 2018, and 2023 Censuses",I,2023,2023,17,Nelson Region,01,Under $200,99,Total - total household income,2,Two-family household (with or without other people),21,,,
DATAFLOW,STATSNZ:CEN23_HOU_022(1.0),"Weekly rent paid by household, total household income, and household composition for households in rented occupied private dwellings, (RC, TALB, SA2, Health), 2013, 2018, and 2023 Censuses",I,2023,2023,12,West Coast Region,08,$800 and over,99,Total - total household income,99,Total - household composition,27,,,
DATAFLOW,STATSNZ:CEN23_HOU_022(1.0),"Weekly rent paid by household, total household income, and household composition for households in rented occupied private dwellings, (RC, TALB, SA2, Health), 2013, 2018, and 2023 Censuses",I,2023,2023,14,Otago Region,999,Total - weekly rent paid by household,99,Total - total household income,2,Two-family household (with or without other people),579,,,
DATAFLOW,STATSNZ:CEN23_HOU_022(1.0),"Weekly rent paid by household, total household income, and household composition for households in rented occupied private dwellings, (RC, TALB, SA2, Health), 2013, 2018, and 2023 Censuses",I,2023,2023,15,Southland Region,04,$400 - $499,99,Total - total household income,5,One-person household,210,,,
DATAFLOW,STATSNZ:CEN23_HOU_022(1.0),"Weekly rent paid by household, total household income, and household composition for households in rented occupied private dwellings, (RC, TALB, SA2, Health), 2013, 2018, and 2023 Censuses",I,2023,2023,14,Otago Region,99,Not elsewhere included,99,Total - total household income,1,One-family household (with or without other people),81,,,
DATAFLOW,STATSNZ:CEN23_HOU_022(1.0),"Weekly rent paid by household, total household income, and household composition for households in rented occupied private dwellings, (RC, TALB, SA2, Health), 2013, 2018, and 2023 Censuses",I,2023,2023,02,Auckland Region,02,$200 - $299,99,Total - total household income,99,Total - household composition,9909,,,
DATAFLOW,STATSNZ:CEN23_HOU_022(1.0),"Weekly rent paid by household, total household income, and household composition for households in rented occupied private dwellings, (RC, TALB, SA2, Health), 2013, 2018, and 2023 Censuses",I,2023,2023,13,Canterbury Region,06,$600 - $699,99,Total - total household income,6,Household composition unidentifiable,165,,,
DATAFLOW,STATSNZ:CEN23_HOU_022(1.0),"Weekly rent paid by household, total household income, and household composition for households in rented occupied private dwellings, (RC, TALB, SA2, Health), 2013, 2018, and 2023 Censuses",I,2023,2023,14,Otago Region,777,Total stated - weekly rent paid by household,99,Total - total household income,3,Three or more family household (with or without other people),18,,,
DATAFLOW,STATSNZ:CEN23_HOU_022(1.0),"Weekly rent paid by household, total household income, and household composition for households in rented occupied private dwellings, (RC, TALB, SA2, Health), 2013, 2018, and 2023 Censuses",I,2023,2023,06,Hawke's Bay Region,03,$300 - $399,99,Total - total household income,6,Household composition unidentifiable,375,,,
DATAFLOW,STATSNZ:CEN23_HOU_022(1.0),"Weekly rent paid by household, total household income, and household composition for households in rented occupied private dwellings, (RC, TALB, SA2, Health), 2013, 2018, and 2023 Censuses",I,2023,2023,12,West Coast Region,03,$300 - $399,99,Total - total household income,77,Total stated - household composition,792,,,
DATAFLOW,STATSNZ:CEN23_HOU_022(1.0),"Weekly rent paid by household, total household income, and household composition for households in rented occupied private dwellings, (RC, TALB, SA2, Health), 2013, 2018, and 2023 Censuses",I,2023,2023,9999,Total - New Zealand by regional council,777,Total stated - weekly rent paid by household,99,Total - total household income,6,Household composition unidentifiable,37134,,,
DATAFLOW,STATSNZ:CEN23_HOU_022(1.0),"Weekly rent paid by household, total household income, and household composition for households in rented occupied private dwellings, (RC, TALB, SA2, Health), 2013, 2018, and 2023 Censuses",I,2023,2023,01,Northland Region,08,$800 and over,99,Total - total household income,1,One-family household (with or without other people),75,,,
DATAFLOW,STATSNZ:CEN23_HOU_022(1.0),"Weekly rent paid by household, total household income, and household composition for households in rented occupied private dwellings, (RC, TALB, SA2, Health), 2013, 2018, and 2023 Censuses",I,2023,2023,08,Manawatū-Whanganui Region,08,$800 and over,99,Total - total household income,2,Two-family household (with or without other people),12,,,
DATAFLOW,STATSNZ:CEN23_HOU_022(1.0),"Weekly rent paid by household, total household income, and household composition for households in rented occupied private dwellings, (RC, TALB, SA2, Health), 2013, 2018, and 2023 Censuses",I,2023,2023,99,Area Outside Region,04,$400 - $499,99,Total - total household income,2,Two-family household (with or without other people),,,c,Confidential
DATAFLOW,STATSNZ:CEN23_HOU_022(1.0),"Weekly rent paid by household, total household income, and household composition for households in rented occupied private dwellings, (RC, TALB, SA2, Health), 2013, 2018, and 2023 Censuses",I,2023,2023,14,Otago Region,99,Not elsewhere included,99,Total - total household income,4,Other multi-person household,12,,,
DATAFLOW,STATSNZ:CEN23_HOU_022(1.0),"Weekly rent paid by household, total household income, and household composition for households in rented occupied private dwellings, (RC, TALB, SA2, Health), 2013, 2018, and 2023 Censuses",I,2023,2023,03,Waikato Region,999,Total - weekly rent paid by household,99,Total - total household income,4,Other multi-person household,4863,,,
DATAFLOW,STATSNZ:CEN23_HOU_022(1.0),"Weekly rent paid by household, total household income, and household composition for households in rented occupied private dwellings, (RC, TALB, SA2, Health), 2013, 2018, and 2023 Censuses",I,2023,2023,04,Bay of Plenty Region,03,$300 - $399,99,Total - total household income,99,Total - household composition,4650,,,
DATAFLOW,STATSNZ:CEN23_HOU_022(1.0),"Weekly rent paid by household, total household income, and household composition for households in rented occupied private dwellings, (RC, TALB, SA2, Health), 2013, 2018, and 2023 Censuses",I,2023,2023,03,Waikato Region,99,Not elsewhere included,99,Total - total household income,77,Total stated - household composition,606,,,
DATAFLOW,STATSNZ:CEN23_HOU_022(1.0),"Weekly rent paid by household, total household income, and household composition for households in rented occupied private dwellings, (RC, TALB, SA2, Health), 2013, 2018, and 2023 Censuses",I,2023,2023,07,Taranaki Region,08,$800 and over,99,Total - total household income,99,Total - household composition,111,,,
DATAFLOW,STATSNZ:CEN23_HOU_022(1.0),"Weekly rent paid by household, total household income, and household composition for households in rented occupied private dwellings, (RC, TALB, SA2, Health), 2013, 2018, and 2023 Censuses",I,2023,2023,07,Taranaki Region,08,$800 and over,99,Total - total household income,5,One-person household,21,,,
DATAFLOW,STATSNZ:CEN23_HOU_022(1.0),"Weekly rent paid by household, total household income, and household composition for households in rented occupied private dwellings, (RC, TALB, SA2, Health), 2013, 2018, and 2023 Censuses",I,2023,2023,06,Hawke's Bay Region,08,$800 and over,99,Total - total household income,6,Household composition unidentifiable,18,,,
DATAFLOW,STATSNZ:CEN23_HOU_022(1.0),"Weekly rent paid by household, total household income, and household composition for households in rented occupied private dwellings, (RC, TALB, SA2, Health), 2013, 2018, and 2023 Censuses",I,2023,2023,14,Otago Region,06,$600 - $699,99,Total - total household income,6,Household composition unidentifiable,84,,,
DATAFLOW,STATSNZ:CEN23_HOU_022(1.0),"Weekly rent paid by household, total household income, and household composition for households in rented occupied private dwellings, (RC, TALB, SA2, Health), 2013, 2018, and 2023 Censuses",I,2023,2023,12,West Coast Region,05,$500 - $599,99,Total - total household income,5,One-person household,6,,,
DATAFLOW,STATSNZ:CEN23_HOU_022(1.0),"Weekly rent paid by household, total household income, and household composition for households in rented occupied private dwellings, (RC, TALB, SA2, Health), 2013, 2018, and 2023 Censuses",I,2023,2023,9999,Total - New Zealand by regional council,01,Under $200,99,Total - total household income,2,Two-family household (with or without other people),3099,,,
DATAFLOW,STATSNZ:CEN23_HOU_022(1.0),"Weekly rent paid by household, total household income, and household composition for households in rented occupied private dwellings, (RC, TALB, SA2, Health), 2013, 2018, and 2023 Censuses",I,2023,2023,02,Auckland Region,07,$700 - $799,99,Total - total household income,5,One-person household,1233,,,
DATAFLOW,STATSNZ:CEN23_HOU_022(1.0),"Weekly rent paid by household, total household income, and household composition for households in rented occupied private dwellings, (RC, TALB, SA2, Health), 2013, 2018, and 2023 Censuses",I,2023,2023,06,Hawke's Bay Region,06,$600 - $699,99,Total - total household income,77,Total stated - household composition,1302,,,
DATAFLOW,STATSNZ:CEN23_HOU_022(1.0),"Weekly rent paid by household, total household income, and household composition for households in rented occupied private dwellings, (RC, TALB, SA2, Health), 2013, 2018, and 2023 Censuses",I,2023,2023,12,West Coast Region,999,Total - weekly rent paid by household,99,Total - total household income,1,One-family household (with or without other people),1311,,,
DATAFLOW,STATSNZ:CEN23_HOU_022(1.0),"Weekly rent paid by household, total household income, and household composition for households in rented occupied private dwellings, (RC, TALB, SA2, Health), 2013, 2018, and 2023 Censuses",I,2023,2023,16,Tasman Region,05,$500 - $599,99,Total - total household income,3,Three or more family household (with or without other people),3,,,
DATAFLOW,STATSNZ:CEN23_HOU_022(1.0),"Weekly rent paid by household, total household income, and household composition for households in rented occupied private dwellings, (RC, TALB, SA2, Health), 2013, 2018, and 2023 Censuses",I,2023,2023,06,Hawke's Bay Region,08,$800 and over,99,Total - total household income,2,Two-family household (with or without other people),15,,,
DATAFLOW,STATSNZ:CEN23_HOU_022(1.0),"Weekly rent paid by household, total household income, and household composition for households in rented occupied private dwellings, (RC, TALB, SA2, Health), 2013, 2018, and 2023 Censuses",I,2023,2023,02,Auckland Region,03,$300 - $399,99,Total - total household income,4,Other multi-person household,1161,,,
DATAFLOW,STATSNZ:CEN23_HOU_022(1.0),"Weekly rent paid by household, total household income, and household composition for households in rented occupied private dwellings, (RC, TALB, SA2, Health), 2013, 2018, and 2023 Censuses",I,2023,2023,09,Wellington Region,01,Under $200,99,Total - total household income,5,One-person household,3582,,,
DATAFLOW,STATSNZ:CEN23_HOU_022(1.0),"Weekly rent paid by household, total household income, and household composition for households in rented occupied private dwellings, (RC, TALB, SA2, Health), 2013, 2018, and 2023 Censuses",I,2023,2023,08,Manawatū-Whanganui Region,04,$400 - $499,99,Total - total household income,77,Total stated - household composition,5076,,,
DATAFLOW,STATSNZ:CEN23_HOU_022(1.0),"Weekly rent paid by household, total household income, and household composition for households in rented occupied private dwellings, (RC, TALB, SA2, Health), 2013, 2018, and 2023 Censuses",I,2023,2023,01,Northland Region,08,$800 and over,99,Total - total household income,77,Total stated - household composition,132,,,
DATAFLOW,STATSNZ:CEN23_HOU_022(1.0),"Weekly rent paid by household, total household income, and household composition for households in rented occupied private dwellings, (RC, TALB, SA2, Health), 2013, 2018, and 2023 Censuses",I,2023,2023,09,Wellington Region,999,Total - weekly rent paid by household,99,Total - total household income,3,Three or more family household (with or without other people),102,,,
DATAFLOW,STATSNZ:CEN23_HOU_022(1.0),"Weekly rent paid by household, total household income, and household composition for households in rented occupied private dwellings, (RC, TALB, SA2, Health), 2013, 2018, and 2023 Censuses",I,2023,2023,13,Canterbury Region,03,$300 - $399,99,Total - total household income,5,One-person household,4425,,,
DATAFLOW,STATSNZ:CEN23_HOU_022(1.0),"Weekly rent paid by household, total household income, and household composition for households in rented occupied private dwellings, (RC, TALB, SA2, Health), 2013, 2018, and 2023 Censuses",I,2023,2023,03,Waikato Region,06,$600 - $699,99,Total - total household income,5,One-person household,261,,,
DATAFLOW,STATSNZ:CEN23_HOU_022(1.0),"Weekly rent paid by household, total household income, and household composition for households in rented occupied private dwellings, (RC, TALB, SA2, Health), 2013, 2018, and 2023 Censuses",I,2023,2023,15,Southland Region,06,$600 - $699,99,Total - total household income,3,Three or more family household (with or without other people),0,,,
DATAFLOW,STATSNZ:CEN23_HOU_022(1.0),"Weekly rent paid by household, total household income, and household composition for households in rented occupied private dwellings, (RC, TALB, SA2, Health), 2013, 2018, and 2023 Censuses",I,2023,2023,18,Marlborough Region,01,Under $200,99,Total - total household income,99,Total - household composition,669,,,
DATAFLOW,STATSNZ:CEN23_HOU_022(1.0),"Weekly rent paid by household, total household income, and household composition for households in rented occupied private dwellings, (RC, TALB, SA2, Health), 2013, 2018, and 2023 Censuses",I,2023,2023,12,West Coast Region,08,$800 and over,99,Total - total household income,3,Three or more family household (with or without other people),0,,,
DATAFLOW,STATSNZ:CEN23_HOU_022(1.0),"Weekly rent paid by household, total household income, and household composition for households in rented occupied private dwellings, (RC, TALB, SA2, Health), 2013, 2018, and 2023 Censuses",I,2023,2023,08,Manawatū-Whanganui Region,05,$500 - $599,99,Total - total household income,6,Household composition unidentifiable,234,,,
DATAFLOW,STATSNZ:CEN23_HOU_022(1.0),"Weekly rent paid by household, total household income, and household composition for households in rented occupied private dwellings, (RC, TALB, SA2, Health), 2013, 2018, and 2023 Censuses",I,2023,2023,12,West Coast Region,999,Total - weekly rent paid by household,99,Total - total household income,4,Other multi-person household,213,,,
DATAFLOW,STATSNZ:CEN23_HOU_022(1.0),"Weekly rent paid by household, total household income, and household composition for households in rented occupied private dwellings, (RC, TALB, SA2, Health), 2013, 2018, and 2023 Censuses",I,2023,2023,02,Auckland Region,03,$300 - $399,99,Total - total household income,6,Household composition unidentifiable,1029,,,
DATAFLOW,STATSNZ:CEN23_HOU_022(1.0),"Weekly rent paid by household, total household income, and household composition for households in rented occupied private dwellings, (RC, TALB, SA2, Health), 2013, 2018, and 2023 Censuses",I,2023,2023,12,West Coast Region,999,Total - weekly rent paid by household,99,Total - total household income,99,Total - household composition,3135,,,
DATAFLOW,STATSNZ:CEN23_HOU_022(1.0),"Weekly rent paid by household, total household income, and household composition for households in rented occupied private dwellings, (RC, TALB, SA2, Health), 2013, 2018, and 2023 Censuses",I,2023,2023,04,Bay of Plenty Region,06,$600 - $699,99,Total - total household income,77,Total stated - household composition,5022,,,
DATAFLOW,STATSNZ:CEN23_HOU_022(1.0),"Weekly rent paid by household, total household income, and household composition for households in rented occupied private dwellings, (RC, TALB, SA2, Health), 2013, 2018, and 2023 Censuses",I,2023,2023,17,Nelson Region,777,Total stated - weekly rent paid by household,99,Total - total household income,77,Total stated - household composition,5298,,,
DATAFLOW,STATSNZ:CEN23_HOU_022(1.0),"Weekly rent paid by household, total household income, and household composition for households in rented occupied private dwellings, (RC, TALB, SA2, Health), 2013, 2018, and 2023 Censuses",I,2023,2023,03,Waikato Region,03,$300 - $399,99,Total - total household income,2,Two-family household (with or without other people),213,,,
DATAFLOW,STATSNZ:CEN23_HOU_022(1.0),"Weekly rent paid by household, total household income, and household composition for households in rented occupied private dwellings, (RC, TALB, SA2, Health), 2013, 2018, and 2023 Censuses",I,2023,2023,99,Area Outside Region,05,$500 - $599,99,Total - total household income,2,Two-family household (with or without other people),,,c,Confidential
DATAFLOW,STATSNZ:CEN23_HOU_022(1.0),"Weekly rent paid by household, total household income, and household composition for households in rented occupied private dwellings, (RC, TALB, SA2, Health), 2013, 2018, and 2023 Censuses",I,2023,2023,9999,Total - New Zealand by regional council,04,$400 - $499,99,Total - total household income,99,Total - household composition,101067,,,
DATAFLOW,STATSNZ:CEN23_HOU_022(1.0),"Weekly rent paid by household, total household income, and household composition for households in rented occupied private dwellings, (RC, TALB, SA2, Health), 2013, 2018, and 2023 Censuses",I,2023,2023,03,Waikato Region,999,Total - weekly rent paid by household,99,Total - total household income,5,One-person household,12453,,,
DATAFLOW,STATSNZ:CEN23_HOU_022(1.0),"Weekly rent paid by household, total household income, and household composition for households in rented occupied private dwellings, (RC, TALB, SA2, Health), 2013, 2018, and 2023 Censuses",I,2023,2023,18,Marlborough Region,08,$800 and over,99,Total - total household income,1,One-family household (with or without other people),18,,,
DATAFLOW,STATSNZ:CEN23_HOU_022(1.0),"Weekly rent paid by household, total household income, and household composition for households in rented occupied private dwellings, (RC, TALB, SA2, Health), 2013, 2018, and 2023 Censuses",I,2023,2023,07,Taranaki Region,02,$200 - $299,99,Total - total household income,99,Total - household composition,2148,,,
DATAFLOW,STATSNZ:CEN23_HOU_022(1.0),"Weekly rent paid by household, total household income, and household composition for households in rented occupied private dwellings, (RC, TALB, SA2, Health), 2013, 2018, and 2023 Censuses",I,2023,2023,03,Waikato Region,01,Under $200,99,Total - total household income,2,Two-family household (with or without other people),228,,,
DATAFLOW,STATSNZ:CEN23_HOU_022(1.0),"Weekly rent paid by household, total household income, and household composition for households in rented occupied private dwellings, (RC, TALB, SA2, Health), 2013, 2018, and 2023 Censuses",I,2023,2023,08,Manawatū-Whanganui Region,02,$200 - $299,99,Total - total household income,6,Household composition unidentifiable,282,,,
DATAFLOW,STATSNZ:CEN23_HOU_022(1.0),"Weekly rent paid by household, total household income, and household composition for households in rented occupied private dwellings, (RC, TALB, SA2, Health), 2013, 2018, and 2023 Censuses",I,2023,2023,99,Area Outside Region,01,Under $200,99,Total - total household income,99,Total - household composition,39,,,
DATAFLOW,STATSNZ:CEN23_HOU_022(1.0),"Weekly rent paid by household, total household income, and household composition for households in rented occupied private dwellings, (RC, TALB, SA2, Health), 2013, 2018, and 2023 Censuses",I,2023,2023,13,Canterbury Region,08,$800 and over,99,Total - total household income,77,Total stated - household composition,1383,,,
DATAFLOW,STATSNZ:CEN23_HOU_022(1.0),"Weekly rent paid by household, total household income, and household composition for households in rented occupied private dwellings, (RC, TALB, SA2, Health), 2013, 2018, and 2023 Censuses",I,2023,2023,17,Nelson Region,999,Total - weekly rent paid by household,99,Total - total household income,4,Other multi-person household,465,,,
DATAFLOW,STATSNZ:CEN23_HOU_022(1.0),"Weekly rent paid by household, total household income, and household composition for households in rented occupied private dwellings, (RC, TALB, SA2, Health), 2013, 2018, and 2023 Censuses",I,2023,2023,12,West Coast Region,02,$200 - $299,99,Total - total household income,4,Other multi-person household,57,,,
DATAFLOW,STATSNZ:CEN23_HOU_022(1.0),"Weekly rent paid by household, total household income, and household composition for households in rented occupied private dwellings, (RC, TALB, SA2, Health), 2013, 2018, and 2023 Censuses",I,2023,2023,02,Auckland Region,05,$500 - $599,99,Total - total household income,6,Household composition unidentifiable,2460,,,
DATAFLOW,STATSNZ:CEN23_HOU_022(1.0),"Weekly rent paid by household, total household income, and household composition for households in rented occupied private dwellings, (RC, TALB, SA2, Health), 2013, 2018, and 2023 Censuses",I,2023,2023,17,Nelson Region,777,Total stated - weekly rent paid by household,99,Total - total household income,1,One-family household (with or without other people),3186,,,
DATAFLOW,STATSNZ:CEN23_HOU_022(1.0),"Weekly rent paid by household, total household income, and household composition for households in rented occupied private dwellings, (RC, TALB, SA2, Health), 2013, 2018, and 2023 Censuses",I,2023,2023,14,Otago Region,06,$600 - $699,99,Total - total household income,3,Three or more family household (with or without other people),3,,,
DATAFLOW,STATSNZ:CEN23_HOU_022(1.0),"Weekly rent paid by household, total household income, and household composition for households in rented occupied private dwellings, (RC, TALB, SA2, Health), 2013, 2018, and 2023 Censuses",I,2023,2023,06,Hawke's Bay Region,08,$800 and over,99,Total - total household income,5,One-person household,39,,,
DATAFLOW,STATSNZ:CEN23_HOU_022(1.0),"Weekly rent paid by household, total household income, and household composition for households in rented occupied private dwellings, (RC, TALB, SA2, Health), 2013, 2018, and 2023 Censuses",I,2023,2023,13,Canterbury Region,07,$700 - $799,99,Total - total household income,5,One-person household,84,,,
DATAFLOW,STATSNZ:CEN23_HOU_022(1.0),"Weekly rent paid by household, total household income, and household composition for households in rented occupied private dwellings, (RC, TALB, SA2, Health), 2013, 2018, and 2023 Censuses",I,2023,2023,05,Gisborne Region,06,$600 - $699,99,Total - total household income,6,Household composition unidentifiable,24,,,
DATAFLOW,STATSNZ:CEN23_HOU_022(1.0),"Weekly rent paid by household, total household income, and household composition for households in rented occupied private dwellings, (RC, TALB, SA2, Health), 2013, 2018, and 2023 Censuses",I,2023,2023,01,Northland Region,99,Not elsewhere included,99,Total - total household income,4,Other multi-person household,21,,,
DATAFLOW,STATSNZ:CEN23_HOU_022(1.0),"Weekly rent paid by household, total household income, and household composition for households in rented occupied private dwellings, (RC, TALB, SA2, Health), 2013, 2018, and 2023 Censuses",I,2023,2023,04,Bay of Plenty Region,08,$800 and over,99,Total - total household income,6,Household composition unidentifiable,33,,,
DATAFLOW,STATSNZ:CEN23_HOU_022(1.0),"Weekly rent paid by household, total household income, and household composition for households in rented occupied private dwellings, (RC, TALB, SA2, Health), 2013, 2018, and 2023 Censuses",I,2023,2023,08,Manawatū-Whanganui Region,07,$700 - $799,99,Total - total household income,1,One-family household (with or without other people),189,,,
DATAFLOW,STATSNZ:CEN23_HOU_022(1.0),"Weekly rent paid by household, total household income, and household composition for households in rented occupied private dwellings, (RC, TALB, SA2, Health), 2013, 2018, and 2023 Censuses",I,2023,2023,01,Northland Region,08,$800 and over,99,Total - total household income,3,Three or more family household (with or without other people),0,,,
DATAFLOW,STATSNZ:CEN23_HOU_022(1.0),"Weekly rent paid by household, total household income, and household composition for households in rented occupied private dwellings, (RC, TALB, SA2, Health), 2013, 2018, and 2023 Censuses",I,2023,2023,9999,Total - New Zealand by regional council,03,$300 - $399,99,Total - total household income,2,Two-family household (with or without other people),1782,,,
DATAFLOW,STATSNZ:CEN23_HOU_022(1.0),"Weekly rent paid by household, total household income, and household composition for households in rented occupied private dwellings, (RC, TALB, SA2, Health), 2013, 2018, and 2023 Censuses",I,2023,2023,01,Northland Region,99,Not elsewhere included,99,Total - total household income,77,Total stated - household composition,327,,,
DATAFLOW,STATSNZ:CEN23_HOU_022(1.0),"Weekly rent paid by household, total household income, and household composition for households in rented occupied private dwellings, (RC, TALB, SA2, Health), 2013, 2018, and 2023 Censuses",I,2023,2023,17,Nelson Region,07,$700 - $799,99,Total - total household income,3,Three or more family household (with or without other people),0,,,
DATAFLOW,STATSNZ:CEN23_HOU_022(1.0),"Weekly rent paid by household, total household income, and household composition for households in rented occupied private dwellings, (RC, TALB, SA2, Health), 2013, 2018, and 2023 Censuses",I,2023,2023,03,Waikato Region,01,Under $200,99,Total - total household income,3,Three or more family household (with or without other people),15,,,
DATAFLOW,STATSNZ:CEN23_HOU_022(1.0),"Weekly rent paid by household, total household income, and household composition for households in rented occupied private dwellings, (RC, TALB, SA2, Health), 2013, 2018, and 2023 Censuses",I,2023,2023,08,Manawatū-Whanganui Region,08,$800 and over,99,Total - total household income,99,Total - household composition,249,,,
DATAFLOW,STATSNZ:CEN23_HOU_022(1.0),"Weekly rent paid by household, total household income, and household composition for households in rented occupied private dwellings, (RC, TALB, SA2, Health), 2013, 2018, and 2023 Censuses",I,2023,2023,17,Nelson Region,99,Not elsewhere included,99,Total - total household income,2,Two-family household (with or without other people),0,,,
DATAFLOW,STATSNZ:CEN23_HOU_022(1.0),"Weekly rent paid by household, total household income, and household composition for households in rented occupied private dwellings, (RC, TALB, SA2, Health), 2013, 2018, and 2023 Censuses",I,2023,2023,01,Northland Region,07,$700 - $799,99,Total - total household income,4,Other multi-person household,27,,,
DATAFLOW,STATSNZ:CEN23_HOU_022(1.0),"Weekly rent paid by household, total household income, and household composition for households in rented occupied private dwellings, (RC, TALB, SA2, Health), 2013, 2018, and 2023 Censuses",I,2023,2023,15,Southland Region,01,Under $200,99,Total - total household income,6,Household composition unidentifiable,192,,,
DATAFLOW,STATSNZ:CEN23_HOU_022(1.0),"Weekly rent paid by household, total household income, and household composition for households in rented occupied private dwellings, (RC, TALB, SA2, Health), 2013, 2018, and 2023 Censuses",I,2023,2023,9999,Total - New Zealand by regional council,08,$800 and over,99,Total - total household income,3,Three or more family household (with or without other people),336,,,
DATAFLOW,STATSNZ:CEN23_HOU_022(1.0),"Weekly rent paid by household, total household income, and household composition for households in rented occupied private dwellings, (RC, TALB, SA2, Health), 2013, 2018, and 2023 Censuses",I,2023,2023,06,Hawke's Bay Region,99,Not elsewhere included,99,Total - total household income,1,One-family household (with or without other people),111,,,
DATAFLOW,STATSNZ:CEN23_HOU_022(1.0),"Weekly rent paid by household, total household income, and household composition for households in rented occupied private dwellings, (RC, TALB, SA2, Health), 2013, 2018, and 2023 Censuses",I,2023,2023,9999,Total - New Zealand by regional council,07,$700 - $799,99,Total - total household income,2,Two-family household (with or without other people),2235,,,
DATAFLOW,STATSNZ:CEN23_HOU_022(1.0),"Weekly rent paid by household, total household income, and household composition for households in rented occupied private dwellings, (RC, TALB, SA2, Health), 2013, 2018, and 2023 Censuses",I,2023,2023,02,Auckland Region,02,$200 - $299,99,Total - total household income,3,Three or more family household (with or without other people),48,,,
DATAFLOW,STATSNZ:CEN23_HOU_022(1.0),"Weekly rent paid by household, total household income, and household composition for households in rented occupied private dwellings, (RC, TALB, SA2, Health), 2013, 2018, and 2023 Censuses",I,2023,2023,05,Gisborne Region,02,$200 - $299,99,Total - total household income,99,Total - household composition,834,,,
DATAFLOW,STATSNZ:CEN23_HOU_022(1.0),"Weekly rent paid by household, total household income, and household composition for households in rented occupied private dwellings, (RC, TALB, SA2, Health), 2013, 2018, and 2023 Censuses",I,2023,2023,02,Auckland Region,06,$600 - $699,99,Total - total household income,4,Other multi-person household,3351,,,
DATAFLOW,STATSNZ:CEN23_HOU_022(1.0),"Weekly rent paid by household, total household income, and household composition for households in rented occupied private dwellings, (RC, TALB, SA2, Health), 2013, 2018, and 2023 Censuses",I,2023,2023,18,Marlborough Region,03,$300 - $399,99,Total - total household income,77,Total stated - household composition,963,,,
DATAFLOW,STATSNZ:CEN23_HOU_022(1.0),"Weekly rent paid by household, total household income, and household composition for households in rented occupied private dwellings, (RC, TALB, SA2, Health), 2013, 2018, and 2023 Censuses",I,2023,2023,02,Auckland Region,07,$700 - $799,99,Total - total household income,6,Household composition unidentifiable,981,,,
DATAFLOW,STATSNZ:CEN23_HOU_022(1.0),"Weekly rent paid by household, total household income, and household composition for households in rented occupied private dwellings, (RC, TALB, SA2, Health), 2013, 2018, and 2023 Censuses",I,2023,2023,08,Manawatū-Whanganui Region,03,$300 - $399,99,Total - total household income,4,Other multi-person household,450,,,
DATAFLOW,STATSNZ:CEN23_HOU_022(1.0),"Weekly rent paid by household, total household income, and household composition for households in rented occupied private dwellings, (RC, TALB, SA2, Health), 2013, 2018, and 2023 Censuses",I,2023,2023,04,Bay of Plenty Region,04,$400 - $499,99,Total - total household income,4,Other multi-person household,444,,,
DATAFLOW,STATSNZ:CEN23_HOU_022(1.0),"Weekly rent paid by household, total household income, and household composition for households in rented occupied private dwellings, (RC, TALB, SA2, Health), 2013, 2018, and 2023 Censuses",I,2023,2023,15,Southland Region,777,Total stated - weekly rent paid by household,99,Total - total household income,6,Household composition unidentifiable,699,,,
DATAFLOW,STATSNZ:CEN23_HOU_022(1.0),"Weekly rent paid by household, total household income, and household composition for households in rented occupied private dwellings, (RC, TALB, SA2, Health), 2013, 2018, and 2023 Censuses",I,2023,2023,14,Otago Region,99,Not elsewhere included,99,Total - total household income,5,One-person household,117,,,
DATAFLOW,STATSNZ:CEN23_HOU_022(1.0),"Weekly rent paid by household, total household income, and household composition for households in rented occupied private dwellings, (RC, TALB, SA2, Health), 2013, 2018, and 2023 Censuses",I,2023,2023,03,Waikato Region,08,$800 and over,99,Total - total household income,6,Household composition unidentifiable,60,,,
DATAFLOW,STATSNZ:CEN23_HOU_022(1.0),"Weekly rent paid by household, total household income, and household composition for households in rented occupied private dwellings, (RC, TALB, SA2, Health), 2013, 2018, and 2023 Censuses",I,2023,2023,05,Gisborne Region,06,$600 - $699,99,Total - total household income,77,Total stated - household composition,330,,,
DATAFLOW,STATSNZ:CEN23_HOU_022(1.0),"Weekly rent paid by household, total household income, and household composition for households in rented occupied private dwellings, (RC, TALB, SA2, Health), 2013, 2018, and 2023 Censuses",I,2023,2023,04,Bay of Plenty Region,03,$300 - $399,99,Total - total household income,5,One-person household,1464,,,
DATAFLOW,STATSNZ:CEN23_HOU_022(1.0),"Weekly rent paid by household, total household income, and household composition for households in rented occupied private dwellings, (RC, TALB, SA2, Health), 2013, 2018, and 2023 Censuses",I,2023,2023,01,Northland Region,06,$600 - $699,99,Total - total household income,3,Three or more family household (with or without other people),3,,,
DATAFLOW,STATSNZ:CEN23_HOU_022(1.0),"Weekly rent paid by household, total household income, and household composition for households in rented occupied private dwellings, (RC, TALB, SA2, Health), 2013, 2018, and 2023 Censuses",I,2023,2023,04,Bay of Plenty Region,07,$700 - $799,99,Total - total household income,4,Other multi-person household,141,,,
DATAFLOW,STATSNZ:CEN23_HOU_022(1.0),"Weekly rent paid by household, total household income, and household composition for households in rented occupied private dwellings, (RC, TALB, SA2, Health), 2013, 2018, and 2023 Censuses",I,2023,2023,06,Hawke's Bay Region,07,$700 - $799,99,Total - total household income,4,Other multi-person household,45,,,
DATAFLOW,STATSNZ:CEN23_HOU_022(1.0),"Weekly rent paid by household, total household income, and household composition for households in rented occupied private dwellings, (RC, TALB, SA2, Health), 2013, 2018, and 2023 Censuses",I,2023,2023,05,Gisborne Region,02,$200 - $299,99,Total - total household income,1,One-family household (with or without other people),420,,,
DATAFLOW,STATSNZ:CEN23_HOU_022(1.0),"Weekly rent paid by household, total household income, and household composition for households in rented occupied private dwellings, (RC, TALB, SA2, Health), 2013, 2018, and 2023 Censuses",I,2023,2023,07,Taranaki Region,05,$500 - $599,99,Total - total household income,1,One-family household (with or without other people),1029,,,
DATAFLOW,STATSNZ:CEN23_HOU_022(1.0),"Weekly rent paid by household, total household income, and household composition for households in rented occupied private dwellings, (RC, TALB, SA2, Health), 2013, 2018, and 2023 Censuses",I,2023,2023,13,Canterbury Region,07,$700 - $799,99,Total - total household income,77,Total stated - household composition,1194,,,
DATAFLOW,STATSNZ:CEN23_HOU_022(1.0),"Weekly rent paid by household, total household income, and household composition for households in rented occupied private dwellings, (RC, TALB, SA2, Health), 2013, 2018, and 2023 Censuses",I,2023,2023,01,Northland Region,99,Not elsewhere included,99,Total - total household income,5,One-person household,150,,,
DATAFLOW,STATSNZ:CEN23_HOU_022(1.0),"Weekly rent paid by household, total household income, and household composition for households in rented occupied private dwellings, (RC, TALB, SA2, Health), 2013, 2018, and 2023 Censuses",I,2023,2023,18,Marlborough Region,07,$700 - $799,99,Total - total household income,99,Total - household composition,48,,,
DATAFLOW,STATSNZ:CEN23_HOU_022(1.0),"Weekly rent paid by household, total household income, and household composition for households in rented occupied private dwellings, (RC, TALB, SA2, Health), 2013, 2018, and 2023 Censuses",I,2023,2023,03,Waikato Region,03,$300 - $399,99,Total - total household income,1,One-family household (with or without other people),5187,,,
DATAFLOW,STATSNZ:CEN23_HOU_022(1.0),"Weekly rent paid by household, total household income, and household composition for households in rented occupied private dwellings, (RC, TALB, SA2, Health), 2013, 2018, and 2023 Censuses",I,2023,2023,16,Tasman Region,07,$700 - $799,99,Total - total household income,4,Other multi-person household,3,,,
DATAFLOW,STATSNZ:CEN23_HOU_022(1.0),"Weekly rent paid by household, total household income, and household composition for households in rented occupied private dwellings, (RC, TALB, SA2, Health), 2013, 2018, and 2023 Censuses",I,2023,2023,99,Area Outside Region,04,$400 - $499,99,Total - total household income,5,One-person household,,,c,Confidential
DATAFLOW,STATSNZ:CEN23_HOU_022(1.0),"Weekly rent paid by household, total household income, and household composition for households in rented occupied private dwellings, (RC, TALB, SA2, Health), 2013, 2018, and 2023 Censuses",I,2023,2023,13,Canterbury Region,06,$600 - $699,99,Total - total household income,77,Total stated - household composition,4053,,,
DATAFLOW,STATSNZ:CEN23_HOU_022(1.0),"Weekly rent paid by household, total household income, and household composition for households in rented occupied private dwellings, (RC, TALB, SA2, Health), 2013, 2018, and 2023 Censuses",I,2023,2023,12,West Coast Region,777,Total stated - weekly rent paid by household,99,Total - total household income,5,One-person household,1230,,,
DATAFLOW,STATSNZ:CEN23_HOU_022(1.0),"Weekly rent paid by household, total household income, and household composition for households in rented occupied private dwellings, (RC, TALB, SA2, Health), 2013, 2018, and 2023 Censuses",I,2023,2023,16,Tasman Region,999,Total - weekly rent paid by household,99,Total - total household income,2,Two-family household (with or without other people),102,,,
DATAFLOW,STATSNZ:CEN23_HOU_022(1.0),"Weekly rent paid by household, total household income, and household composition for households in rented occupied private dwellings, (RC, TALB, SA2, Health), 2013, 2018, and 2023 Censuses",I,2023,2023,17,Nelson Region,999,Total - weekly rent paid by household,99,Total - total household income,6,Household composition unidentifiable,240,,,
DATAFLOW,STATSNZ:CEN23_HOU_022(1.0),"Weekly rent paid by household, total household income, and household composition for households in rented occupied private dwellings, (RC, TALB, SA2, Health), 2013, 2018, and 2023 Censuses",I,2023,2023,03,Waikato Region,06,$600 - $699,99,Total - total household income,1,One-family household (with or without other people),3435,,,
DATAFLOW,STATSNZ:CEN23_HOU_022(1.0),"Weekly rent paid by household, total household income, and household composition for households in rented occupied private dwellings, (RC, TALB, SA2, Health), 2013, 2018, and 2023 Censuses",I,2023,2023,02,Auckland Region,99,Not elsewhere included,99,Total - total household income,99,Total - household composition,1632,,,
DATAFLOW,STATSNZ:CEN23_HOU_022(1.0),"Weekly rent paid by household, total household income, and household composition for households in rented occupied private dwellings, (RC, TALB, SA2, Health), 2013, 2018, and 2023 Censuses",I,2023,2023,15,Southland Region,07,$700 - $799,99,Total - total household income,77,Total stated - household composition,12,,,
DATAFLOW,STATSNZ:CEN23_HOU_022(1.0),"Weekly rent paid by household, total household income, and household composition for households in rented occupied private dwellings, (RC, TALB, SA2, Health), 2013, 2018, and 2023 Censuses",I,2023,2023,08,Manawatū-Whanganui Region,05,$500 - $599,99,Total - total household income,3,Three or more family household (with or without other people),9,,,
DATAFLOW,STATSNZ:CEN23_HOU_022(1.0),"Weekly rent paid by household, total household income, and household composition for households in rented occupied private dwellings, (RC, TALB, SA2, Health), 2013, 2018, and 2023 Censuses",I,2023,2023,09,Wellington Region,02,$200 - $299,99,Total - total household income,99,Total - household composition,4857,,,
DATAFLOW,STATSNZ:CEN23_HOU_022(1.0),"Weekly rent paid by household, total household income, and household composition for households in rented occupied private dwellings, (RC, TALB, SA2, Health), 2013, 2018, and 2023 Censuses",I,2023,2023,09,Wellington Region,03,$300 - $399,99,Total - total household income,4,Other multi-person household,477,,,
DATAFLOW,STATSNZ:CEN23_HOU_022(1.0),"Weekly rent paid by household, total household income, and household composition for households in rented occupied private dwellings, (RC, TALB, SA2, Health), 2013, 2018, and 2023 Censuses",I,2023,2023,17,Nelson Region,06,$600 - $699,99,Total - total household income,6,Household composition unidentifiable,12,,,
DATAFLOW,STATSNZ:CEN23_HOU_022(1.0),"Weekly rent paid by household, total household income, and household composition for households in rented occupied private dwellings, (RC, TALB, SA2, Health), 2013, 2018, and 2023 Censuses",I,2023,2023,03,Waikato Region,07,$700 - $799,99,Total - total household income,5,One-person household,57,,,
DATAFLOW,STATSNZ:CEN23_HOU_022(1.0),"Weekly rent paid by household, total household income, and household composition for households in rented occupied private dwellings, (RC, TALB, SA2, Health), 2013, 2018, and 2023 Censuses",I,2023,2023,12,West Coast Region,06,$600 - $699,99,Total - total household income,1,One-family household (with or without other people),3,,,
DATAFLOW,STATSNZ:CEN23_HOU_022(1.0),"Weekly rent paid by household, total household income, and household composition for households in rented occupied private dwellings, (RC, TALB, SA2, Health), 2013, 2018, and 2023 Censuses",I,2023,2023,06,Hawke's Bay Region,04,$400 - $499,99,Total - total household income,5,One-person household,648,,,
DATAFLOW,STATSNZ:CEN23_HOU_022(1.0),"Weekly rent paid by household, total household income, and household composition for households in rented occupied private dwellings, (RC, TALB, SA2, Health), 2013, 2018, and 2023 Censuses",I,2023,2023,16,Tasman Region,999,Total - weekly rent paid by household,99,Total - total household income,4,Other multi-person household,282,,,
DATAFLOW,STATSNZ:CEN23_HOU_022(1.0),"Weekly rent paid by household, total household income, and household composition for households in rented occupied private dwellings, (RC, TALB, SA2, Health), 2013, 2018, and 2023 Censuses",I,2023,2023,16,Tasman Region,04,$400 - $499,99,Total - total household income,6,Household composition unidentifiable,72,,,
DATAFLOW,STATSNZ:CEN23_HOU_022(1.0),"Weekly rent paid by household, total household income, and household composition for households in rented occupied private dwellings, (RC, TALB, SA2, Health), 2013, 2018, and 2023 Censuses",I,2023,2023,9999,Total - New Zealand by regional council,02,$200 - $299,99,Total - total household income,3,Three or more family household (with or without other people),96,,,
DATAFLOW,STATSNZ:CEN23_HOU_022(1.0),"Weekly rent paid by household, total household income, and household composition for households in rented occupied private dwellings, (RC, TALB, SA2, Health), 2013, 2018, and 2023 Censuses",I,2023,2023,05,Gisborne Region,777,Total stated - weekly rent paid by household,99,Total - total household income,2,Two-family household (with or without other people),306,,,
DATAFLOW,STATSNZ:CEN23_HOU_022(1.0),"Weekly rent paid by household, total household income, and household composition for households in rented occupied private dwellings, (RC, TALB, SA2, Health), 2013, 2018, and 2023 Censuses",I,2023,2023,08,Manawatū-Whanganui Region,999,Total - weekly rent paid by household,99,Total - total household income,99,Total - household composition,27297,,,
DATAFLOW,STATSNZ:CEN23_HOU_022(1.0),"Weekly rent paid by household, total household income, and household composition for households in rented occupied private dwellings, (RC, TALB, SA2, Health), 2013, 2018, and 2023 Censuses",I,2023,2023,14,Otago Region,02,$200 - $299,99,Total - total household income,1,One-family household (with or without other people),1308,,,
DATAFLOW,STATSNZ:CEN23_HOU_022(1.0),"Weekly rent paid by household, total household income, and household composition for households in rented occupied private dwellings, (RC, TALB, SA2, Health), 2013, 2018, and 2023 Censuses",I,2023,2023,13,Canterbury Region,01,Under $200,99,Total - total household income,77,Total stated - household composition,11475,,,
DATAFLOW,STATSNZ:CEN23_HOU_022(1.0),"Weekly rent paid by household, total household income, and household composition for households in rented occupied private dwellings, (RC, TALB, SA2, Health), 2013, 2018, and 2023 Censuses",I,2023,2023,02,Auckland Region,05,$500 - $599,99,Total - total household income,2,Two-family household (with or without other people),1551,,,
DATAFLOW,STATSNZ:CEN23_HOU_022(1.0),"Weekly rent paid by household, total household income, and household composition for households in rented occupied private dwellings, (RC, TALB, SA2, Health), 2013, 2018, and 2023 Censuses",I,2023,2023,07,Taranaki Region,01,Under $200,99,Total - total household income,3,Three or more family household (with or without other people),3,,,
DATAFLOW,STATSNZ:CEN23_HOU_022(1.0),"Weekly rent paid by household, total household income, and household composition for households in rented occupied private dwellings, (RC, TALB, SA2, Health), 2013, 2018, and 2023 Censuses",I,2023,2023,06,Hawke's Bay Region,03,$300 - $399,99,Total - total household income,2,Two-family household (with or without other people),78,,,
DATAFLOW,STATSNZ:CEN23_HOU_022(1.0),"Weekly rent paid by household, total household income, and household composition for households in rented occupied private dwellings, (RC, TALB, SA2, Health), 2013, 2018, and 2023 Censuses",I,2023,2023,04,Bay of Plenty Region,07,$700 - $799,99,Total - total household income,99,Total - household composition,1575,,,
DATAFLOW,STATSNZ:CEN23_HOU_022(1.0),"Weekly rent paid by household, total household income, and household composition for households in rented occupied private dwellings, (RC, TALB, SA2, Health), 2013, 2018, and 2023 Censuses",I,2023,2023,13,Canterbury Region,99,Not elsewhere included,99,Total - total household income,3,Three or more family household (with or without other people),0,,,
DATAFLOW,STATSNZ:CEN23_HOU_022(1.0),"Weekly rent paid by household, total household income, and household composition for households in rented occupied private dwellings, (RC, TALB, SA2, Health), 2013, 2018, and 2023 Censuses",I,2023,2023,16,Tasman Region,01,Under $200,99,Total - total household income,6,Household composition unidentifiable,57,,,
DATAFLOW,STATSNZ:CEN23_HOU_022(1.0),"Weekly rent paid by household, total household income, and household composition for households in rented occupied private dwellings, (RC, TALB, SA2, Health), 2013, 2018, and 2023 Censuses",I,2023,2023,01,Northland Region,06,$600 - $699,99,Total - total household income,4,Other multi-person household,105,,,
DATAFLOW,STATSNZ:CEN23_HOU_022(1.0),"Weekly rent paid by household, total household income, and household composition for households in rented occupied private dwellings, (RC, TALB, SA2, Health), 2013, 2018, and 2023 Censuses",I,2023,2023,13,Canterbury Region,08,$800 and over,99,Total - total household income,6,Household composition unidentifiable,81,,,
DATAFLOW,STATSNZ:CEN23_HOU_022(1.0),"Weekly rent paid by household, total household income, and household composition for households in rented occupied private dwellings, (RC, TALB, SA2, Health), 2013, 2018, and 2023 Censuses",I,2023,2023,17,Nelson Region,777,Total stated - weekly rent paid by household,99,Total - total household income,5,One-person household,1524,,,
DATAFLOW,STATSNZ:CEN23_HOU_022(1.0),"Weekly rent paid by household, total household income, and household composition for households in rented occupied private dwellings, (RC, TALB, SA2, Health), 2013, 2018, and 2023 Censuses",I,2023,2023,08,Manawatū-Whanganui Region,999,Total - weekly rent paid by household,99,Total - total household income,2,Two-family household (with or without other people),648,,,
DATAFLOW,STATSNZ:CEN23_HOU_022(1.0),"Weekly rent paid by household, total household income, and household composition for households in rented occupied private dwellings, (RC, TALB, SA2, Health), 2013, 2018, and 2023 Censuses",I,2023,2023,08,Manawatū-Whanganui Region,02,$200 - $299,99,Total - total household income,99,Total - household composition,4395,,,
DATAFLOW,STATSNZ:CEN23_HOU_022(1.0),"Weekly rent paid by household, total household income, and household composition for households in rented occupied private dwellings, (RC, TALB, SA2, Health), 2013, 2018, and 2023 Censuses",I,2023,2023,08,Manawatū-Whanganui Region,06,$600 - $699,99,Total - total household income,99,Total - household composition,1176,,,
DATAFLOW,STATSNZ:CEN23_HOU_022(1.0),"Weekly rent paid by household, total household income, and household composition for households in rented occupied private dwellings, (RC, TALB, SA2, Health), 2013, 2018, and 2023 Censuses",I,2023,2023,03,Waikato Region,02,$200 - $299,99,Total - total household income,5,One-person household,3048,,,
DATAFLOW,STATSNZ:CEN23_HOU_022(1.0),"Weekly rent paid by household, total household income, and household composition for households in rented occupied private dwellings, (RC, TALB, SA2, Health), 2013, 2018, and 2023 Censuses",I,2023,2023,14,Otago Region,08,$800 and over,99,Total - total household income,3,Three or more family household (with or without other people),6,,,
DATAFLOW,STATSNZ:CEN23_HOU_022(1.0),"Weekly rent paid by household, total household income, and household composition for households in rented occupied private dwellings, (RC, TALB, SA2, Health), 2013, 2018, and 2023 Censuses",I,2023,2023,04,Bay of Plenty Region,02,$200 - $299,99,Total - total household income,2,Two-family household (with or without other people),96,,,
DATAFLOW,STATSNZ:CEN23_HOU_022(1.0),"Weekly rent paid by household, total household income, and household composition for households in rented occupied private dwellings, (RC, TALB, SA2, Health), 2013, 2018, and 2023 Censuses",I,2023,2023,9999,Total - New Zealand by regional council,01,Under $200,99,Total - total household income,5,One-person household,34998,,,
DATAFLOW,STATSNZ:CEN23_HOU_022(1.0),"Weekly rent paid by household, total household income, and household composition for households in rented occupied private dwellings, (RC, TALB, SA2, Health), 2013, 2018, and 2023 Censuses",I,2023,2023,02,Auckland Region,04,$400 - $499,99,Total - total household income,5,One-person household,7764,,,
DATAFLOW,STATSNZ:CEN23_HOU_022(1.0),"Weekly rent paid by household, total household income, and household composition for households in rented occupied private dwellings, (RC, TALB, SA2, Health), 2013, 2018, and 2023 Censuses",I,2023,2023,06,Hawke's Bay Region,99,Not elsewhere included,99,Total - total household income,99,Total - household composition,342,,,
DATAFLOW,STATSNZ:CEN23_HOU_022(1.0),"Weekly rent paid by household, total household income, and household composition for households in rented occupied private dwellings, (RC, TALB, SA2, Health), 2013, 2018, and 2023 Censuses",I,2023,2023,02,Auckland Region,777,Total stated - weekly rent paid by household,99,Total - total household income,4,Other multi-person household,19320,,,
DATAFLOW,STATSNZ:CEN23_HOU_022(1.0),"Weekly rent paid by household, total household income, and household composition for households in rented occupied private dwellings, (RC, TALB, SA2, Health), 2013, 2018, and 2023 Censuses",I,2023,2023,04,Bay of Plenty Region,04,$400 - $499,99,Total - total household income,99,Total - household composition,5976,,,
DATAFLOW,STATSNZ:CEN23_HOU_022(1.0),"Weekly rent paid by household, total household income, and household composition for households in rented occupied private dwellings, (RC, TALB, SA2, Health), 2013, 2018, and 2023 Censuses",I,2023,2023,99,Area Outside Region,03,$300 - $399,99,Total - total household income,99,Total - household composition,3,,,
DATAFLOW,STATSNZ:CEN23_HOU_022(1.0),"Weekly rent paid by household, total household income, and household composition for households in rented occupied private dwellings, (RC, TALB, SA2, Health), 2013, 2018, and 2023 Censuses",I,2023,2023,12,West Coast Region,777,Total stated - weekly rent paid by household,99,Total - total household income,99,Total - household composition,3036,,,
DATAFLOW,STATSNZ:CEN23_HOU_022(1.0),"Weekly rent paid by household, total household income, and household composition for households in rented occupied private dwellings, (RC, TALB, SA2, Health), 2013, 2018, and 2023 Censuses",I,2023,2023,08,Manawatū-Whanganui Region,08,$800 and over,99,Total - total household income,5,One-person household,48,,,
DATAFLOW,STATSNZ:CEN23_HOU_022(1.0),"Weekly rent paid by household, total household income, and household composition for households in rented occupied private dwellings, (RC, TALB, SA2, Health), 2013, 2018, and 2023 Censuses",I,2023,2023,9999,Total - New Zealand by regional council,06,$600 - $699,99,Total - total household income,5,One-person household,5298,,,
DATAFLOW,STATSNZ:CEN23_HOU_022(1.0),"Weekly rent paid by household, total household income, and household composition for households in rented occupied private dwellings, (RC, TALB, SA2, Health), 2013, 2018, and 2023 Censuses",I,2023,2023,04,Bay of Plenty Region,99,Not elsewhere included,99,Total - total household income,1,One-family household (with or without other people),195,,,
DATAFLOW,STATSNZ:CEN23_HOU_022(1.0),"Weekly rent paid by household, total household income, and household composition for households in rented occupied private dwellings, (RC, TALB, SA2, Health), 2013, 2018, and 2023 Censuses",I,2023,2023,06,Hawke's Bay Region,99,Not elsewhere included,99,Total - total household income,6,Household composition unidentifiable,75,,,
DATAFLOW,STATSNZ:CEN23_HOU_022(1.0),"Weekly rent paid by household, total household income, and household composition for households in rented occupied private dwellings, (RC, TALB, SA2, Health), 2013, 2018, and 2023 Censuses",I,2023,2023,06,Hawke's Bay Region,06,$600 - $699,99,Total - total household income,1,One-family household (with or without other people),987,,,
DATAFLOW,STATSNZ:CEN23_HOU_022(1.0),"Weekly rent paid by household, total household income, and household composition for households in rented occupied private dwellings, (RC, TALB, SA2, Health), 2013, 2018, and 2023 Censuses",I,2023,2023,14,Otago Region,06,$600 - $699,99,Total - total household income,77,Total stated - household composition,2037,,,
DATAFLOW,STATSNZ:CEN23_HOU_022(1.0),"Weekly rent paid by household, total household income, and household composition for households in rented occupied private dwellings, (RC, TALB, SA2, Health), 2013, 2018, and 2023 Censuses",I,2023,2023,03,Waikato Region,02,$200 - $299,99,Total - total household income,2,Two-family household (with or without other people),138,,,
DATAFLOW,STATSNZ:CEN23_HOU_022(1.0),"Weekly rent paid by household, total household income, and household composition for households in rented occupied private dwellings, (RC, TALB, SA2, Health), 2013, 2018, and 2023 Censuses",I,2023,2023,12,West Coast Region,99,Not elsewhere included,99,Total - total household income,99,Total - household composition,99,,,
DATAFLOW,STATSNZ:CEN23_HOU_022(1.0),"Weekly rent paid by household, total household income, and household composition for households in rented occupied private dwellings, (RC, TALB, SA2, Health), 2013, 2018, and 2023 Censuses",I,2023,2023,12,West Coast Region,07,$700 - $799,99,Total - total household income,3,Three or more family household (with or without other people),0,,,
DATAFLOW,STATSNZ:CEN23_HOU_022(1.0),"Weekly rent paid by household, total household income, and household composition for households in rented occupied private dwellings, (RC, TALB, SA2, Health), 2013, 2018, and 2023 Censuses",I,2023,2023,04,Bay of Plenty Region,777,Total stated - weekly rent paid by household,99,Total - total household income,77,Total stated - household composition,30153,,,
DATAFLOW,STATSNZ:CEN23_HOU_022(1.0),"Weekly rent paid by household, total household income, and household composition for households in rented occupied private dwellings, (RC, TALB, SA2, Health), 2013, 2018, and 2023 Censuses",I,2023,2023,99,Area Outside Region,08,$800 and over,99,Total - total household income,1,One-family household (with or without other people),,,c,Confidential
DATAFLOW,STATSNZ:CEN23_HOU_022(1.0),"Weekly rent paid by household, total household income, and household composition for households in rented occupied private dwellings, (RC, TALB, SA2, Health), 2013, 2018, and 2023 Censuses",I,2023,2023,03,Waikato Region,07,$700 - $799,99,Total - total household income,3,Three or more family household (with or without other people),9,,,
DATAFLOW,STATSNZ:CEN23_HOU_022(1.0),"Weekly rent paid by household, total household income, and household composition for households in rented occupied private dwellings, (RC, TALB, SA2, Health), 2013, 2018, and 2023 Censuses",I,2023,2023,13,Canterbury Region,777,Total stated - weekly rent paid by household,99,Total - total household income,1,One-family household (with or without other people),38883,,,
DATAFLOW,STATSNZ:CEN23_HOU_022(1.0),"Weekly rent paid by household, total household income, and household composition for households in rented occupied private dwellings, (RC, TALB, SA2, Health), 2013, 2018, and 2023 Censuses",I,2023,2023,16,Tasman Region,04,$400 - $499,99,Total - total household income,77,Total stated - household composition,909,,,
DATAFLOW,STATSNZ:CEN23_HOU_022(1.0),"Weekly rent paid by household, total household income, and household composition for households in rented occupied private dwellings, (RC, TALB, SA2, Health), 2013, 2018, and 2023 Censuses",I,2023,2023,01,Northland Region,07,$700 - $799,99,Total - total household income,5,One-person household,36,,,
DATAFLOW,STATSNZ:CEN23_HOU_022(1.0),"Weekly rent paid by household, total household income, and household composition for households in rented occupied private dwellings, (RC, TALB, SA2, Health), 2013, 2018, and 2023 Censuses",I,2023,2023,08,Manawatū-Whanganui Region,01,Under $200,99,Total - total household income,4,Other multi-person household,363,,,
DATAFLOW,STATSNZ:CEN23_HOU_022(1.0),"Weekly rent paid by household, total household income, and household composition for households in rented occupied private dwellings, (RC, TALB, SA2, Health), 2013, 2018, and 2023 Censuses",I,2023,2023,04,Bay of Plenty Region,06,$600 - $699,99,Total - total household income,2,Two-family household (with or without other people),255,,,
DATAFLOW,STATSNZ:CEN23_HOU_022(1.0),"Weekly rent paid by household, total household income, and household composition for households in rented occupied private dwellings, (RC, TALB, SA2, Health), 2013, 2018, and 2023 Censuses",I,2023,2023,12,West Coast Region,99,Not elsewhere included,99,Total - total household income,1,One-family household (with or without other people),27,,,
DATAFLOW,STATSNZ:CEN23_HOU_022(1.0),"Weekly rent paid by household, total household income, and household composition for households in rented occupied private dwellings, (RC, TALB, SA2, Health), 2013, 2018, and 2023 Censuses",I,2023,2023,9999,Total - New Zealand by regional council,02,$200 - $299,99,Total - total household income,99,Total - household composition,53325,,,
DATAFLOW,STATSNZ:CEN23_HOU_022(1.0),"Weekly rent paid by household, total household income, and household composition for households in rented occupied private dwellings, (RC, TALB, SA2, Health), 2013, 2018, and 2023 Censuses",I,2023,2023,9999,Total - New Zealand by regional council,02,$200 - $299,99,Total - total household income,4,Other multi-person household,4350,,,
DATAFLOW,STATSNZ:CEN23_HOU_022(1.0),"Weekly rent paid by household, total household income, and household composition for households in rented occupied private dwellings, (RC, TALB, SA2, Health), 2013, 2018, and 2023 Censuses",I,2023,2023,16,Tasman Region,05,$500 - $599,99,Total - total household income,4,Other multi-person household,54,,,
DATAFLOW,STATSNZ:CEN23_HOU_022(1.0),"Weekly rent paid by household, total household income, and household composition for households in rented occupied private dwellings, (RC, TALB, SA2, Health), 2013, 2018, and 2023 Censuses",I,2023,2023,06,Hawke's Bay Region,07,$700 - $799,99,Total - total household income,5,One-person household,33,,,
DATAFLOW,STATSNZ:CEN23_HOU_022(1.0),"Weekly rent paid by household, total household income, and household composition for households in rented occupied private dwellings, (RC, TALB, SA2, Health), 2013, 2018, and 2023 Censuses",I,2023,2023,16,Tasman Region,03,$300 - $399,99,Total - total household income,6,Household composition unidentifiable,66,,,
DATAFLOW,STATSNZ:CEN23_HOU_022(1.0),"Weekly rent paid by household, total household income, and household composition for households in rented occupied private dwellings, (RC, TALB, SA2, Health), 2013, 2018, and 2023 Censuses",I,2023,2023,13,Canterbury Region,99,Not elsewhere included,99,Total - total household income,99,Total - household composition,702,,,
DATAFLOW,STATSNZ:CEN23_HOU_022(1.0),"Weekly rent paid by household, total household income, and household composition for households in rented occupied private dwellings, (RC, TALB, SA2, Health), 2013, 2018, and 2023 Censuses",I,2023,2023,14,Otago Region,08,$800 and over,99,Total - total household income,5,One-person household,111,,,
DATAFLOW,STATSNZ:CEN23_HOU_022(1.0),"Weekly rent paid by household, total household income, and household composition for households in rented occupied private dwellings, (RC, TALB, SA2, Health), 2013, 2018, and 2023 Censuses",I,2023,2023,01,Northland Region,03,$300 - $399,99,Total - total household income,2,Two-family household (with or without other people),93,,,
DATAFLOW,STATSNZ:CEN23_HOU_022(1.0),"Weekly rent paid by household, total household income, and household composition for households in rented occupied private dwellings, (RC, TALB, SA2, Health), 2013, 2018, and 2023 Censuses",I,2023,2023,17,Nelson Region,04,$400 - $499,99,Total - total household income,6,Household composition unidentifiable,66,,,
DATAFLOW,STATSNZ:CEN23_HOU_022(1.0),"Weekly rent paid by household, total household income, and household composition for households in rented occupied private dwellings, (RC, TALB, SA2, Health), 2013, 2018, and 2023 Censuses",I,2023,2023,18,Marlborough Region,777,Total stated - weekly rent paid by household,99,Total - total household income,1,One-family household (with or without other people),2634,,,
DATAFLOW,STATSNZ:CEN23_HOU_022(1.0),"Weekly rent paid by household, total household income, and household composition for households in rented occupied private dwellings, (RC, TALB, SA2, Health), 2013, 2018, and 2023 Censuses",I,2023,2023,17,Nelson Region,08,$800 and over,99,Total - total household income,99,Total - household composition,78,,,
DATAFLOW,STATSNZ:CEN23_HOU_022(1.0),"Weekly rent paid by household, total household income, and household composition for households in rented occupied private dwellings, (RC, TALB, SA2, Health), 2013, 2018, and 2023 Censuses",I,2023,2023,07,Taranaki Region,99,Not elsewhere included,99,Total - total household income,4,Other multi-person household,9,,,
DATAFLOW,STATSNZ:CEN23_HOU_022(1.0),"Weekly rent paid by household, total household income, and household composition for households in rented occupied private dwellings, (RC, TALB, SA2, Health), 2013, 2018, and 2023 Censuses",I,2023,2023,02,Auckland Region,777,Total stated - weekly rent paid by household,99,Total - total household income,77,Total stated - household composition,193695,,,
DATAFLOW,STATSNZ:CEN23_HOU_022(1.0),"Weekly rent paid by household, total household income, and household composition for households in rented occupied private dwellings, (RC, TALB, SA2, Health), 2013, 2018, and 2023 Censuses",I,2023,2023,9999,Total - New Zealand by regional council,999,Total - weekly rent paid by household,99,Total - total household income,3,Three or more family household (with or without other people),1509,,,
DATAFLOW,STATSNZ:CEN23_HOU_022(1.0),"Weekly rent paid by household, total household income, and household composition for households in rented occupied private dwellings, (RC, TALB, SA2, Health), 2013, 2018, and 2023 Censuses",I,2023,2023,03,Waikato Region,05,$500 - $599,99,Total - total household income,3,Three or more family household (with or without other people),15,,,
DATAFLOW,STATSNZ:CEN23_HOU_022(1.0),"Weekly rent paid by household, total household income, and household composition for households in rented occupied private dwellings, (RC, TALB, SA2, Health), 2013, 2018, and 2023 Censuses",I,2023,2023,01,Northland Region,02,$200 - $299,99,Total - total household income,3,Three or more family household (with or without other people),3,,,
DATAFLOW,STATSNZ:CEN23_HOU_022(1.0),"Weekly rent paid by household, total household income, and household composition for households in rented occupied private dwellings, (RC, TALB, SA2, Health), 2013, 2018, and 2023 Censuses",I,2023,2023,07,Taranaki Region,05,$500 - $599,99,Total - total household income,2,Two-family household (with or without other people),51,,,
DATAFLOW,STATSNZ:CEN23_HOU_022(1.0),"Weekly rent paid by household, total household income, and household composition for households in rented occupied private dwellings, (RC, TALB, SA2, Health), 2013, 2018, and 2023 Censuses",I,2023,2023,99,Area Outside Region,05,$500 - $599,99,Total - total household income,6,Household composition unidentifiable,,,c,Confidential
DATAFLOW,STATSNZ:CEN23_HOU_022(1.0),"Weekly rent paid by household, total household income, and household composition for households in rented occupied private dwellings, (RC, TALB, SA2, Health), 2013, 2018, and 2023 Censuses",I,2023,2023,13,Canterbury Region,02,$200 - $299,99,Total - total household income,77,Total stated - household composition,7266,,,
DATAFLOW,STATSNZ:CEN23_HOU_022(1.0),"Weekly rent paid by household, total household income, and household composition for households in rented occupied private dwellings, (RC, TALB, SA2, Health), 2013, 2018, and 2023 Censuses",I,2023,2023,03,Waikato Region,08,$800 and over,99,Total - total household income,1,One-family household (with or without other people),375,,,
DATAFLOW,STATSNZ:CEN23_HOU_022(1.0),"Weekly rent paid by household, total household income, and household composition for households in rented occupied private dwellings, (RC, TALB, SA2, Health), 2013, 2018, and 2023 Censuses",I,2023,2023,09,Wellington Region,999,Total - weekly rent paid by household,99,Total - total household income,99,Total - household composition,62433,,,
DATAFLOW,STATSNZ:CEN23_HOU_022(1.0),"Weekly rent paid by household, total household income, and household composition for households in rented occupied private dwellings, (RC, TALB, SA2, Health), 2013, 2018, and 2023 Censuses",I,2023,2023,9999,Total - New Zealand by regional council,777,Total stated - weekly rent paid by household,99,Total - total household income,2,Two-family household (with or without other people),20754,,,
DATAFLOW,STATSNZ:CEN23_HOU_022(1.0),"Weekly rent paid by household, total household income, and household composition for households in rented occupied private dwellings, (RC, TALB, SA2, Health), 2013, 2018, and 2023 Censuses",I,2023,2023,17,Nelson Region,05,$500 - $599,99,Total - total household income,3,Three or more family household (with or without other people),0,,,
DATAFLOW,STATSNZ:CEN23_HOU_022(1.0),"Weekly rent paid by household, total household income, and household composition for households in rented occupied private dwellings, (RC, TALB, SA2, Health), 2013, 2018, and 2023 Censuses",I,2023,2023,09,Wellington Region,777,Total stated - weekly rent paid by household,99,Total - total household income,1,One-family household (with or without other people),32577,,,
DATAFLOW,STATSNZ:CEN23_HOU_022(1.0),"Weekly rent paid by household, total household income, and household composition for households in rented occupied private dwellings, (RC, TALB, SA2, Health), 2013, 2018, and 2023 Censuses",I,2023,2023,15,Southland Region,999,Total - weekly rent paid by household,99,Total - total household income,5,One-person household,3072,,,
DATAFLOW,STATSNZ:CEN23_HOU_022(1.0),"Weekly rent paid by household, total household income, and household composition for households in rented occupied private dwellings, (RC, TALB, SA2, Health), 2013, 2018, and 2023 Censuses",I,2023,2023,01,Northland Region,05,$500 - $599,99,Total - total household income,1,One-family household (with or without other people),1896,,,
DATAFLOW,STATSNZ:CEN23_HOU_022(1.0),"Weekly rent paid by household, total household income, and household composition for households in rented occupied private dwellings, (RC, TALB, SA2, Health), 2013, 2018, and 2023 Censuses",I,2023,2023,02,Auckland Region,01,Under $200,99,Total - total household income,2,Two-family household (with or without other people),1686,,,
DATAFLOW,STATSNZ:CEN23_HOU_022(1.0),"Weekly rent paid by household, total household income, and household composition for households in rented occupied private dwellings, (RC, TALB, SA2, Health), 2013, 2018, and 2023 Censuses",I,2023,2023,09,Wellington Region,06,$600 - $699,99,Total - total household income,5,One-person household,873,,,
DATAFLOW,STATSNZ:CEN23_HOU_022(1.0),"Weekly rent paid by household, total household income, and household composition for households in rented occupied private dwellings, (RC, TALB, SA2, Health), 2013, 2018, and 2023 Censuses",I,2023,2023,04,Bay of Plenty Region,01,Under $200,99,Total - total household income,3,Three or more family household (with or without other people),15,,,
DATAFLOW,STATSNZ:CEN23_HOU_022(1.0),"Weekly rent paid by household, total household income, and household composition for households in rented occupied private dwellings, (RC, TALB, SA2, Health), 2013, 2018, and 2023 Censuses",I,2023,2023,99,Area Outside Region,999,Total - weekly rent paid by household,99,Total - total household income,6,Household composition unidentifiable,6,,,
DATAFLOW,STATSNZ:CEN23_HOU_022(1.0),"Weekly rent paid by household, total household income, and household composition for households in rented occupied private dwellings, (RC, TALB, SA2, Health), 2013, 2018, and 2023 Censuses",I,2023,2023,14,Otago Region,01,Under $200,99,Total - total household income,3,Three or more family household (with or without other people),0,,,
DATAFLOW,STATSNZ:CEN23_HOU_022(1.0),"Weekly rent paid by household, total household income, and household composition for households in rented occupied private dwellings, (RC, TALB, SA2, Health), 2013, 2018, and 2023 Censuses",I,2023,2023,15,Southland Region,03,$300 - $399,99,Total - total household income,6,Household composition unidentifiable,171,,,
DATAFLOW,STATSNZ:CEN23_HOU_022(1.0),"Weekly rent paid by household, total household income, and household composition for households in rented occupied private dwellings, (RC, TALB, SA2, Health), 2013, 2018, and 2023 Censuses",I,2023,2023,15,Southland Region,05,$500 - $599,99,Total - total household income,5,One-person household,30,,,
DATAFLOW,STATSNZ:CEN23_HOU_022(1.0),"Weekly rent paid by household, total household income, and household composition for households in rented occupied private dwellings, (RC, TALB, SA2, Health), 2013, 2018, and 2023 Censuses",I,2023,2023,17,Nelson Region,06,$600 - $699,99,Total - total household income,77,Total stated - household composition,438,,,
DATAFLOW,STATSNZ:CEN23_HOU_022(1.0),"Weekly rent paid by household, total household income, and household composition for households in rented occupied private dwellings, (RC, TALB, SA2, Health), 2013, 2018, and 2023 Censuses",I,2023,2023,09,Wellington Region,05,$500 - $599,99,Total - total household income,2,Two-family household (with or without other people),237,,,
DATAFLOW,STATSNZ:CEN23_HOU_022(1.0),"Weekly rent paid by household, total household income, and household composition for households in rented occupied private dwellings, (RC, TALB, SA2, Health), 2013, 2018, and 2023 Censuses",I,2023,2023,08,Manawatū-Whanganui Region,05,$500 - $599,99,Total - total household income,4,Other multi-person household,396,,,
DATAFLOW,STATSNZ:CEN23_HOU_022(1.0),"Weekly rent paid by household, total household income, and household composition for households in rented occupied private dwellings, (RC, TALB, SA2, Health), 2013, 2018, and 2023 Censuses",I,2023,2023,06,Hawke's Bay Region,999,Total - weekly rent paid by household,99,Total - total household income,4,Other multi-person household,1314,,,
DATAFLOW,STATSNZ:CEN23_HOU_022(1.0),"Weekly rent paid by household, total household income, and household composition for households in rented occupied private dwellings, (RC, TALB, SA2, Health), 2013, 2018, and 2023 Censuses",I,2023,2023,08,Manawatū-Whanganui Region,05,$500 - $599,99,Total - total household income,99,Total - household composition,3537,,,
DATAFLOW,STATSNZ:CEN23_HOU_022(1.0),"Weekly rent paid by household, total household income, and household composition for households in rented occupied private dwellings, (RC, TALB, SA2, Health), 2013, 2018, and 2023 Censuses",I,2023,2023,15,Southland Region,06,$600 - $699,99,Total - total household income,99,Total - household composition,75,,,
DATAFLOW,STATSNZ:CEN23_HOU_022(1.0),"Weekly rent paid by household, total household income, and household composition for households in rented occupied private dwellings, (RC, TALB, SA2, Health), 2013, 2018, and 2023 Censuses",I,2023,2023,01,Northland Region,04,$400 - $499,99,Total - total household income,1,One-family household (with or without other people),2373,,,
DATAFLOW,STATSNZ:CEN23_HOU_022(1.0),"Weekly rent paid by household, total household income, and household composition for households in rented occupied private dwellings, (RC, TALB, SA2, Health), 2013, 2018, and 2023 Censuses",I,2023,2023,16,Tasman Region,07,$700 - $799,99,Total - total household income,99,Total - household composition,72,,,
DATAFLOW,STATSNZ:CEN23_HOU_022(1.0),"Weekly rent paid by household, total household income, and household composition for households in rented occupied private dwellings, (RC, TALB, SA2, Health), 2013, 2018, and 2023 Censuses",I,2023,2023,15,Southland Region,02,$200 - $299,99,Total - total household income,2,Two-family household (with or without other people),24,,,
DATAFLOW,STATSNZ:CEN23_HOU_022(1.0),"Weekly rent paid by household, total household income, and household composition for households in rented occupied private dwellings, (RC, TALB, SA2, Health), 2013, 2018, and 2023 Censuses",I,2023,2023,05,Gisborne Region,999,Total - weekly rent paid by household,99,Total - total household income,4,Other multi-person household,429,,,
DATAFLOW,STATSNZ:CEN23_HOU_022(1.0),"Weekly rent paid by household, total household income, and household composition for households in rented occupied private dwellings, (RC, TALB, SA2, Health), 2013, 2018, and 2023 Censuses",I,2023,2023,02,Auckland Region,99,Not elsewhere included,99,Total - total household income,1,One-family household (with or without other people),639,,,
DATAFLOW,STATSNZ:CEN23_HOU_022(1.0),"Weekly rent paid by household, total household income, and household composition for households in rented occupied private dwellings, (RC, TALB, SA2, Health), 2013, 2018, and 2023 Censuses",I,2023,2023,04,Bay of Plenty Region,04,$400 - $499,99,Total - total household income,2,Two-family household (with or without other people),204,,,
DATAFLOW,STATSNZ:CEN23_HOU_022(1.0),"Weekly rent paid by household, total household income, and household composition for households in rented occupied private dwellings, (RC, TALB, SA2, Health), 2013, 2018, and 2023 Censuses",I,2023,2023,03,Waikato Region,99,Not elsewhere included,99,Total - total household income,1,One-family household (with or without other people),258,,,
DATAFLOW,STATSNZ:CEN23_HOU_022(1.0),"Weekly rent paid by household, total household income, and household composition for households in rented occupied private dwellings, (RC, TALB, SA2, Health), 2013, 2018, and 2023 Censuses",I,2023,2023,14,Otago Region,03,$300 - $399,99,Total - total household income,1,One-family household (with or without other people),2523,,,
DATAFLOW,STATSNZ:CEN23_HOU_022(1.0),"Weekly rent paid by household, total household income, and household composition for households in rented occupied private dwellings, (RC, TALB, SA2, Health), 2013, 2018, and 2023 Censuses",I,2023,2023,18,Marlborough Region,08,$800 and over,99,Total - total household income,99,Total - household composition,42,,,
DATAFLOW,STATSNZ:CEN23_HOU_022(1.0),"Weekly rent paid by household, total household income, and household composition for households in rented occupied private dwellings, (RC, TALB, SA2, Health), 2013, 2018, and 2023 Censuses",I,2023,2023,07,Taranaki Region,01,Under $200,99,Total - total household income,6,Household composition unidentifiable,207,,,
DATAFLOW,STATSNZ:CEN23_HOU_022(1.0),"Weekly rent paid by household, total household income, and household composition for households in rented occupied private dwellings, (RC, TALB, SA2, Health), 2013, 2018, and 2023 Censuses",I,2023,2023,07,Taranaki Region,01,Under $200,99,Total - total household income,4,Other multi-person household,144,,,
DATAFLOW,STATSNZ:CEN23_HOU_022(1.0),"Weekly rent paid by household, total household income, and household composition for households in rented occupied private dwellings, (RC, TALB, SA2, Health), 2013, 2018, and 2023 Censuses",I,2023,2023,05,Gisborne Region,999,Total - weekly rent paid by household,99,Total - total household income,6,Household composition unidentifiable,519,,,
DATAFLOW,STATSNZ:CEN23_HOU_022(1.0),"Weekly rent paid by household, total household income, and household composition for households in rented occupied private dwellings, (RC, TALB, SA2, Health), 2013, 2018, and 2023 Censuses",I,2023,2023,09,Wellington Region,04,$400 - $499,99,Total - total household income,5,One-person household,2751,,,
DATAFLOW,STATSNZ:CEN23_HOU_022(1.0),"Weekly rent paid by household, total household income, and household composition for households in rented occupied private dwellings, (RC, TALB, SA2, Health), 2013, 2018, and 2023 Censuses",I,2023,2023,07,Taranaki Region,99,Not elsewhere included,99,Total - total household income,5,One-person household,96,,,
DATAFLOW,STATSNZ:CEN23_HOU_022(1.0),"Weekly rent paid by household, total household income, and household composition for households in rented occupied private dwellings, (RC, TALB, SA2, Health), 2013, 2018, and 2023 Censuses",I,2023,2023,01,Northland Region,01,Under $200,99,Total - total household income,77,Total stated - household composition,3066,,,
DATAFLOW,STATSNZ:CEN23_HOU_022(1.0),"Weekly rent paid by household, total household income, and household composition for households in rented occupied private dwellings, (RC, TALB, SA2, Health), 2013, 2018, and 2023 Censuses",I,2023,2023,06,Hawke's Bay Region,777,Total stated - weekly rent paid by household,99,Total - total household income,5,One-person household,4254,,,
DATAFLOW,STATSNZ:CEN23_HOU_022(1.0),"Weekly rent paid by household, total household income, and household composition for households in rented occupied private dwellings, (RC, TALB, SA2, Health), 2013, 2018, and 2023 Censuses",I,2023,2023,16,Tasman Region,02,$200 - $299,99,Total - total household income,1,One-family household (with or without other people),273,,,
DATAFLOW,STATSNZ:CEN23_HOU_022(1.0),"Weekly rent paid by household, total household income, and household composition for households in rented occupied private dwellings, (RC, TALB, SA2, Health), 2013, 2018, and 2023 Censuses",I,2023,2023,18,Marlborough Region,999,Total - weekly rent paid by household,99,Total - total household income,6,Household composition unidentifiable,258,,,
DATAFLOW,STATSNZ:CEN23_HOU_022(1.0),"Weekly rent paid by household, total household income, and household composition for households in rented occupied private dwellings, (RC, TALB, SA2, Health), 2013, 2018, and 2023 Censuses",I,2023,2023,14,Otago Region,08,$800 and over,99,Total - total household income,2,Two-family household (with or without other people),114,,,
DATAFLOW,STATSNZ:CEN23_HOU_022(1.0),"Weekly rent paid by household, total household income, and household composition for households in rented occupied private dwellings, (RC, TALB, SA2, Health), 2013, 2018, and 2023 Censuses",I,2023,2023,13,Canterbury Region,04,$400 - $499,99,Total - total household income,77,Total stated - household composition,17076,,,
DATAFLOW,STATSNZ:CEN23_HOU_022(1.0),"Weekly rent paid by household, total household income, and household composition for households in rented occupied private dwellings, (RC, TALB, SA2, Health), 2013, 2018, and 2023 Censuses",I,2023,2023,04,Bay of Plenty Region,08,$800 and over,99,Total - total household income,99,Total - household composition,696,,,
DATAFLOW,STATSNZ:CEN23_HOU_022(1.0),"Weekly rent paid by household, total household income, and household composition for households in rented occupied private dwellings, (RC, TALB, SA2, Health), 2013, 2018, and 2023 Censuses",I,2023,2023,17,Nelson Region,02,$200 - $299,99,Total - total household income,99,Total - household composition,429,,,
DATAFLOW,STATSNZ:CEN23_HOU_022(1.0),"Weekly rent paid by household, total household income, and household composition for households in rented occupied private dwellings, (RC, TALB, SA2, Health), 2013, 2018, and 2023 Censuses",I,2023,2023,02,Auckland Region,07,$700 - $799,99,Total - total household income,99,Total - household composition,19629,,,
DATAFLOW,STATSNZ:CEN23_HOU_022(1.0),"Weekly rent paid by household, total household income, and household composition for households in rented occupied private dwellings, (RC, TALB, SA2, Health), 2013, 2018, and 2023 Censuses",I,2023,2023,04,Bay of Plenty Region,08,$800 and over,99,Total - total household income,3,Three or more family household (with or without other people),9,,,
DATAFLOW,STATSNZ:CEN23_HOU_022(1.0),"Weekly rent paid by household, total household income, and household composition for households in rented occupied private dwellings, (RC, TALB, SA2, Health), 2013, 2018, and 2023 Censuses",I,2023,2023,02,Auckland Region,07,$700 - $799,99,Total - total household income,1,One-family household (with or without other people),13461,,,
DATAFLOW,STATSNZ:CEN23_HOU_022(1.0),"Weekly rent paid by household, total household income, and household composition for households in rented occupied private dwellings, (RC, TALB, SA2, Health), 2013, 2018, and 2023 Censuses",I,2023,2023,15,Southland Region,07,$700 - $799,99,Total - total household income,6,Household composition unidentifiable,0,,,
DATAFLOW,STATSNZ:CEN23_HOU_022(1.0),"Weekly rent paid by household, total household income, and household composition for households in rented occupied private dwellings, (RC, TALB, SA2, Health), 2013, 2018, and 2023 Censuses",I,2023,2023,09,Wellington Region,02,$200 - $299,99,Total - total household income,3,Three or more family household (with or without other people),9,,,
DATAFLOW,STATSNZ:CEN23_HOU_022(1.0),"Weekly rent paid by household, total household income, and household composition for households in rented occupied private dwellings, (RC, TALB, SA2, Health), 2013, 2018, and 2023 Censuses",I,2023,2023,18,Marlborough Region,06,$600 - $699,99,Total - total household income,3,Three or more family household (with or without other people),0,,,
DATAFLOW,STATSNZ:CEN23_HOU_022(1.0),"Weekly rent paid by household, total household income, and household composition for households in rented occupied private dwellings, (RC, TALB, SA2, Health), 2013, 2018, and 2023 Censuses",I,2023,2023,12,West Coast Region,04,$400 - $499,99,Total - total household income,3,Three or more family household (with or without other people),0,,,
DATAFLOW,STATSNZ:CEN23_HOU_022(1.0),"Weekly rent paid by household, total household income, and household composition for households in rented occupied private dwellings, (RC, TALB, SA2, Health), 2013, 2018, and 2023 Censuses",I,2023,2023,06,Hawke's Bay Region,01,Under $200,99,Total - total household income,4,Other multi-person household,255,,,
DATAFLOW,STATSNZ:CEN23_HOU_022(1.0),"Weekly rent paid by household, total household income, and household composition for households in rented occupied private dwellings, (RC, TALB, SA2, Health), 2013, 2018, and 2023 Censuses",I,2023,2023,13,Canterbury Region,04,$400 - $499,99,Total - total household income,99,Total - household composition,17946,,,
DATAFLOW,STATSNZ:CEN23_HOU_022(1.0),"Weekly rent paid by household, total household income, and household composition for households in rented occupied private dwellings, (RC, TALB, SA2, Health), 2013, 2018, and 2023 Censuses",I,2023,2023,01,Northland Region,04,$400 - $499,99,Total - total household income,2,Two-family household (with or without other people),141,,,
DATAFLOW,STATSNZ:CEN23_HOU_022(1.0),"Weekly rent paid by household, total household income, and household composition for households in rented occupied private dwellings, (RC, TALB, SA2, Health), 2013, 2018, and 2023 Censuses",I,2023,2023,03,Waikato Region,07,$700 - $799,99,Total - total household income,6,Household composition unidentifiable,54,,,
DATAFLOW,STATSNZ:CEN23_HOU_022(1.0),"Weekly rent paid by household, total household income, and household composition for households in rented occupied private dwellings, (RC, TALB, SA2, Health), 2013, 2018, and 2023 Censuses",I,2023,2023,06,Hawke's Bay Region,01,Under $200,99,Total - total household income,3,Three or more family household (with or without other people),15,,,
DATAFLOW,STATSNZ:CEN23_HOU_022(1.0),"Weekly rent paid by household, total household income, and household composition for households in rented occupied private dwellings, (RC, TALB, SA2, Health), 2013, 2018, and 2023 Censuses",I,2023,2023,09,Wellington Region,04,$400 - $499,99,Total - total household income,2,Two-family household (with or without other people),189,,,
DATAFLOW,STATSNZ:CEN23_HOU_022(1.0),"Weekly rent paid by household, total household income, and household composition for households in rented occupied private dwellings, (RC, TALB, SA2, Health), 2013, 2018, and 2023 Censuses",I,2023,2023,07,Taranaki Region,999,Total - weekly rent paid by household,99,Total - total household income,6,Household composition unidentifiable,969,,,
DATAFLOW,STATSNZ:CEN23_HOU_022(1.0),"Weekly rent paid by household, total household income, and household composition for households in rented occupied private dwellings, (RC, TALB, SA2, Health), 2013, 2018, and 2023 Censuses",I,2023,2023,09,Wellington Region,02,$200 - $299,99,Total - total household income,5,One-person household,2280,,,
DATAFLOW,STATSNZ:CEN23_HOU_022(1.0),"Weekly rent paid by household, total household income, and household composition for households in rented occupied private dwellings, (RC, TALB, SA2, Health), 2013, 2018, and 2023 Censuses",I,2023,2023,15,Southland Region,02,$200 - $299,99,Total - total household income,4,Other multi-person household,162,,,
DATAFLOW,STATSNZ:CEN23_HOU_022(1.0),"Weekly rent paid by household, total household income, and household composition for households in rented occupied private dwellings, (RC, TALB, SA2, Health), 2013, 2018, and 2023 Censuses",I,2023,2023,13,Canterbury Region,05,$500 - $599,99,Total - total household income,3,Three or more family household (with or without other people),18,,,
DATAFLOW,STATSNZ:CEN23_HOU_022(1.0),"Weekly rent paid by household, total household income, and household composition for households in rented occupied private dwellings, (RC, TALB, SA2, Health), 2013, 2018, and 2023 Censuses",I,2023,2023,02,Auckland Region,03,$300 - $399,99,Total - total household income,2,Two-family household (with or without other people),567,,,
DATAFLOW,STATSNZ:CEN23_HOU_022(1.0),"Weekly rent paid by household, total household income, and household composition for households in rented occupied private dwellings, (RC, TALB, SA2, Health), 2013, 2018, and 2023 Censuses",I,2023,2023,09,Wellington Region,02,$200 - $299,99,Total - total household income,4,Other multi-person household,477,,,
DATAFLOW,STATSNZ:CEN23_HOU_022(1.0),"Weekly rent paid by household, total household income, and household composition for households in rented occupied private dwellings, (RC, TALB, SA2, Health), 2013, 2018, and 2023 Censuses",I,2023,2023,07,Taranaki Region,08,$800 and over,99,Total - total household income,1,One-family household (with or without other people),69,,,
DATAFLOW,STATSNZ:CEN23_HOU_022(1.0),"Weekly rent paid by household, total household income, and household composition for households in rented occupied private dwellings, (RC, TALB, SA2, Health), 2013, 2018, and 2023 Censuses",I,2023,2023,02,Auckland Region,999,Total - weekly rent paid by household,99,Total - total household income,1,One-family household (with or without other people),126456,,,
DATAFLOW,STATSNZ:CEN23_HOU_022(1.0),"Weekly rent paid by household, total household income, and household composition for households in rented occupied private dwellings, (RC, TALB, SA2, Health), 2013, 2018, and 2023 Censuses",I,2023,2023,04,Bay of Plenty Region,07,$700 - $799,99,Total - total household income,5,One-person household,96,,,
DATAFLOW,STATSNZ:CEN23_HOU_022(1.0),"Weekly rent paid by household, total household income, and household composition for households in rented occupied private dwellings, (RC, TALB, SA2, Health), 2013, 2018, and 2023 Censuses",I,2023,2023,09,Wellington Region,04,$400 - $499,99,Total - total household income,3,Three or more family household (with or without other people),9,,,
DATAFLOW,STATSNZ:CEN23_HOU_022(1.0),"Weekly rent paid by household, total household income, and household composition for households in rented occupied private dwellings, (RC, TALB, SA2, Health), 2013, 2018, and 2023 Censuses",I,2023,2023,18,Marlborough Region,02,$200 - $299,99,Total - total household income,77,Total stated - household composition,678,,,
DATAFLOW,STATSNZ:CEN23_HOU_022(1.0),"Weekly rent paid by household, total household income, and household composition for households in rented occupied private dwellings, (RC, TALB, SA2, Health), 2013, 2018, and 2023 Censuses",I,2023,2023,05,Gisborne Region,02,$200 - $299,99,Total - total household income,4,Other multi-person household,54,,,
DATAFLOW,STATSNZ:CEN23_HOU_022(1.0),"Weekly rent paid by household, total household income, and household composition for households in rented occupied private dwellings, (RC, TALB, SA2, Health), 2013, 2018, and 2023 Censuses",I,2023,2023,14,Otago Region,03,$300 - $399,99,Total - total household income,77,Total stated - household composition,4398,,,
DATAFLOW,STATSNZ:CEN23_HOU_022(1.0),"Weekly rent paid by household, total household income, and household composition for households in rented occupied private dwellings, (RC, TALB, SA2, Health), 2013, 2018, and 2023 Censuses",I,2023,2023,05,Gisborne Region,07,$700 - $799,99,Total - total household income,5,One-person household,18,,,
DATAFLOW,STATSNZ:CEN23_HOU_022(1.0),"Weekly rent paid by household, total household income, and household composition for households in rented occupied private dwellings, (RC, TALB, SA2, Health), 2013, 2018, and 2023 Censuses",I,2023,2023,9999,Total - New Zealand by regional council,03,$300 - $399,99,Total - total household income,6,Household composition unidentifiable,5469,,,
DATAFLOW,STATSNZ:CEN23_HOU_022(1.0),"Weekly rent paid by household, total household income, and household composition for households in rented occupied private dwellings, (RC, TALB, SA2, Health), 2013, 2018, and 2023 Censuses",I,2023,2023,18,Marlborough Region,06,$600 - $699,99,Total - total household income,4,Other multi-person household,15,,,
DATAFLOW,STATSNZ:CEN23_HOU_022(1.0),"Weekly rent paid by household, total household income, and household composition for households in rented occupied private dwellings, (RC, TALB, SA2, Health), 2013, 2018, and 2023 Censuses",I,2023,2023,07,Taranaki Region,06,$600 - $699,99,Total - total household income,77,Total stated - household composition,573,,,
DATAFLOW,STATSNZ:CEN23_HOU_022(1.0),"Weekly rent paid by household, total household income, and household composition for households in rented occupied private dwellings, (RC, TALB, SA2, Health), 2013, 2018, and 2023 Censuses",I,2023,2023,01,Northland Region,01,Under $200,99,Total - total household income,3,Three or more family household (with or without other people),18,,,
DATAFLOW,STATSNZ:CEN23_HOU_022(1.0),"Weekly rent paid by household, total household income, and household composition for households in rented occupied private dwellings, (RC, TALB, SA2, Health), 2013, 2018, and 2023 Censuses",I,2023,2023,13,Canterbury Region,03,$300 - $399,99,Total - total household income,6,Household composition unidentifiable,690,,,
DATAFLOW,STATSNZ:CEN23_HOU_022(1.0),"Weekly rent paid by household, total household income, and household composition for households in rented occupied private dwellings, (RC, TALB, SA2, Health), 2013, 2018, and 2023 Censuses",I,2023,2023,15,Southland Region,05,$500 - $599,99,Total - total household income,99,Total - household composition,342,,,
DATAFLOW,STATSNZ:CEN23_HOU_022(1.0),"Weekly rent paid by household, total household income, and household composition for households in rented occupied private dwellings, (RC, TALB, SA2, Health), 2013, 2018, and 2023 Censuses",I,2023,2023,9999,Total - New Zealand by regional council,06,$600 - $699,99,Total - total household income,3,Three or more family household (with or without other people),201,,,
DATAFLOW,STATSNZ:CEN23_HOU_022(1.0),"Weekly rent paid by household, total household income, and household composition for households in rented occupied private dwellings, (RC, TALB, SA2, Health), 2013, 2018, and 2023 Censuses",I,2023,2023,17,Nelson Region,03,$300 - $399,99,Total - total household income,99,Total - household composition,1005,,,
DATAFLOW,STATSNZ:CEN23_HOU_022(1.0),"Weekly rent paid by household, total household income, and household composition for households in rented occupied private dwellings, (RC, TALB, SA2, Health), 2013, 2018, and 2023 Censuses",I,2023,2023,04,Bay of Plenty Region,05,$500 - $599,99,Total - total household income,2,Two-family household (with or without other people),258,,,
DATAFLOW,STATSNZ:CEN23_HOU_022(1.0),"Weekly rent paid by household, total household income, and household composition for households in rented occupied private dwellings, (RC, TALB, SA2, Health), 2013, 2018, and 2023 Censuses",I,2023,2023,03,Waikato Region,07,$700 - $799,99,Total - total household income,77,Total stated - household composition,1245,,,
DATAFLOW,STATSNZ:CEN23_HOU_022(1.0),"Weekly rent paid by household, total household income, and household composition for households in rented occupied private dwellings, (RC, TALB, SA2, Health), 2013, 2018, and 2023 Censuses",I,2023,2023,15,Southland Region,01,Under $200,99,Total - total household income,2,Two-family household (with or without other people),21,,,
DATAFLOW,STATSNZ:CEN23_HOU_022(1.0),"Weekly rent paid by household, total household income, and household composition for households in rented occupied private dwellings, (RC, TALB, SA2, Health), 2013, 2018, and 2023 Censuses",I,2023,2023,12,West Coast Region,01,Under $200,99,Total - total household income,3,Three or more family household (with or without other people),0,,,
DATAFLOW,STATSNZ:CEN23_HOU_022(1.0),"Weekly rent paid by household, total household income, and household composition for households in rented occupied private dwellings, (RC, TALB, SA2, Health), 2013, 2018, and 2023 Censuses",I,2023,2023,16,Tasman Region,777,Total stated - weekly rent paid by household,99,Total - total household income,1,One-family household (with or without other people),2532,,,
DATAFLOW,STATSNZ:CEN23_HOU_022(1.0),"Weekly rent paid by household, total household income, and household composition for households in rented occupied private dwellings, (RC, TALB, SA2, Health), 2013, 2018, and 2023 Censuses",I,2023,2023,09,Wellington Region,999,Total - weekly rent paid by household,99,Total - total household income,2,Two-family household (with or without other people),1722,,,
DATAFLOW,STATSNZ:CEN23_HOU_022(1.0),"Weekly rent paid by household, total household income, and household composition for households in rented occupied private dwellings, (RC, TALB, SA2, Health), 2013, 2018, and 2023 Censuses",I,2023,2023,06,Hawke's Bay Region,02,$200 - $299,99,Total - total household income,6,Household composition unidentifiable,237,,,
DATAFLOW,STATSNZ:CEN23_HOU_022(1.0),"Weekly rent paid by household, total household income, and household composition for households in rented occupied private dwellings, (RC, TALB, SA2, Health), 2013, 2018, and 2023 Censuses",I,2023,2023,14,Otago Region,04,$400 - $499,99,Total - total household income,1,One-family household (with or without other people),3015,,,
DATAFLOW,STATSNZ:CEN23_HOU_022(1.0),"Weekly rent paid by household, total household income, and household composition for households in rented occupied private dwellings, (RC, TALB, SA2, Health), 2013, 2018, and 2023 Censuses",I,2023,2023,08,Manawatū-Whanganui Region,08,$800 and over,99,Total - total household income,6,Household composition unidentifiable,36,,,
DATAFLOW,STATSNZ:CEN23_HOU_022(1.0),"Weekly rent paid by household, total household income, and household composition for households in rented occupied private dwellings, (RC, TALB, SA2, Health), 2013, 2018, and 2023 Censuses",I,2023,2023,16,Tasman Region,06,$600 - $699,99,Total - total household income,99,Total - household composition,411,,,
DATAFLOW,STATSNZ:CEN23_HOU_022(1.0),"Weekly rent paid by household, total household income, and household composition for households in rented occupied private dwellings, (RC, TALB, SA2, Health), 2013, 2018, and 2023 Censuses",I,2023,2023,99,Area Outside Region,04,$400 - $499,99,Total - total household income,99,Total - household composition,6,,,
DATAFLOW,STATSNZ:CEN23_HOU_022(1.0),"Weekly rent paid by household, total household income, and household composition for households in rented occupied private dwellings, (RC, TALB, SA2, Health), 2013, 2018, and 2023 Censuses",I,2023,2023,06,Hawke's Bay Region,99,Not elsewhere included,99,Total - total household income,4,Other multi-person household,30,,,
DATAFLOW,STATSNZ:CEN23_HOU_022(1.0),"Weekly rent paid by household, total household income, and household composition for households in rented occupied private dwellings, (RC, TALB, SA2, Health), 2013, 2018, and 2023 Censuses",I,2023,2023,06,Hawke's Bay Region,08,$800 and over,99,Total - total household income,1,One-family household (with or without other people),147,,,
DATAFLOW,STATSNZ:CEN23_HOU_022(1.0),"Weekly rent paid by household, total household income, and household composition for households in rented occupied private dwellings, (RC, TALB, SA2, Health), 2013, 2018, and 2023 Censuses",I,2023,2023,12,West Coast Region,02,$200 - $299,99,Total - total household income,1,One-family household (with or without other people),330,,,
DATAFLOW,STATSNZ:CEN23_HOU_022(1.0),"Weekly rent paid by household, total household income, and household composition for households in rented occupied private dwellings, (RC, TALB, SA2, Health), 2013, 2018, and 2023 Censuses",I,2023,2023,12,West Coast Region,999,Total - weekly rent paid by household,99,Total - total household income,3,Three or more family household (with or without other people),0,,,
DATAFLOW,STATSNZ:CEN23_HOU_022(1.0),"Weekly rent paid by household, total household income, and household composition for households in rented occupied private dwellings, (RC, TALB, SA2, Health), 2013, 2018, and 2023 Censuses",I,2023,2023,05,Gisborne Region,07,$700 - $799,99,Total - total household income,6,Household composition unidentifiable,12,,,
DATAFLOW,STATSNZ:CEN23_HOU_022(1.0),"Weekly rent paid by household, total household income, and household composition for households in rented occupied private dwellings, (RC, TALB, SA2, Health), 2013, 2018, and 2023 Censuses",I,2023,2023,16,Tasman Region,02,$200 - $299,99,Total - total household income,99,Total - household composition,711,,,
DATAFLOW,STATSNZ:CEN23_HOU_022(1.0),"Weekly rent paid by household, total household income, and household composition for households in rented occupied private dwellings, (RC, TALB, SA2, Health), 2013, 2018, and 2023 Censuses",I,2023,2023,05,Gisborne Region,04,$400 - $499,99,Total - total household income,5,One-person household,126,,,
DATAFLOW,STATSNZ:CEN23_HOU_022(1.0),"Weekly rent paid by household, total household income, and household composition for households in rented occupied private dwellings, (RC, TALB, SA2, Health), 2013, 2018, and 2023 Censuses",I,2023,2023,01,Northland Region,05,$500 - $599,99,Total - total household income,99,Total - household composition,2697,,,
DATAFLOW,STATSNZ:CEN23_HOU_022(1.0),"Weekly rent paid by household, total household income, and household composition for households in rented occupied private dwellings, (RC, TALB, SA2, Health), 2013, 2018, and 2023 Censuses",I,2023,2023,04,Bay of Plenty Region,999,Total - weekly rent paid by household,99,Total - total household income,3,Three or more family household (with or without other people),75,,,
DATAFLOW,STATSNZ:CEN23_HOU_022(1.0),"Weekly rent paid by household, total household income, and household composition for households in rented occupied private dwellings, (RC, TALB, SA2, Health), 2013, 2018, and 2023 Censuses",I,2023,2023,17,Nelson Region,05,$500 - $599,99,Total - total household income,99,Total - household composition,1170,,,
DATAFLOW,STATSNZ:CEN23_HOU_022(1.0),"Weekly rent paid by household, total household income, and household composition for households in rented occupied private dwellings, (RC, TALB, SA2, Health), 2013, 2018, and 2023 Censuses",I,2023,2023,13,Canterbury Region,999,Total - weekly rent paid by household,99,Total - total household income,6,Household composition unidentifiable,3771,,,
DATAFLOW,STATSNZ:CEN23_HOU_022(1.0),"Weekly rent paid by household, total household income, and household composition for households in rented occupied private dwellings, (RC, TALB, SA2, Health), 2013, 2018, and 2023 Censuses",I,2023,2023,16,Tasman Region,02,$200 - $299,99,Total - total household income,2,Two-family household (with or without other people),9,,,
DATAFLOW,STATSNZ:CEN23_HOU_022(1.0),"Weekly rent paid by household, total household income, and household composition for households in rented occupied private dwellings, (RC, TALB, SA2, Health), 2013, 2018, and 2023 Censuses",I,2023,2023,17,Nelson Region,99,Not elsewhere included,99,Total - total household income,77,Total stated - household composition,45,,,
DATAFLOW,STATSNZ:CEN23_HOU_022(1.0),"Weekly rent paid by household, total household income, and household composition for households in rented occupied private dwellings, (RC, TALB, SA2, Health), 2013, 2018, and 2023 Censuses",I,2023,2023,12,West Coast Region,06,$600 - $699,99,Total - total household income,5,One-person household,3,,,
DATAFLOW,STATSNZ:CEN23_HOU_022(1.0),"Weekly rent paid by household, total household income, and household composition for households in rented occupied private dwellings, (RC, TALB, SA2, Health), 2013, 2018, and 2023 Censuses",I,2023,2023,12,West Coast Region,99,Not elsewhere included,99,Total - total household income,77,Total stated - household composition,87,,,
DATAFLOW,STATSNZ:CEN23_HOU_022(1.0),"Weekly rent paid by household, total household income, and household composition for households in rented occupied private dwellings, (RC, TALB, SA2, Health), 2013, 2018, and 2023 Censuses",I,2023,2023,16,Tasman Region,06,$600 - $699,99,Total - total household income,77,Total stated - household composition,393,,,
DATAFLOW,STATSNZ:CEN23_HOU_022(1.0),"Weekly rent paid by household, total household income, and household composition for households in rented occupied private dwellings, (RC, TALB, SA2, Health), 2013, 2018, and 2023 Censuses",I,2023,2023,09,Wellington Region,99,Not elsewhere included,99,Total - total household income,5,One-person household,171,,,
DATAFLOW,STATSNZ:CEN23_HOU_022(1.0),"Weekly rent paid by household, total household income, and household composition for households in rented occupied private dwellings, (RC, TALB, SA2, Health), 2013, 2018, and 2023 Censuses",I,2023,2023,12,West Coast Region,777,Total stated - weekly rent paid by household,99,Total - total household income,6,Household composition unidentifiable,270,,,
DATAFLOW,STATSNZ:CEN23_HOU_022(1.0),"Weekly rent paid by household, total household income, and household composition for households in rented occupied private dwellings, (RC, TALB, SA2, Health), 2013, 2018, and 2023 Censuses",I,2023,2023,07,Taranaki Region,07,$700 - $799,99,Total - total household income,99,Total - household composition,174,,,
DATAFLOW,STATSNZ:CEN23_HOU_022(1.0),"Weekly rent paid by household, total household income, and household composition for households in rented occupied private dwellings, (RC, TALB, SA2, Health), 2013, 2018, and 2023 Censuses",I,2023,2023,02,Auckland Region,04,$400 - $499,99,Total - total household income,1,One-family household (with or without other people),16251,,,
DATAFLOW,STATSNZ:CEN23_HOU_022(1.0),"Weekly rent paid by household, total household income, and household composition for households in rented occupied private dwellings, (RC, TALB, SA2, Health), 2013, 2018, and 2023 Censuses",I,2023,2023,99,Area Outside Region,04,$400 - $499,99,Total - total household income,3,Three or more family household (with or without other people),,,c,Confidential
DATAFLOW,STATSNZ:CEN23_HOU_022(1.0),"Weekly rent paid by household, total household income, and household composition for households in rented occupied private dwellings, (RC, TALB, SA2, Health), 2013, 2018, and 2023 Censuses",I,2023,2023,08,Manawatū-Whanganui Region,999,Total - weekly rent paid by household,99,Total - total household income,4,Other multi-person household,2310,,,
DATAFLOW,STATSNZ:CEN23_HOU_022(1.0),"Weekly rent paid by household, total household income, and household composition for households in rented occupied private dwellings, (RC, TALB, SA2, Health), 2013, 2018, and 2023 Censuses",I,2023,2023,01,Northland Region,777,Total stated - weekly rent paid by household,99,Total - total household income,1,One-family household (with or without other people),9705,,,
DATAFLOW,STATSNZ:CEN23_HOU_022(1.0),"Weekly rent paid by household, total household income, and household composition for households in rented occupied private dwellings, (RC, TALB, SA2, Health), 2013, 2018, and 2023 Censuses",I,2023,2023,14,Otago Region,01,Under $200,99,Total - total household income,5,One-person household,2355,,,
DATAFLOW,STATSNZ:CEN23_HOU_022(1.0),"Weekly rent paid by household, total household income, and household composition for households in rented occupied private dwellings, (RC, TALB, SA2, Health), 2013, 2018, and 2023 Censuses",I,2023,2023,12,West Coast Region,05,$500 - $599,99,Total - total household income,3,Three or more family household (with or without other people),0,,,
DATAFLOW,STATSNZ:CEN23_HOU_022(1.0),"Weekly rent paid by household, total household income, and household composition for households in rented occupied private dwellings, (RC, TALB, SA2, Health), 2013, 2018, and 2023 Censuses",I,2023,2023,9999,Total - New Zealand by regional council,06,$600 - $699,99,Total - total household income,99,Total - household composition,68544,,,
DATAFLOW,STATSNZ:CEN23_HOU_022(1.0),"Weekly rent paid by household, total household income, and household composition for households in rented occupied private dwellings, (RC, TALB, SA2, Health), 2013, 2018, and 2023 Censuses",I,2023,2023,09,Wellington Region,05,$500 - $599,99,Total - total household income,99,Total - household composition,10806,,,
DATAFLOW,STATSNZ:CEN23_HOU_022(1.0),"Weekly rent paid by household, total household income, and household composition for households in rented occupied private dwellings, (RC, TALB, SA2, Health), 2013, 2018, and 2023 Censuses",I,2023,2023,03,Waikato Region,777,Total stated - weekly rent paid by household,99,Total - total household income,77,Total stated - household composition,50694,,,
DATAFLOW,STATSNZ:CEN23_HOU_022(1.0),"Weekly rent paid by household, total household income, and household composition for households in rented occupied private dwellings, (RC, TALB, SA2, Health), 2013, 2018, and 2023 Censuses",I,2023,2023,17,Nelson Region,03,$300 - $399,99,Total - total household income,3,Three or more family household (with or without other people),0,,,
DATAFLOW,STATSNZ:CEN23_HOU_022(1.0),"Weekly rent paid by household, total household income, and household composition for households in rented occupied private dwellings, (RC, TALB, SA2, Health), 2013, 2018, and 2023 Censuses",I,2023,2023,08,Manawatū-Whanganui Region,777,Total stated - weekly rent paid by household,99,Total - total household income,6,Household composition unidentifiable,1914,,,
DATAFLOW,STATSNZ:CEN23_HOU_022(1.0),"Weekly rent paid by household, total household income, and household composition for households in rented occupied private dwellings, (RC, TALB, SA2, Health), 2013, 2018, and 2023 Censuses",I,2023,2023,17,Nelson Region,05,$500 - $599,99,Total - total household income,5,One-person household,108,,,
DATAFLOW,STATSNZ:CEN23_HOU_022(1.0),"Weekly rent paid by household, total household income, and household composition for households in rented occupied private dwellings, (RC, TALB, SA2, Health), 2013, 2018, and 2023 Censuses",I,2023,2023,06,Hawke's Bay Region,02,$200 - $299,99,Total - total household income,2,Two-family household (with or without other people),72,,,
DATAFLOW,STATSNZ:CEN23_HOU_022(1.0),"Weekly rent paid by household, total household income, and household composition for households in rented occupied private dwellings, (RC, TALB, SA2, Health), 2013, 2018, and 2023 Censuses",I,2023,2023,99,Area Outside Region,99,Not elsewhere included,99,Total - total household income,6,Household composition unidentifiable,,,c,Confidential
DATAFLOW,STATSNZ:CEN23_HOU_022(1.0),"Weekly rent paid by household, total household income, and household composition for households in rented occupied private dwellings, (RC, TALB, SA2, Health), 2013, 2018, and 2023 Censuses",I,2023,2023,08,Manawatū-Whanganui Region,99,Not elsewhere included,99,Total - total household income,1,One-family household (with or without other people),150,,,
DATAFLOW,STATSNZ:CEN23_HOU_022(1.0),"Weekly rent paid by household, total household income, and household composition for households in rented occupied private dwellings, (RC, TALB, SA2, Health), 2013, 2018, and 2023 Censuses",I,2023,2023,03,Waikato Region,777,Total stated - weekly rent paid by household,99,Total - total household income,1,One-family household (with or without other people),31743,,,
DATAFLOW,STATSNZ:CEN23_HOU_022(1.0),"Weekly rent paid by household, total household income, and household composition for households in rented occupied private dwellings, (RC, TALB, SA2, Health), 2013, 2018, and 2023 Censuses",I,2023,2023,01,Northland Region,06,$600 - $699,99,Total - total household income,99,Total - household composition,1248,,,
DATAFLOW,STATSNZ:CEN23_HOU_022(1.0),"Weekly rent paid by household, total household income, and household composition for households in rented occupied private dwellings, (RC, TALB, SA2, Health), 2013, 2018, and 2023 Censuses",I,2023,2023,02,Auckland Region,999,Total - weekly rent paid by household,99,Total - total household income,99,Total - household composition,207531,,,
DATAFLOW,STATSNZ:CEN23_HOU_022(1.0),"Weekly rent paid by household, total household income, and household composition for households in rented occupied private dwellings, (RC, TALB, SA2, Health), 2013, 2018, and 2023 Censuses",I,2023,2023,14,Otago Region,04,$400 - $499,99,Total - total household income,77,Total stated - household composition,4404,,,
DATAFLOW,STATSNZ:CEN23_HOU_022(1.0),"Weekly rent paid by household, total household income, and household composition for households in rented occupied private dwellings, (RC, TALB, SA2, Health), 2013, 2018, and 2023 Censuses",I,2023,2023,15,Southland Region,777,Total stated - weekly rent paid by household,99,Total - total household income,1,One-family household (with or without other people),5361,,,
DATAFLOW,STATSNZ:CEN23_HOU_022(1.0),"Weekly rent paid by household, total household income, and household composition for households in rented occupied private dwellings, (RC, TALB, SA2, Health), 2013, 2018, and 2023 Censuses",I,2023,2023,09,Wellington Region,999,Total - weekly rent paid by household,99,Total - total household income,4,Other multi-person household,8634,,,
DATAFLOW,STATSNZ:CEN23_HOU_022(1.0),"Weekly rent paid by household, total household income, and household composition for households in rented occupied private dwellings, (RC, TALB, SA2, Health), 2013, 2018, and 2023 Censuses",I,2023,2023,08,Manawatū-Whanganui Region,01,Under $200,99,Total - total household income,2,Two-family household (with or without other people),78,,,
DATAFLOW,STATSNZ:CEN23_HOU_022(1.0),"Weekly rent paid by household, total household income, and household composition for households in rented occupied private dwellings, (RC, TALB, SA2, Health), 2013, 2018, and 2023 Censuses",I,2023,2023,03,Waikato Region,05,$500 - $599,99,Total - total household income,4,Other multi-person household,1014,,,
DATAFLOW,STATSNZ:CEN23_HOU_022(1.0),"Weekly rent paid by household, total household income, and household composition for households in rented occupied private dwellings, (RC, TALB, SA2, Health), 2013, 2018, and 2023 Censuses",I,2023,2023,13,Canterbury Region,07,$700 - $799,99,Total - total household income,3,Three or more family household (with or without other people),3,,,
DATAFLOW,STATSNZ:CEN23_HOU_022(1.0),"Weekly rent paid by household, total household income, and household composition for households in rented occupied private dwellings, (RC, TALB, SA2, Health), 2013, 2018, and 2023 Censuses",I,2023,2023,01,Northland Region,07,$700 - $799,99,Total - total household income,6,Household composition unidentifiable,24,,,
DATAFLOW,STATSNZ:CEN23_HOU_022(1.0),"Weekly rent paid by household, total household income, and household composition for households in rented occupied private dwellings, (RC, TALB, SA2, Health), 2013, 2018, and 2023 Censuses",I,2023,2023,04,Bay of Plenty Region,05,$500 - $599,99,Total - total household income,3,Three or more family household (with or without other people),9,,,
DATAFLOW,STATSNZ:CEN23_HOU_022(1.0),"Weekly rent paid by household, total household income, and household composition for households in rented occupied private dwellings, (RC, TALB, SA2, Health), 2013, 2018, and 2023 Censuses",I,2023,2023,15,Southland Region,999,Total - weekly rent paid by household,99,Total - total household income,99,Total - household composition,10236,,,
DATAFLOW,STATSNZ:CEN23_HOU_022(1.0),"Weekly rent paid by household, total household income, and household composition for households in rented occupied private dwellings, (RC, TALB, SA2, Health), 2013, 2018, and 2023 Censuses",I,2023,2023,02,Auckland Region,04,$400 - $499,99,Total - total household income,99,Total - household composition,28827,,,
DATAFLOW,STATSNZ:CEN23_HOU_022(1.0),"Weekly rent paid by household, total household income, and household composition for households in rented occupied private dwellings, (RC, TALB, SA2, Health), 2013, 2018, and 2023 Censuses",I,2023,2023,07,Taranaki Region,01,Under $200,99,Total - total household income,2,Two-family household (with or without other people),39,,,
DATAFLOW,STATSNZ:CEN23_HOU_022(1.0),"Weekly rent paid by household, total household income, and household composition for households in rented occupied private dwellings, (RC, TALB, SA2, Health), 2013, 2018, and 2023 Censuses",I,2023,2023,18,Marlborough Region,05,$500 - $599,99,Total - total household income,5,One-person household,54,,,
DATAFLOW,STATSNZ:CEN23_HOU_022(1.0),"Weekly rent paid by household, total household income, and household composition for households in rented occupied private dwellings, (RC, TALB, SA2, Health), 2013, 2018, and 2023 Censuses",I,2023,2023,07,Taranaki Region,02,$200 - $299,99,Total - total household income,2,Two-family household (with or without other people),39,,,
DATAFLOW,STATSNZ:CEN23_HOU_022(1.0),"Weekly rent paid by household, total household income, and household composition for households in rented occupied private dwellings, (RC, TALB, SA2, Health), 2013, 2018, and 2023 Censuses",I,2023,2023,04,Bay of Plenty Region,999,Total - weekly rent paid by household,99,Total - total household income,99,Total - household composition,33333,,,
DATAFLOW,STATSNZ:CEN23_HOU_022(1.0),"Weekly rent paid by household, total household income, and household composition for households in rented occupied private dwellings, (RC, TALB, SA2, Health), 2013, 2018, and 2023 Censuses",I,2023,2023,08,Manawatū-Whanganui Region,999,Total - weekly rent paid by household,99,Total - total household income,5,One-person household,7833,,,
DATAFLOW,STATSNZ:CEN23_HOU_022(1.0),"Weekly rent paid by household, total household income, and household composition for households in rented occupied private dwellings, (RC, TALB, SA2, Health), 2013, 2018, and 2023 Censuses",I,2023,2023,13,Canterbury Region,06,$600 - $699,99,Total - total household income,1,One-family household (with or without other people),2685,,,
DATAFLOW,STATSNZ:CEN23_HOU_022(1.0),"Weekly rent paid by household, total household income, and household composition for households in rented occupied private dwellings, (RC, TALB, SA2, Health), 2013, 2018, and 2023 Censuses",I,2023,2023,15,Southland Region,99,Not elsewhere included,99,Total - total household income,2,Two-family household (with or without other people),0,,,
DATAFLOW,STATSNZ:CEN23_HOU_022(1.0),"Weekly rent paid by household, total household income, and household composition for households in rented occupied private dwellings, (RC, TALB, SA2, Health), 2013, 2018, and 2023 Censuses",I,2023,2023,9999,Total - New Zealand by regional council,06,$600 - $699,99,Total - total household income,4,Other multi-person household,7746,,,
DATAFLOW,STATSNZ:CEN23_HOU_022(1.0),"Weekly rent paid by household, total household income, and household composition for households in rented occupied private dwellings, (RC, TALB, SA2, Health), 2013, 2018, and 2023 Censuses",I,2023,2023,18,Marlborough Region,06,$600 - $699,99,Total - total household income,77,Total stated - household composition,153,,,
DATAFLOW,STATSNZ:CEN23_HOU_022(1.0),"Weekly rent paid by household, total household income, and household composition for households in rented occupied private dwellings, (RC, TALB, SA2, Health), 2013, 2018, and 2023 Censuses",I,2023,2023,9999,Total - New Zealand by regional council,99,Not elsewhere included,99,Total - total household income,2,Two-family household (with or without other people),135,,,
DATAFLOW,STATSNZ:CEN23_HOU_022(1.0),"Weekly rent paid by household, total household income, and household composition for households in rented occupied private dwellings, (RC, TALB, SA2, Health), 2013, 2018, and 2023 Censuses",I,2023,2023,9999,Total - New Zealand by regional council,07,$700 - $799,99,Total - total household income,1,One-family household (with or without other people),21306,,,
DATAFLOW,STATSNZ:CEN23_HOU_022(1.0),"Weekly rent paid by household, total household income, and household composition for households in rented occupied private dwellings, (RC, TALB, SA2, Health), 2013, 2018, and 2023 Censuses",I,2023,2023,06,Hawke's Bay Region,04,$400 - $499,99,Total - total household income,2,Two-family household (with or without other people),108,,,
DATAFLOW,STATSNZ:CEN23_HOU_022(1.0),"Weekly rent paid by household, total household income, and household composition for households in rented occupied private dwellings, (RC, TALB, SA2, Health), 2013, 2018, and 2023 Censuses",I,2023,2023,13,Canterbury Region,01,Under $200,99,Total - total household income,99,Total - household composition,12450,,,
DATAFLOW,STATSNZ:CEN23_HOU_022(1.0),"Weekly rent paid by household, total household income, and household composition for households in rented occupied private dwellings, (RC, TALB, SA2, Health), 2013, 2018, and 2023 Censuses",I,2023,2023,05,Gisborne Region,03,$300 - $399,99,Total - total household income,4,Other multi-person household,84,,,
DATAFLOW,STATSNZ:CEN23_HOU_022(1.0),"Weekly rent paid by household, total household income, and household composition for households in rented occupied private dwellings, (RC, TALB, SA2, Health), 2013, 2018, and 2023 Censuses",I,2023,2023,13,Canterbury Region,06,$600 - $699,99,Total - total household income,2,Two-family household (with or without other people),234,,,
DATAFLOW,STATSNZ:CEN23_HOU_022(1.0),"Weekly rent paid by household, total household income, and household composition for households in rented occupied private dwellings, (RC, TALB, SA2, Health), 2013, 2018, and 2023 Censuses",I,2023,2023,07,Taranaki Region,777,Total stated - weekly rent paid by household,99,Total - total household income,6,Household composition unidentifiable,945,,,
DATAFLOW,STATSNZ:CEN23_HOU_022(1.0),"Weekly rent paid by household, total household income, and household composition for households in rented occupied private dwellings, (RC, TALB, SA2, Health), 2013, 2018, and 2023 Censuses",I,2023,2023,12,West Coast Region,02,$200 - $299,99,Total - total household income,6,Household composition unidentifiable,69,,,
DATAFLOW,STATSNZ:CEN23_HOU_022(1.0),"Weekly rent paid by household, total household income, and household composition for households in rented occupied private dwellings, (RC, TALB, SA2, Health), 2013, 2018, and 2023 Censuses",I,2023,2023,03,Waikato Region,03,$300 - $399,99,Total - total household income,4,Other multi-person household,657,,,
DATAFLOW,STATSNZ:CEN23_HOU_022(1.0),"Weekly rent paid by household, total household income, and household composition for households in rented occupied private dwellings, (RC, TALB, SA2, Health), 2013, 2018, and 2023 Censuses",I,2023,2023,9999,Total - New Zealand by regional council,08,$800 and over,99,Total - total household income,4,Other multi-person household,9168,,,
DATAFLOW,STATSNZ:CEN23_HOU_022(1.0),"Weekly rent paid by household, total household income, and household composition for households in rented occupied private dwellings, (RC, TALB, SA2, Health), 2013, 2018, and 2023 Censuses",I,2023,2023,06,Hawke's Bay Region,06,$600 - $699,99,Total - total household income,5,One-person household,108,,,
DATAFLOW,STATSNZ:CEN23_HOU_022(1.0),"Weekly rent paid by household, total household income, and household composition for households in rented occupied private dwellings, (RC, TALB, SA2, Health), 2013, 2018, and 2023 Censuses",I,2023,2023,05,Gisborne Region,02,$200 - $299,99,Total - total household income,77,Total stated - household composition,744,,,
DATAFLOW,STATSNZ:CEN23_HOU_022(1.0),"Weekly rent paid by household, total household income, and household composition for households in rented occupied private dwellings, (RC, TALB, SA2, Health), 2013, 2018, and 2023 Censuses",I,2023,2023,02,Auckland Region,06,$600 - $699,99,Total - total household income,1,One-family household (with or without other people),26676,,,
DATAFLOW,STATSNZ:CEN23_HOU_022(1.0),"Weekly rent paid by household, total household income, and household composition for households in rented occupied private dwellings, (RC, TALB, SA2, Health), 2013, 2018, and 2023 Censuses",I,2023,2023,13,Canterbury Region,02,$200 - $299,99,Total - total household income,5,One-person household,3483,,,
DATAFLOW,STATSNZ:CEN23_HOU_022(1.0),"Weekly rent paid by household, total household income, and household composition for households in rented occupied private dwellings, (RC, TALB, SA2, Health), 2013, 2018, and 2023 Censuses",I,2023,2023,13,Canterbury Region,777,Total stated - weekly rent paid by household,99,Total - total household income,4,Other multi-person household,8031,,,
DATAFLOW,STATSNZ:CEN23_HOU_022(1.0),"Weekly rent paid by household, total household income, and household composition for households in rented occupied private dwellings, (RC, TALB, SA2, Health), 2013, 2018, and 2023 Censuses",I,2023,2023,14,Otago Region,999,Total - weekly rent paid by household,99,Total - total household income,1,One-family household (with or without other people),13050,,,
DATAFLOW,STATSNZ:CEN23_HOU_022(1.0),"Weekly rent paid by household, total household income, and household composition for households in rented occupied private dwellings, (RC, TALB, SA2, Health), 2013, 2018, and 2023 Censuses",I,2023,2023,06,Hawke's Bay Region,02,$200 - $299,99,Total - total household income,3,Three or more family household (with or without other people),6,,,
DATAFLOW,STATSNZ:CEN23_HOU_022(1.0),"Weekly rent paid by household, total household income, and household composition for households in rented occupied private dwellings, (RC, TALB, SA2, Health), 2013, 2018, and 2023 Censuses",I,2023,2023,99,Area Outside Region,08,$800 and over,99,Total - total household income,4,Other multi-person household,,,c,Confidential
DATAFLOW,STATSNZ:CEN23_HOU_022(1.0),"Weekly rent paid by household, total household income, and household composition for households in rented occupied private dwellings, (RC, TALB, SA2, Health), 2013, 2018, and 2023 Censuses",I,2023,2023,08,Manawatū-Whanganui Region,03,$300 - $399,99,Total - total household income,3,Three or more family household (with or without other people),9,,,
DATAFLOW,STATSNZ:CEN23_HOU_022(1.0),"Weekly rent paid by household, total household income, and household composition for households in rented occupied private dwellings, (RC, TALB, SA2, Health), 2013, 2018, and 2023 Censuses",I,2023,2023,07,Taranaki Region,03,$300 - $399,99,Total - total household income,4,Other multi-person household,198,,,
DATAFLOW,STATSNZ:CEN23_HOU_022(1.0),"Weekly rent paid by household, total household income, and household composition for households in rented occupied private dwellings, (RC, TALB, SA2, Health), 2013, 2018, and 2023 Censuses",I,2023,2023,16,Tasman Region,777,Total stated - weekly rent paid by household,99,Total - total household income,3,Three or more family household (with or without other people),3,,,
DATAFLOW,STATSNZ:CEN23_HOU_022(1.0),"Weekly rent paid by household, total household income, and household composition for households in rented occupied private dwellings, (RC, TALB, SA2, Health), 2013, 2018, and 2023 Censuses",I,2023,2023,18,Marlborough Region,999,Total - weekly rent paid by household,99,Total - total household income,5,One-person household,1320,,,
DATAFLOW,STATSNZ:CEN23_HOU_022(1.0),"Weekly rent paid by household, total household income, and household composition for households in rented occupied private dwellings, (RC, TALB, SA2, Health), 2013, 2018, and 2023 Censuses",I,2023,2023,08,Manawatū-Whanganui Region,04,$400 - $499,99,Total - total household income,4,Other multi-person household,444,,,
DATAFLOW,STATSNZ:CEN23_HOU_022(1.0),"Weekly rent paid by household, total household income, and household composition for households in rented occupied private dwellings, (RC, TALB, SA2, Health), 2013, 2018, and 2023 Censuses",I,2023,2023,9999,Total - New Zealand by regional council,04,$400 - $499,99,Total - total household income,77,Total stated - household composition,94467,,,
DATAFLOW,STATSNZ:CEN23_HOU_022(1.0),"Weekly rent paid by household, total household income, and household composition for households in rented occupied private dwellings, (RC, TALB, SA2, Health), 2013, 2018, and 2023 Censuses",I,2023,2023,9999,Total - New Zealand by regional council,01,Under $200,99,Total - total household income,1,One-family household (with or without other people),36771,,,
DATAFLOW,STATSNZ:CEN23_HOU_022(1.0),"Weekly rent paid by household, total household income, and household composition for households in rented occupied private dwellings, (RC, TALB, SA2, Health), 2013, 2018, and 2023 Censuses",I,2023,2023,01,Northland Region,777,Total stated - weekly rent paid by household,99,Total - total household income,3,Three or more family household (with or without other people),48,,,
DATAFLOW,STATSNZ:CEN23_HOU_022(1.0),"Weekly rent paid by household, total household income, and household composition for households in rented occupied private dwellings, (RC, TALB, SA2, Health), 2013, 2018, and 2023 Censuses",I,2023,2023,17,Nelson Region,06,$600 - $699,99,Total - total household income,3,Three or more family household (with or without other people),0,,,
DATAFLOW,STATSNZ:CEN23_HOU_022(1.0),"Weekly rent paid by household, total household income, and household composition for households in rented occupied private dwellings, (RC, TALB, SA2, Health), 2013, 2018, and 2023 Censuses",I,2023,2023,06,Hawke's Bay Region,07,$700 - $799,99,Total - total household income,3,Three or more family household (with or without other people),3,,,
DATAFLOW,STATSNZ:CEN23_HOU_022(1.0),"Weekly rent paid by household, total household income, and household composition for households in rented occupied private dwellings, (RC, TALB, SA2, Health), 2013, 2018, and 2023 Censuses",I,2023,2023,01,Northland Region,777,Total stated - weekly rent paid by household,99,Total - total household income,2,Two-family household (with or without other people),606,,,
DATAFLOW,STATSNZ:CEN23_HOU_022(1.0),"Weekly rent paid by household, total household income, and household composition for households in rented occupied private dwellings, (RC, TALB, SA2, Health), 2013, 2018, and 2023 Censuses",I,2023,2023,09,Wellington Region,777,Total stated - weekly rent paid by household,99,Total - total household income,4,Other multi-person household,8604,,,
DATAFLOW,STATSNZ:CEN23_HOU_022(1.0),"Weekly rent paid by household, total household income, and household composition for households in rented occupied private dwellings, (RC, TALB, SA2, Health), 2013, 2018, and 2023 Censuses",I,2023,2023,06,Hawke's Bay Region,07,$700 - $799,99,Total - total household income,6,Household composition unidentifiable,51,,,
DATAFLOW,STATSNZ:CEN23_HOU_022(1.0),"Weekly rent paid by household, total household income, and household composition for households in rented occupied private dwellings, (RC, TALB, SA2, Health), 2013, 2018, and 2023 Censuses",I,2023,2023,09,Wellington Region,06,$600 - $699,99,Total - total household income,77,Total stated - household composition,8343,,,
DATAFLOW,STATSNZ:CEN23_HOU_022(1.0),"Weekly rent paid by household, total household income, and household composition for households in rented occupied private dwellings, (RC, TALB, SA2, Health), 2013, 2018, and 2023 Censuses",I,2023,2023,07,Taranaki Region,999,Total - weekly rent paid by household,99,Total - total household income,77,Total stated - household composition,11277,,,
DATAFLOW,STATSNZ:CEN23_HOU_022(1.0),"Weekly rent paid by household, total household income, and household composition for households in rented occupied private dwellings, (RC, TALB, SA2, Health), 2013, 2018, and 2023 Censuses",I,2023,2023,14,Otago Region,06,$600 - $699,99,Total - total household income,5,One-person household,171,,,
DATAFLOW,STATSNZ:CEN23_HOU_022(1.0),"Weekly rent paid by household, total household income, and household composition for households in rented occupied private dwellings, (RC, TALB, SA2, Health), 2013, 2018, and 2023 Censuses",I,2023,2023,07,Taranaki Region,02,$200 - $299,99,Total - total household income,3,Three or more family household (with or without other people),3,,,
DATAFLOW,STATSNZ:CEN23_HOU_022(1.0),"Weekly rent paid by household, total household income, and household composition for households in rented occupied private dwellings, (RC, TALB, SA2, Health), 2013, 2018, and 2023 Censuses",I,2023,2023,01,Northland Region,05,$500 - $599,99,Total - total household income,3,Three or more family household (with or without other people),6,,,
DATAFLOW,STATSNZ:CEN23_HOU_022(1.0),"Weekly rent paid by household, total household income, and household composition for households in rented occupied private dwellings, (RC, TALB, SA2, Health), 2013, 2018, and 2023 Censuses",I,2023,2023,04,Bay of Plenty Region,01,Under $200,99,Total - total household income,1,One-family household (with or without other people),1707,,,
DATAFLOW,STATSNZ:CEN23_HOU_022(1.0),"Weekly rent paid by household, total household income, and household composition for households in rented occupied private dwellings, (RC, TALB, SA2, Health), 2013, 2018, and 2023 Censuses",I,2023,2023,07,Taranaki Region,99,Not elsewhere included,99,Total - total household income,6,Household composition unidentifiable,27,,,
DATAFLOW,STATSNZ:CEN23_HOU_022(1.0),"Weekly rent paid by household, total household income, and household composition for households in rented occupied private dwellings, (RC, TALB, SA2, Health), 2013, 2018, and 2023 Censuses",I,2023,2023,14,Otago Region,07,$700 - $799,99,Total - total household income,4,Other multi-person household,417,,,
DATAFLOW,STATSNZ:CEN23_HOU_022(1.0),"Weekly rent paid by household, total household income, and household composition for households in rented occupied private dwellings, (RC, TALB, SA2, Health), 2013, 2018, and 2023 Censuses",I,2023,2023,07,Taranaki Region,04,$400 - $499,99,Total - total household income,3,Three or more family household (with or without other people),3,,,
DATAFLOW,STATSNZ:CEN23_HOU_022(1.0),"Weekly rent paid by household, total household income, and household composition for households in rented occupied private dwellings, (RC, TALB, SA2, Health), 2013, 2018, and 2023 Censuses",I,2023,2023,16,Tasman Region,04,$400 - $499,99,Total - total household income,5,One-person household,186,,,
DATAFLOW,STATSNZ:CEN23_HOU_022(1.0),"Weekly rent paid by household, total household income, and household composition for households in rented occupied private dwellings, (RC, TALB, SA2, Health), 2013, 2018, and 2023 Censuses",I,2023,2023,13,Canterbury Region,06,$600 - $699,99,Total - total household income,5,One-person household,255,,,
DATAFLOW,STATSNZ:CEN23_HOU_022(1.0),"Weekly rent paid by household, total household income, and household composition for households in rented occupied private dwellings, (RC, TALB, SA2, Health), 2013, 2018, and 2023 Censuses",I,2023,2023,01,Northland Region,999,Total - weekly rent paid by household,99,Total - total household income,6,Household composition unidentifiable,1926,,,
DATAFLOW,STATSNZ:CEN23_HOU_022(1.0),"Weekly rent paid by household, total household income, and household composition for households in rented occupied private dwellings, (RC, TALB, SA2, Health), 2013, 2018, and 2023 Censuses",I,2023,2023,99,Area Outside Region,07,$700 - $799,99,Total - total household income,3,Three or more family household (with or without other people),,,c,Confidential
DATAFLOW,STATSNZ:CEN23_HOU_022(1.0),"Weekly rent paid by household, total household income, and household composition for households in rented occupied private dwellings, (RC, TALB, SA2, Health), 2013, 2018, and 2023 Censuses",I,2023,2023,03,Waikato Region,999,Total - weekly rent paid by household,99,Total - total household income,2,Two-family household (with or without other people),1890,,,
DATAFLOW,STATSNZ:CEN23_HOU_022(1.0),"Weekly rent paid by household, total household income, and household composition for households in rented occupied private dwellings, (RC, TALB, SA2, Health), 2013, 2018, and 2023 Censuses",I,2023,2023,15,Southland Region,04,$400 - $499,99,Total - total household income,99,Total - household composition,1827,,,
DATAFLOW,STATSNZ:CEN23_HOU_022(1.0),"Weekly rent paid by household, total household income, and household composition for households in rented occupied private dwellings, (RC, TALB, SA2, Health), 2013, 2018, and 2023 Censuses",I,2023,2023,16,Tasman Region,02,$200 - $299,99,Total - total household income,3,Three or more family household (with or without other people),0,,,
DATAFLOW,STATSNZ:CEN23_HOU_022(1.0),"Weekly rent paid by household, total household income, and household composition for households in rented occupied private dwellings, (RC, TALB, SA2, Health), 2013, 2018, and 2023 Censuses",I,2023,2023,17,Nelson Region,03,$300 - $399,99,Total - total household income,2,Two-family household (with or without other people),9,,,
DATAFLOW,STATSNZ:CEN23_HOU_022(1.0),"Weekly rent paid by household, total household income, and household composition for households in rented occupied private dwellings, (RC, TALB, SA2, Health), 2013, 2018, and 2023 Censuses",I,2023,2023,03,Waikato Region,02,$200 - $299,99,Total - total household income,99,Total - household composition,7368,,,
DATAFLOW,STATSNZ:CEN23_HOU_022(1.0),"Weekly rent paid by household, total household income, and household composition for households in rented occupied private dwellings, (RC, TALB, SA2, Health), 2013, 2018, and 2023 Censuses",I,2023,2023,01,Northland Region,01,Under $200,99,Total - total household income,4,Other multi-person household,219,,,
DATAFLOW,STATSNZ:CEN23_HOU_022(1.0),"Weekly rent paid by household, total household income, and household composition for households in rented occupied private dwellings, (RC, TALB, SA2, Health), 2013, 2018, and 2023 Censuses",I,2023,2023,18,Marlborough Region,99,Not elsewhere included,99,Total - total household income,1,One-family household (with or without other people),27,,,
DATAFLOW,STATSNZ:CEN23_HOU_022(1.0),"Weekly rent paid by household, total household income, and household composition for households in rented occupied private dwellings, (RC, TALB, SA2, Health), 2013, 2018, and 2023 Censuses",I,2023,2023,13,Canterbury Region,99,Not elsewhere included,99,Total - total household income,77,Total stated - household composition,612,,,
DATAFLOW,STATSNZ:CEN23_HOU_022(1.0),"Weekly rent paid by household, total household income, and household composition for households in rented occupied private dwellings, (RC, TALB, SA2, Health), 2013, 2018, and 2023 Censuses",I,2023,2023,06,Hawke's Bay Region,06,$600 - $699,99,Total - total household income,99,Total - household composition,1446,,,
DATAFLOW,STATSNZ:CEN23_HOU_022(1.0),"Weekly rent paid by household, total household income, and household composition for households in rented occupied private dwellings, (RC, TALB, SA2, Health), 2013, 2018, and 2023 Censuses",I,2023,2023,09,Wellington Region,05,$500 - $599,99,Total - total household income,5,One-person household,1806,,,
DATAFLOW,STATSNZ:CEN23_HOU_022(1.0),"Weekly rent paid by household, total household income, and household composition for households in rented occupied private dwellings, (RC, TALB, SA2, Health), 2013, 2018, and 2023 Censuses",I,2023,2023,9999,Total - New Zealand by regional council,99,Not elsewhere included,99,Total - total household income,77,Total stated - household composition,5199,,,
DATAFLOW,STATSNZ:CEN23_HOU_022(1.0),"Weekly rent paid by household, total household income, and household composition for households in rented occupied private dwellings, (RC, TALB, SA2, Health), 2013, 2018, and 2023 Censuses",I,2023,2023,01,Northland Region,06,$600 - $699,99,Total - total household income,6,Household composition unidentifiable,99,,,
DATAFLOW,STATSNZ:CEN23_HOU_022(1.0),"Weekly rent paid by household, total household income, and household composition for households in rented occupied private dwellings, (RC, TALB, SA2, Health), 2013, 2018, and 2023 Censuses",I,2023,2023,04,Bay of Plenty Region,02,$200 - $299,99,Total - total household income,77,Total stated - household composition,2793,,,
DATAFLOW,STATSNZ:CEN23_HOU_022(1.0),"Weekly rent paid by household, total household income, and household composition for households in rented occupied private dwellings, (RC, TALB, SA2, Health), 2013, 2018, and 2023 Censuses",I,2023,2023,02,Auckland Region,08,$800 and over,99,Total - total household income,99,Total - household composition,22899,,,
DATAFLOW,STATSNZ:CEN23_HOU_022(1.0),"Weekly rent paid by household, total household income, and household composition for households in rented occupied private dwellings, (RC, TALB, SA2, Health), 2013, 2018, and 2023 Censuses",I,2023,2023,18,Marlborough Region,05,$500 - $599,99,Total - total household income,1,One-family household (with or without other people),534,,,
DATAFLOW,STATSNZ:CEN23_HOU_022(1.0),"Weekly rent paid by household, total household income, and household composition for households in rented occupied private dwellings, (RC, TALB, SA2, Health), 2013, 2018, and 2023 Censuses",I,2023,2023,03,Waikato Region,05,$500 - $599,99,Total - total household income,5,One-person household,984,,,
DATAFLOW,STATSNZ:CEN23_HOU_022(1.0),"Weekly rent paid by household, total household income, and household composition for households in rented occupied private dwellings, (RC, TALB, SA2, Health), 2013, 2018, and 2023 Censuses",I,2023,2023,16,Tasman Region,07,$700 - $799,99,Total - total household income,5,One-person household,0,,,
DATAFLOW,STATSNZ:CEN23_HOU_022(1.0),"Weekly rent paid by household, total household income, and household composition for households in rented occupied private dwellings, (RC, TALB, SA2, Health), 2013, 2018, and 2023 Censuses",I,2023,2023,15,Southland Region,999,Total - weekly rent paid by household,99,Total - total household income,6,Household composition unidentifiable,720,,,
DATAFLOW,STATSNZ:CEN23_HOU_022(1.0),"Weekly rent paid by household, total household income, and household composition for households in rented occupied private dwellings, (RC, TALB, SA2, Health), 2013, 2018, and 2023 Censuses",I,2023,2023,06,Hawke's Bay Region,99,Not elsewhere included,99,Total - total household income,2,Two-family household (with or without other people),6,,,
DATAFLOW,STATSNZ:CEN23_HOU_022(1.0),"Weekly rent paid by household, total household income, and household composition for households in rented occupied private dwellings, (RC, TALB, SA2, Health), 2013, 2018, and 2023 Censuses",I,2023,2023,12,West Coast Region,06,$600 - $699,99,Total - total household income,77,Total stated - household composition,9,,,
DATAFLOW,STATSNZ:CEN23_HOU_022(1.0),"Weekly rent paid by household, total household income, and household composition for households in rented occupied private dwellings, (RC, TALB, SA2, Health), 2013, 2018, and 2023 Censuses",I,2023,2023,02,Auckland Region,999,Total - weekly rent paid by household,99,Total - total household income,4,Other multi-person household,19419,,,
DATAFLOW,STATSNZ:CEN23_HOU_022(1.0),"Weekly rent paid by household, total household income, and household composition for households in rented occupied private dwellings, (RC, TALB, SA2, Health), 2013, 2018, and 2023 Censuses",I,2023,2023,17,Nelson Region,04,$400 - $499,99,Total - total household income,77,Total stated - household composition,1491,,,
DATAFLOW,STATSNZ:CEN23_HOU_022(1.0),"Weekly rent paid by household, total household income, and household composition for households in rented occupied private dwellings, (RC, TALB, SA2, Health), 2013, 2018, and 2023 Censuses",I,2023,2023,18,Marlborough Region,03,$300 - $399,99,Total - total household income,99,Total - household composition,1032,,,
DATAFLOW,STATSNZ:CEN23_HOU_022(1.0),"Weekly rent paid by household, total household income, and household composition for households in rented occupied private dwellings, (RC, TALB, SA2, Health), 2013, 2018, and 2023 Censuses",I,2023,2023,17,Nelson Region,99,Not elsewhere included,99,Total - total household income,99,Total - household composition,51,,,
DATAFLOW,STATSNZ:CEN23_HOU_022(1.0),"Weekly rent paid by household, total household income, and household composition for households in rented occupied private dwellings, (RC, TALB, SA2, Health), 2013, 2018, and 2023 Censuses",I,2023,2023,01,Northland Region,04,$400 - $499,99,Total - total household income,6,Household composition unidentifiable,345,,,
DATAFLOW,STATSNZ:CEN23_HOU_022(1.0),"Weekly rent paid by household, total household income, and household composition for households in rented occupied private dwellings, (RC, TALB, SA2, Health), 2013, 2018, and 2023 Censuses",I,2023,2023,14,Otago Region,05,$500 - $599,99,Total - total household income,99,Total - household composition,3297,,,
DATAFLOW,STATSNZ:CEN23_HOU_022(1.0),"Weekly rent paid by household, total household income, and household composition for households in rented occupied private dwellings, (RC, TALB, SA2, Health), 2013, 2018, and 2023 Censuses",I,2023,2023,14,Otago Region,07,$700 - $799,99,Total - total household income,3,Three or more family household (with or without other people),3,,,
DATAFLOW,STATSNZ:CEN23_HOU_022(1.0),"Weekly rent paid by household, total household income, and household composition for households in rented occupied private dwellings, (RC, TALB, SA2, Health), 2013, 2018, and 2023 Censuses",I,2023,2023,13,Canterbury Region,999,Total - weekly rent paid by household,99,Total - total household income,5,One-person household,18198,,,
DATAFLOW,STATSNZ:CEN23_HOU_022(1.0),"Weekly rent paid by household, total household income, and household composition for households in rented occupied private dwellings, (RC, TALB, SA2, Health), 2013, 2018, and 2023 Censuses",I,2023,2023,09,Wellington Region,777,Total stated - weekly rent paid by household,99,Total - total household income,5,One-person household,15204,,,
DATAFLOW,STATSNZ:CEN23_HOU_022(1.0),"Weekly rent paid by household, total household income, and household composition for households in rented occupied private dwellings, (RC, TALB, SA2, Health), 2013, 2018, and 2023 Censuses",I,2023,2023,03,Waikato Region,07,$700 - $799,99,Total - total household income,1,One-family household (with or without other people),891,,,
DATAFLOW,STATSNZ:CEN23_HOU_022(1.0),"Weekly rent paid by household, total household income, and household composition for households in rented occupied private dwellings, (RC, TALB, SA2, Health), 2013, 2018, and 2023 Censuses",I,2023,2023,02,Auckland Region,777,Total stated - weekly rent paid by household,99,Total - total household income,2,Two-family household (with or without other people),10710,,,
DATAFLOW,STATSNZ:CEN23_HOU_022(1.0),"Weekly rent paid by household, total household income, and household composition for households in rented occupied private dwellings, (RC, TALB, SA2, Health), 2013, 2018, and 2023 Censuses",I,2023,2023,09,Wellington Region,777,Total stated - weekly rent paid by household,99,Total - total household income,77,Total stated - household composition,58203,,,
DATAFLOW,STATSNZ:CEN23_HOU_022(1.0),"Weekly rent paid by household, total household income, and household composition for households in rented occupied private dwellings, (RC, TALB, SA2, Health), 2013, 2018, and 2023 Censuses",I,2023,2023,12,West Coast Region,01,Under $200,99,Total - total household income,99,Total - household composition,1017,,,
DATAFLOW,STATSNZ:CEN23_HOU_022(1.0),"Weekly rent paid by household, total household income, and household composition for households in rented occupied private dwellings, (RC, TALB, SA2, Health), 2013, 2018, and 2023 Censuses",I,2023,2023,03,Waikato Region,99,Not elsewhere included,99,Total - total household income,3,Three or more family household (with or without other people),3,,,
DATAFLOW,STATSNZ:CEN23_HOU_022(1.0),"Weekly rent paid by household, total household income, and household composition for households in rented occupied private dwellings, (RC, TALB, SA2, Health), 2013, 2018, and 2023 Censuses",I,2023,2023,15,Southland Region,777,Total stated - weekly rent paid by household,99,Total - total household income,5,One-person household,2979,,,
DATAFLOW,STATSNZ:CEN23_HOU_022(1.0),"Weekly rent paid by household, total household income, and household composition for households in rented occupied private dwellings, (RC, TALB, SA2, Health), 2013, 2018, and 2023 Censuses",I,2023,2023,14,Otago Region,07,$700 - $799,99,Total - total household income,1,One-family household (with or without other people),762,,,
DATAFLOW,STATSNZ:CEN23_HOU_022(1.0),"Weekly rent paid by household, total household income, and household composition for households in rented occupied private dwellings, (RC, TALB, SA2, Health), 2013, 2018, and 2023 Censuses",I,2023,2023,02,Auckland Region,08,$800 and over,99,Total - total household income,6,Household composition unidentifiable,1098,,,
DATAFLOW,STATSNZ:CEN23_HOU_022(1.0),"Weekly rent paid by household, total household income, and household composition for households in rented occupied private dwellings, (RC, TALB, SA2, Health), 2013, 2018, and 2023 Censuses",I,2023,2023,09,Wellington Region,01,Under $200,99,Total - total household income,6,Household composition unidentifiable,762,,,
DATAFLOW,STATSNZ:CEN23_HOU_022(1.0),"Weekly rent paid by household, total household income, and household composition for households in rented occupied private dwellings, (RC, TALB, SA2, Health), 2013, 2018, and 2023 Censuses",I,2023,2023,17,Nelson Region,05,$500 - $599,99,Total - total household income,2,Two-family household (with or without other people),30,,,
DATAFLOW,STATSNZ:CEN23_HOU_022(1.0),"Weekly rent paid by household, total household income, and household composition for households in rented occupied private dwellings, (RC, TALB, SA2, Health), 2013, 2018, and 2023 Censuses",I,2023,2023,06,Hawke's Bay Region,02,$200 - $299,99,Total - total household income,1,One-family household (with or without other people),945,,,
DATAFLOW,STATSNZ:CEN23_HOU_022(1.0),"Weekly rent paid by household, total household income, and household composition for households in rented occupied private dwellings, (RC, TALB, SA2, Health), 2013, 2018, and 2023 Censuses",I,2023,2023,04,Bay of Plenty Region,777,Total stated - weekly rent paid by household,99,Total - total household income,2,Two-family household (with or without other people),1251,,,
DATAFLOW,STATSNZ:CEN23_HOU_022(1.0),"Weekly rent paid by household, total household income, and household composition for households in rented occupied private dwellings, (RC, TALB, SA2, Health), 2013, 2018, and 2023 Censuses",I,2023,2023,16,Tasman Region,99,Not elsewhere included,99,Total - total household income,6,Household composition unidentifiable,21,,,
DATAFLOW,STATSNZ:CEN23_HOU_022(1.0),"Weekly rent paid by household, total household income, and household composition for households in rented occupied private dwellings, (RC, TALB, SA2, Health), 2013, 2018, and 2023 Censuses",I,2023,2023,01,Northland Region,06,$600 - $699,99,Total - total household income,2,Two-family household (with or without other people),66,,,
DATAFLOW,STATSNZ:CEN23_HOU_022(1.0),"Weekly rent paid by household, total household income, and household composition for households in rented occupied private dwellings, (RC, TALB, SA2, Health), 2013, 2018, and 2023 Censuses",I,2023,2023,15,Southland Region,06,$600 - $699,99,Total - total household income,4,Other multi-person household,15,,,
DATAFLOW,STATSNZ:CEN23_HOU_022(1.0),"Weekly rent paid by household, total household income, and household composition for households in rented occupied private dwellings, (RC, TALB, SA2, Health), 2013, 2018, and 2023 Censuses",I,2023,2023,08,Manawatū-Whanganui Region,01,Under $200,99,Total - total household income,99,Total - household composition,5820,,,
DATAFLOW,STATSNZ:CEN23_HOU_022(1.0),"Weekly rent paid by household, total household income, and household composition for households in rented occupied private dwellings, (RC, TALB, SA2, Health), 2013, 2018, and 2023 Censuses",I,2023,2023,05,Gisborne Region,06,$600 - $699,99,Total - total household income,2,Two-family household (with or without other people),24,,,
DATAFLOW,STATSNZ:CEN23_HOU_022(1.0),"Weekly rent paid by household, total household income, and household composition for households in rented occupied private dwellings, (RC, TALB, SA2, Health), 2013, 2018, and 2023 Censuses",I,2023,2023,02,Auckland Region,05,$500 - $599,99,Total - total household income,99,Total - household composition,42645,,,
DATAFLOW,STATSNZ:CEN23_HOU_022(1.0),"Weekly rent paid by household, total household income, and household composition for households in rented occupied private dwellings, (RC, TALB, SA2, Health), 2013, 2018, and 2023 Censuses",I,2023,2023,01,Northland Region,06,$600 - $699,99,Total - total household income,1,One-family household (with or without other people),885,,,
DATAFLOW,STATSNZ:CEN23_HOU_022(1.0),"Weekly rent paid by household, total household income, and household composition for households in rented occupied private dwellings, (RC, TALB, SA2, Health), 2013, 2018, and 2023 Censuses",I,2023,2023,9999,Total - New Zealand by regional council,03,$300 - $399,99,Total - total household income,1,One-family household (with or without other people),40365,,,
DATAFLOW,STATSNZ:CEN23_HOU_022(1.0),"Weekly rent paid by household, total household income, and household composition for households in rented occupied private dwellings, (RC, TALB, SA2, Health), 2013, 2018, and 2023 Censuses",I,2023,2023,02,Auckland Region,08,$800 and over,99,Total - total household income,1,One-family household (with or without other people),13815,,,
DATAFLOW,STATSNZ:CEN23_HOU_022(1.0),"Weekly rent paid by household, total household income, and household composition for households in rented occupied private dwellings, (RC, TALB, SA2, Health), 2013, 2018, and 2023 Censuses",I,2023,2023,15,Southland Region,03,$300 - $399,99,Total - total household income,2,Two-family household (with or without other people),45,,,
DATAFLOW,STATSNZ:CEN23_HOU_022(1.0),"Weekly rent paid by household, total household income, and household composition for households in rented occupied private dwellings, (RC, TALB, SA2, Health), 2013, 2018, and 2023 Censuses",I,2023,2023,9999,Total - New Zealand by regional council,02,$200 - $299,99,Total - total household income,5,One-person household,20772,,,
DATAFLOW,STATSNZ:CEN23_HOU_022(1.0),"Weekly rent paid by household, total household income, and household composition for households in rented occupied private dwellings, (RC, TALB, SA2, Health), 2013, 2018, and 2023 Censuses",I,2023,2023,13,Canterbury Region,07,$700 - $799,99,Total - total household income,6,Household composition unidentifiable,45,,,
DATAFLOW,STATSNZ:CEN23_HOU_022(1.0),"Weekly rent paid by household, total household income, and household composition for households in rented occupied private dwellings, (RC, TALB, SA2, Health), 2013, 2018, and 2023 Censuses",I,2023,2023,17,Nelson Region,04,$400 - $499,99,Total - total household income,3,Three or more family household (with or without other people),0,,,
DATAFLOW,STATSNZ:CEN23_HOU_022(1.0),"Weekly rent paid by household, total household income, and household composition for households in rented occupied private dwellings, (RC, TALB, SA2, Health), 2013, 2018, and 2023 Censuses",I,2023,2023,01,Northland Region,03,$300 - $399,99,Total - total household income,77,Total stated - household composition,3171,,,
DATAFLOW,STATSNZ:CEN23_HOU_022(1.0),"Weekly rent paid by household, total household income, and household composition for households in rented occupied private dwellings, (RC, TALB, SA2, Health), 2013, 2018, and 2023 Censuses",I,2023,2023,02,Auckland Region,06,$600 - $699,99,Total - total household income,77,Total stated - household composition,35010,,,
DATAFLOW,STATSNZ:CEN23_HOU_022(1.0),"Weekly rent paid by household, total household income, and household composition for households in rented occupied private dwellings, (RC, TALB, SA2, Health), 2013, 2018, and 2023 Censuses",I,2023,2023,01,Northland Region,02,$200 - $299,99,Total - total household income,99,Total - household composition,2463,,,
DATAFLOW,STATSNZ:CEN23_HOU_022(1.0),"Weekly rent paid by household, total household income, and household composition for households in rented occupied private dwellings, (RC, TALB, SA2, Health), 2013, 2018, and 2023 Censuses",I,2023,2023,01,Northland Region,04,$400 - $499,99,Total - total household income,5,One-person household,642,,,
DATAFLOW,STATSNZ:CEN23_HOU_022(1.0),"Weekly rent paid by household, total household income, and household composition for households in rented occupied private dwellings, (RC, TALB, SA2, Health), 2013, 2018, and 2023 Censuses",I,2023,2023,14,Otago Region,05,$500 - $599,99,Total - total household income,2,Two-family household (with or without other people),93,,,
DATAFLOW,STATSNZ:CEN23_HOU_022(1.0),"Weekly rent paid by household, total household income, and household composition for households in rented occupied private dwellings, (RC, TALB, SA2, Health), 2013, 2018, and 2023 Censuses",I,2023,2023,03,Waikato Region,07,$700 - $799,99,Total - total household income,4,Other multi-person household,168,,,
DATAFLOW,STATSNZ:CEN23_HOU_022(1.0),"Weekly rent paid by household, total household income, and household composition for households in rented occupied private dwellings, (RC, TALB, SA2, Health), 2013, 2018, and 2023 Censuses",I,2023,2023,16,Tasman Region,99,Not elsewhere included,99,Total - total household income,1,One-family household (with or without other people),33,,,
DATAFLOW,STATSNZ:CEN23_HOU_022(1.0),"Weekly rent paid by household, total household income, and household composition for households in rented occupied private dwellings, (RC, TALB, SA2, Health), 2013, 2018, and 2023 Censuses",I,2023,2023,18,Marlborough Region,99,Not elsewhere included,99,Total - total household income,77,Total stated - household composition,69,,,
DATAFLOW,STATSNZ:CEN23_HOU_022(1.0),"Weekly rent paid by household, total household income, and household composition for households in rented occupied private dwellings, (RC, TALB, SA2, Health), 2013, 2018, and 2023 Censuses",I,2023,2023,09,Wellington Region,03,$300 - $399,99,Total - total household income,2,Two-family household (with or without other people),126,,,
DATAFLOW,STATSNZ:CEN23_HOU_022(1.0),"Weekly rent paid by household, total household income, and household composition for households in rented occupied private dwellings, (RC, TALB, SA2, Health), 2013, 2018, and 2023 Censuses",I,2023,2023,02,Auckland Region,01,Under $200,99,Total - total household income,3,Three or more family household (with or without other people),150,,,
DATAFLOW,STATSNZ:CEN23_HOU_022(1.0),"Weekly rent paid by household, total household income, and household composition for households in rented occupied private dwellings, (RC, TALB, SA2, Health), 2013, 2018, and 2023 Censuses",I,2023,2023,14,Otago Region,999,Total - weekly rent paid by household,99,Total - total household income,3,Three or more family household (with or without other people),18,,,
DATAFLOW,STATSNZ:CEN23_HOU_022(1.0),"Weekly rent paid by household, total household income, and household composition for households in rented occupied private dwellings, (RC, TALB, SA2, Health), 2013, 2018, and 2023 Censuses",I,2023,2023,03,Waikato Region,02,$200 - $299,99,Total - total household income,77,Total stated - household composition,6723,,,
DATAFLOW,STATSNZ:CEN23_HOU_022(1.0),"Weekly rent paid by household, total household income, and household composition for households in rented occupied private dwellings, (RC, TALB, SA2, Health), 2013, 2018, and 2023 Censuses",I,2023,2023,15,Southland Region,06,$600 - $699,99,Total - total household income,5,One-person household,3,,,
DATAFLOW,STATSNZ:CEN23_HOU_022(1.0),"Weekly rent paid by household, total household income, and household composition for households in rented occupied private dwellings, (RC, TALB, SA2, Health), 2013, 2018, and 2023 Censuses",I,2023,2023,12,West Coast Region,04,$400 - $499,99,Total - total household income,2,Two-family household (with or without other people),6,,,
DATAFLOW,STATSNZ:CEN23_HOU_022(1.0),"Weekly rent paid by household, total household income, and household composition for households in rented occupied private dwellings, (RC, TALB, SA2, Health), 2013, 2018, and 2023 Censuses",I,2023,2023,01,Northland Region,05,$500 - $599,99,Total - total household income,77,Total stated - household composition,2433,,,
DATAFLOW,STATSNZ:CEN23_HOU_022(1.0),"Weekly rent paid by household, total household income, and household composition for households in rented occupied private dwellings, (RC, TALB, SA2, Health), 2013, 2018, and 2023 Censuses",I,2023,2023,03,Waikato Region,04,$400 - $499,99,Total - total household income,2,Two-family household (with or without other people),375,,,
DATAFLOW,STATSNZ:CEN23_HOU_022(1.0),"Weekly rent paid by household, total household income, and household composition for households in rented occupied private dwellings, (RC, TALB, SA2, Health), 2013, 2018, and 2023 Censuses",I,2023,2023,9999,Total - New Zealand by regional council,99,Not elsewhere included,99,Total - total household income,4,Other multi-person household,381,,,
DATAFLOW,STATSNZ:CEN23_HOU_022(1.0),"Weekly rent paid by household, total household income, and household composition for households in rented occupied private dwellings, (RC, TALB, SA2, Health), 2013, 2018, and 2023 Censuses",I,2023,2023,99,Area Outside Region,06,$600 - $699,99,Total - total household income,77,Total stated - household composition,,,c,Confidential
DATAFLOW,STATSNZ:CEN23_HOU_022(1.0),"Weekly rent paid by household, total household income, and household composition for households in rented occupied private dwellings, (RC, TALB, SA2, Health), 2013, 2018, and 2023 Censuses",I,2023,2023,12,West Coast Region,08,$800 and over,99,Total - total household income,77,Total stated - household composition,12,,,
DATAFLOW,STATSNZ:CEN23_HOU_022(1.0),"Weekly rent paid by household, total household income, and household composition for households in rented occupied private dwellings, (RC, TALB, SA2, Health), 2013, 2018, and 2023 Censuses",I,2023,2023,01,Northland Region,03,$300 - $399,99,Total - total household income,4,Other multi-person household,225,,,
DATAFLOW,STATSNZ:CEN23_HOU_022(1.0),"Weekly rent paid by household, total household income, and household composition for households in rented occupied private dwellings, (RC, TALB, SA2, Health), 2013, 2018, and 2023 Censuses",I,2023,2023,99,Area Outside Region,05,$500 - $599,99,Total - total household income,5,One-person household,,,c,Confidential
DATAFLOW,STATSNZ:CEN23_HOU_022(1.0),"Weekly rent paid by household, total household income, and household composition for households in rented occupied private dwellings, (RC, TALB, SA2, Health), 2013, 2018, and 2023 Censuses",I,2023,2023,08,Manawatū-Whanganui Region,06,$600 - $699,99,Total - total household income,2,Two-family household (with or without other people),69,,,
DATAFLOW,STATSNZ:CEN23_HOU_022(1.0),"Weekly rent paid by household, total household income, and household composition for households in rented occupied private dwellings, (RC, TALB, SA2, Health), 2013, 2018, and 2023 Censuses",I,2023,2023,02,Auckland Region,999,Total - weekly rent paid by household,99,Total - total household income,5,One-person household,37407,,,
DATAFLOW,STATSNZ:CEN23_HOU_022(1.0),"Weekly rent paid by household, total household income, and household composition for households in rented occupied private dwellings, (RC, TALB, SA2, Health), 2013, 2018, and 2023 Censuses",I,2023,2023,05,Gisborne Region,02,$200 - $299,99,Total - total household income,3,Three or more family household (with or without other people),0,,,
DATAFLOW,STATSNZ:CEN23_HOU_022(1.0),"Weekly rent paid by household, total household income, and household composition for households in rented occupied private dwellings, (RC, TALB, SA2, Health), 2013, 2018, and 2023 Censuses",I,2023,2023,18,Marlborough Region,01,Under $200,99,Total - total household income,4,Other multi-person household,45,,,
DATAFLOW,STATSNZ:CEN23_HOU_022(1.0),"Weekly rent paid by household, total household income, and household composition for households in rented occupied private dwellings, (RC, TALB, SA2, Health), 2013, 2018, and 2023 Censuses",I,2023,2023,18,Marlborough Region,04,$400 - $499,99,Total - total household income,99,Total - household composition,1233,,,
DATAFLOW,STATSNZ:CEN23_HOU_022(1.0),"Weekly rent paid by household, total household income, and household composition for households in rented occupied private dwellings, (RC, TALB, SA2, Health), 2013, 2018, and 2023 Censuses",I,2023,2023,9999,Total - New Zealand by regional council,05,$500 - $599,99,Total - total household income,5,One-person household,11745,,,
DATAFLOW,STATSNZ:CEN23_HOU_022(1.0),"Weekly rent paid by household, total household income, and household composition for households in rented occupied private dwellings, (RC, TALB, SA2, Health), 2013, 2018, and 2023 Censuses",I,2023,2023,12,West Coast Region,02,$200 - $299,99,Total - total household income,3,Three or more family household (with or without other people),0,,,
DATAFLOW,STATSNZ:CEN23_HOU_022(1.0),"Weekly rent paid by household, total household income, and household composition for households in rented occupied private dwellings, (RC, TALB, SA2, Health), 2013, 2018, and 2023 Censuses",I,2023,2023,07,Taranaki Region,07,$700 - $799,99,Total - total household income,77,Total stated - household composition,159,,,
DATAFLOW,STATSNZ:CEN23_HOU_022(1.0),"Weekly rent paid by household, total household income, and household composition for households in rented occupied private dwellings, (RC, TALB, SA2, Health), 2013, 2018, and 2023 Censuses",I,2023,2023,18,Marlborough Region,777,Total stated - weekly rent paid by household,99,Total - total household income,99,Total - household composition,4605,,,
DATAFLOW,STATSNZ:CEN23_HOU_022(1.0),"Weekly rent paid by household, total household income, and household composition for households in rented occupied private dwellings, (RC, TALB, SA2, Health), 2013, 2018, and 2023 Censuses",I,2023,2023,14,Otago Region,07,$700 - $799,99,Total - total household income,99,Total - household composition,1398,,,
DATAFLOW,STATSNZ:CEN23_HOU_022(1.0),"Weekly rent paid by household, total household income, and household composition for households in rented occupied private dwellings, (RC, TALB, SA2, Health), 2013, 2018, and 2023 Censuses",I,2023,2023,15,Southland Region,999,Total - weekly rent paid by household,99,Total - total household income,3,Three or more family household (with or without other people),6,,,
DATAFLOW,STATSNZ:CEN23_HOU_022(1.0),"Weekly rent paid by household, total household income, and household composition for households in rented occupied private dwellings, (RC, TALB, SA2, Health), 2013, 2018, and 2023 Censuses",I,2023,2023,16,Tasman Region,99,Not elsewhere included,99,Total - total household income,99,Total - household composition,93,,,
DATAFLOW,STATSNZ:CEN23_HOU_022(1.0),"Weekly rent paid by household, total household income, and household composition for households in rented occupied private dwellings, (RC, TALB, SA2, Health), 2013, 2018, and 2023 Censuses",I,2023,2023,17,Nelson Region,01,Under $200,99,Total - total household income,77,Total stated - household composition,717,,,
DATAFLOW,STATSNZ:CEN23_HOU_022(1.0),"Weekly rent paid by household, total household income, and household composition for households in rented occupied private dwellings, (RC, TALB, SA2, Health), 2013, 2018, and 2023 Censuses",I,2023,2023,02,Auckland Region,04,$400 - $499,99,Total - total household income,4,Other multi-person household,2154,,,
DATAFLOW,STATSNZ:CEN23_HOU_022(1.0),"Weekly rent paid by household, total household income, and household composition for households in rented occupied private dwellings, (RC, TALB, SA2, Health), 2013, 2018, and 2023 Censuses",I,2023,2023,07,Taranaki Region,05,$500 - $599,99,Total - total household income,6,Household composition unidentifiable,96,,,
DATAFLOW,STATSNZ:CEN23_HOU_022(1.0),"Weekly rent paid by household, total household income, and household composition for households in rented occupied private dwellings, (RC, TALB, SA2, Health), 2013, 2018, and 2023 Censuses",I,2023,2023,15,Southland Region,02,$200 - $299,99,Total - total household income,6,Household composition unidentifiable,171,,,
DATAFLOW,STATSNZ:CEN23_HOU_022(1.0),"Weekly rent paid by household, total household income, and household composition for households in rented occupied private dwellings, (RC, TALB, SA2, Health), 2013, 2018, and 2023 Censuses",I,2023,2023,16,Tasman Region,05,$500 - $599,99,Total - total household income,99,Total - household composition,756,,,
DATAFLOW,STATSNZ:CEN23_HOU_022(1.0),"Weekly rent paid by household, total household income, and household composition for households in rented occupied private dwellings, (RC, TALB, SA2, Health), 2013, 2018, and 2023 Censuses",I,2023,2023,15,Southland Region,05,$500 - $599,99,Total - total household income,3,Three or more family household (with or without other people),0,,,
DATAFLOW,STATSNZ:CEN23_HOU_022(1.0),"Weekly rent paid by household, total household income, and household composition for households in rented occupied private dwellings, (RC, TALB, SA2, Health), 2013, 2018, and 2023 Censuses",I,2023,2023,08,Manawatū-Whanganui Region,99,Not elsewhere included,99,Total - total household income,3,Three or more family household (with or without other people),0,,,
DATAFLOW,STATSNZ:CEN23_HOU_022(1.0),"Weekly rent paid by household, total household income, and household composition for households in rented occupied private dwellings, (RC, TALB, SA2, Health), 2013, 2018, and 2023 Censuses",I,2023,2023,99,Area Outside Region,99,Not elsewhere included,99,Total - total household income,2,Two-family household (with or without other people),,,c,Confidential
DATAFLOW,STATSNZ:CEN23_HOU_022(1.0),"Weekly rent paid by household, total household income, and household composition for households in rented occupied private dwellings, (RC, TALB, SA2, Health), 2013, 2018, and 2023 Censuses",I,2023,2023,02,Auckland Region,99,Not elsewhere included,99,Total - total household income,5,One-person household,489,,,
DATAFLOW,STATSNZ:CEN23_HOU_022(1.0),"Weekly rent paid by household, total household income, and household composition for households in rented occupied private dwellings, (RC, TALB, SA2, Health), 2013, 2018, and 2023 Censuses",I,2023,2023,09,Wellington Region,04,$400 - $499,99,Total - total household income,4,Other multi-person household,729,,,
DATAFLOW,STATSNZ:CEN23_HOU_022(1.0),"Weekly rent paid by household, total household income, and household composition for households in rented occupied private dwellings, (RC, TALB, SA2, Health), 2013, 2018, and 2023 Censuses",I,2023,2023,12,West Coast Region,07,$700 - $799,99,Total - total household income,5,One-person household,0,,,
DATAFLOW,STATSNZ:CEN23_HOU_022(1.0),"Weekly rent paid by household, total household income, and household composition for households in rented occupied private dwellings, (RC, TALB, SA2, Health), 2013, 2018, and 2023 Censuses",I,2023,2023,05,Gisborne Region,07,$700 - $799,99,Total - total household income,3,Three or more family household (with or without other people),0,,,
DATAFLOW,STATSNZ:CEN23_HOU_022(1.0),"Weekly rent paid by household, total household income, and household composition for households in rented occupied private dwellings, (RC, TALB, SA2, Health), 2013, 2018, and 2023 Censuses",I,2023,2023,99,Area Outside Region,01,Under $200,99,Total - total household income,3,Three or more family household (with or without other people),,,c,Confidential
DATAFLOW,STATSNZ:CEN23_HOU_022(1.0),"Weekly rent paid by household, total household income, and household composition for households in rented occupied private dwellings, (RC, TALB, SA2, Health), 2013, 2018, and 2023 Censuses",I,2023,2023,07,Taranaki Region,06,$600 - $699,99,Total - total household income,4,Other multi-person household,63,,,
DATAFLOW,STATSNZ:CEN23_HOU_022(1.0),"Weekly rent paid by household, total household income, and household composition for households in rented occupied private dwellings, (RC, TALB, SA2, Health), 2013, 2018, and 2023 Censuses",I,2023,2023,06,Hawke's Bay Region,05,$500 - $599,99,Total - total household income,3,Three or more family household (with or without other people),9,,,
DATAFLOW,STATSNZ:CEN23_HOU_022(1.0),"Weekly rent paid by household, total household income, and household composition for households in rented occupied private dwellings, (RC, TALB, SA2, Health), 2013, 2018, and 2023 Censuses",I,2023,2023,09,Wellington Region,08,$800 and over,99,Total - total household income,5,One-person household,393,,,
DATAFLOW,STATSNZ:CEN23_HOU_022(1.0),"Weekly rent paid by household, total household income, and household composition for households in rented occupied private dwellings, (RC, TALB, SA2, Health), 2013, 2018, and 2023 Censuses",I,2023,2023,14,Otago Region,07,$700 - $799,99,Total - total household income,6,Household composition unidentifiable,63,,,
DATAFLOW,STATSNZ:CEN23_HOU_022(1.0),"Weekly rent paid by household, total household income, and household composition for households in rented occupied private dwellings, (RC, TALB, SA2, Health), 2013, 2018, and 2023 Censuses",I,2023,2023,04,Bay of Plenty Region,999,Total - weekly rent paid by household,99,Total - total household income,2,Two-family household (with or without other people),1266,,,
DATAFLOW,STATSNZ:CEN23_HOU_022(1.0),"Weekly rent paid by household, total household income, and household composition for households in rented occupied private dwellings, (RC, TALB, SA2, Health), 2013, 2018, and 2023 Censuses",I,2023,2023,08,Manawatū-Whanganui Region,04,$400 - $499,99,Total - total household income,1,One-family household (with or without other people),3633,,,
DATAFLOW,STATSNZ:CEN23_HOU_022(1.0),"Weekly rent paid by household, total household income, and household composition for households in rented occupied private dwellings, (RC, TALB, SA2, Health), 2013, 2018, and 2023 Censuses",I,2023,2023,99,Area Outside Region,01,Under $200,99,Total - total household income,6,Household composition unidentifiable,,,c,Confidential
DATAFLOW,STATSNZ:CEN23_HOU_022(1.0),"Weekly rent paid by household, total household income, and household composition for households in rented occupied private dwellings, (RC, TALB, SA2, Health), 2013, 2018, and 2023 Censuses",I,2023,2023,09,Wellington Region,03,$300 - $399,99,Total - total household income,1,One-family household (with or without other people),2985,,,
DATAFLOW,STATSNZ:CEN23_HOU_022(1.0),"Weekly rent paid by household, total household income, and household composition for households in rented occupied private dwellings, (RC, TALB, SA2, Health), 2013, 2018, and 2023 Censuses",I,2023,2023,17,Nelson Region,777,Total stated - weekly rent paid by household,99,Total - total household income,6,Household composition unidentifiable,231,,,
DATAFLOW,STATSNZ:CEN23_HOU_022(1.0),"Weekly rent paid by household, total household income, and household composition for households in rented occupied private dwellings, (RC, TALB, SA2, Health), 2013, 2018, and 2023 Censuses",I,2023,2023,9999,Total - New Zealand by regional council,01,Under $200,99,Total - total household income,99,Total - household composition,89439,,,
DATAFLOW,STATSNZ:CEN23_HOU_022(1.0),"Weekly rent paid by household, total household income, and household composition for households in rented occupied private dwellings, (RC, TALB, SA2, Health), 2013, 2018, and 2023 Censuses",I,2023,2023,09,Wellington Region,99,Not elsewhere included,99,Total - total household income,3,Three or more family household (with or without other people),0,,,
DATAFLOW,STATSNZ:CEN23_HOU_022(1.0),"Weekly rent paid by household, total household income, and household composition for households in rented occupied private dwellings, (RC, TALB, SA2, Health), 2013, 2018, and 2023 Censuses",I,2023,2023,17,Nelson Region,08,$800 and over,99,Total - total household income,3,Three or more family household (with or without other people),0,,,
DATAFLOW,STATSNZ:CEN23_HOU_022(1.0),"Weekly rent paid by household, total household income, and household composition for households in rented occupied private dwellings, (RC, TALB, SA2, Health), 2013, 2018, and 2023 Censuses",I,2023,2023,08,Manawatū-Whanganui Region,777,Total stated - weekly rent paid by household,99,Total - total household income,77,Total stated - household composition,24924,,,
DATAFLOW,STATSNZ:CEN23_HOU_022(1.0),"Weekly rent paid by household, total household income, and household composition for households in rented occupied private dwellings, (RC, TALB, SA2, Health), 2013, 2018, and 2023 Censuses",I,2023,2023,07,Taranaki Region,07,$700 - $799,99,Total - total household income,3,Three or more family household (with or without other people),0,,,
DATAFLOW,STATSNZ:CEN23_HOU_022(1.0),"Weekly rent paid by household, total household income, and household composition for households in rented occupied private dwellings, (RC, TALB, SA2, Health), 2013, 2018, and 2023 Censuses",I,2023,2023,14,Otago Region,04,$400 - $499,99,Total - total household income,3,Three or more family household (with or without other people),3,,,
DATAFLOW,STATSNZ:CEN23_HOU_022(1.0),"Weekly rent paid by household, total household income, and household composition for households in rented occupied private dwellings, (RC, TALB, SA2, Health), 2013, 2018, and 2023 Censuses",I,2023,2023,16,Tasman Region,05,$500 - $599,99,Total - total household income,2,Two-family household (with or without other people),27,,,
DATAFLOW,STATSNZ:CEN23_HOU_022(1.0),"Weekly rent paid by household, total household income, and household composition for households in rented occupied private dwellings, (RC, TALB, SA2, Health), 2013, 2018, and 2023 Censuses",I,2023,2023,02,Auckland Region,777,Total stated - weekly rent paid by household,99,Total - total household income,5,One-person household,36918,,,
DATAFLOW,STATSNZ:CEN23_HOU_022(1.0),"Weekly rent paid by household, total household income, and household composition for households in rented occupied private dwellings, (RC, TALB, SA2, Health), 2013, 2018, and 2023 Censuses",I,2023,2023,08,Manawatū-Whanganui Region,777,Total stated - weekly rent paid by household,99,Total - total household income,1,One-family household (with or without other people),14325,,,
DATAFLOW,STATSNZ:CEN23_HOU_022(1.0),"Weekly rent paid by household, total household income, and household composition for households in rented occupied private dwellings, (RC, TALB, SA2, Health), 2013, 2018, and 2023 Censuses",I,2023,2023,15,Southland Region,999,Total - weekly rent paid by household,99,Total - total household income,4,Other multi-person household,861,,,
DATAFLOW,STATSNZ:CEN23_HOU_022(1.0),"Weekly rent paid by household, total household income, and household composition for households in rented occupied private dwellings, (RC, TALB, SA2, Health), 2013, 2018, and 2023 Censuses",I,2023,2023,9999,Total - New Zealand by regional council,777,Total stated - weekly rent paid by household,99,Total - total household income,3,Three or more family household (with or without other people),1497,,,
DATAFLOW,STATSNZ:CEN23_HOU_022(1.0),"Weekly rent paid by household, total household income, and household composition for households in rented occupied private dwellings, (RC, TALB, SA2, Health), 2013, 2018, and 2023 Censuses",I,2023,2023,14,Otago Region,01,Under $200,99,Total - total household income,1,One-family household (with or without other people),1311,,,
DATAFLOW,STATSNZ:CEN23_HOU_022(1.0),"Weekly rent paid by household, total household income, and household composition for households in rented occupied private dwellings, (RC, TALB, SA2, Health), 2013, 2018, and 2023 Censuses",I,2023,2023,15,Southland Region,999,Total - weekly rent paid by household,99,Total - total household income,2,Two-family household (with or without other people),156,,,
DATAFLOW,STATSNZ:CEN23_HOU_022(1.0),"Weekly rent paid by household, total household income, and household composition for households in rented occupied private dwellings, (RC, TALB, SA2, Health), 2013, 2018, and 2023 Censuses",I,2023,2023,16,Tasman Region,02,$200 - $299,99,Total - total household income,77,Total stated - household composition,642,,,
DATAFLOW,STATSNZ:CEN23_HOU_022(1.0),"Weekly rent paid by household, total household income, and household composition for households in rented occupied private dwellings, (RC, TALB, SA2, Health), 2013, 2018, and 2023 Censuses",I,2023,2023,09,Wellington Region,02,$200 - $299,99,Total - total household income,2,Two-family household (with or without other people),96,,,
DATAFLOW,STATSNZ:CEN23_HOU_022(1.0),"Weekly rent paid by household, total household income, and household composition for households in rented occupied private dwellings, (RC, TALB, SA2, Health), 2013, 2018, and 2023 Censuses",I,2023,2023,09,Wellington Region,06,$600 - $699,99,Total - total household income,2,Two-family household (with or without other people),261,,,
DATAFLOW,STATSNZ:CEN23_HOU_022(1.0),"Weekly rent paid by household, total household income, and household composition for households in rented occupied private dwellings, (RC, TALB, SA2, Health), 2013, 2018, and 2023 Censuses",I,2023,2023,06,Hawke's Bay Region,999,Total - weekly rent paid by household,99,Total - total household income,77,Total stated - household composition,15729,,,
DATAFLOW,STATSNZ:CEN23_HOU_022(1.0),"Weekly rent paid by household, total household income, and household composition for households in rented occupied private dwellings, (RC, TALB, SA2, Health), 2013, 2018, and 2023 Censuses",I,2023,2023,17,Nelson Region,06,$600 - $699,99,Total - total household income,99,Total - household composition,447,,,
DATAFLOW,STATSNZ:CEN23_HOU_022(1.0),"Weekly rent paid by household, total household income, and household composition for households in rented occupied private dwellings, (RC, TALB, SA2, Health), 2013, 2018, and 2023 Censuses",I,2023,2023,06,Hawke's Bay Region,01,Under $200,99,Total - total household income,6,Household composition unidentifiable,603,,,
DATAFLOW,STATSNZ:CEN23_HOU_022(1.0),"Weekly rent paid by household, total household income, and household composition for households in rented occupied private dwellings, (RC, TALB, SA2, Health), 2013, 2018, and 2023 Censuses",I,2023,2023,12,West Coast Region,01,Under $200,99,Total - total household income,6,Household composition unidentifiable,99,,,
DATAFLOW,STATSNZ:CEN23_HOU_022(1.0),"Weekly rent paid by household, total household income, and household composition for households in rented occupied private dwellings, (RC, TALB, SA2, Health), 2013, 2018, and 2023 Censuses",I,2023,2023,9999,Total - New Zealand by regional council,08,$800 and over,99,Total - total household income,77,Total stated - household composition,33864,,,
DATAFLOW,STATSNZ:CEN23_HOU_022(1.0),"Weekly rent paid by household, total household income, and household composition for households in rented occupied private dwellings, (RC, TALB, SA2, Health), 2013, 2018, and 2023 Censuses",I,2023,2023,05,Gisborne Region,01,Under $200,99,Total - total household income,99,Total - household composition,1722,,,
DATAFLOW,STATSNZ:CEN23_HOU_022(1.0),"Weekly rent paid by household, total household income, and household composition for households in rented occupied private dwellings, (RC, TALB, SA2, Health), 2013, 2018, and 2023 Censuses",I,2023,2023,18,Marlborough Region,07,$700 - $799,99,Total - total household income,6,Household composition unidentifiable,0,,,
DATAFLOW,STATSNZ:CEN23_HOU_022(1.0),"Weekly rent paid by household, total household income, and household composition for households in rented occupied private dwellings, (RC, TALB, SA2, Health), 2013, 2018, and 2023 Censuses",I,2023,2023,01,Northland Region,99,Not elsewhere included,99,Total - total household income,99,Total - household composition,438,,,
DATAFLOW,STATSNZ:CEN23_HOU_022(1.0),"Weekly rent paid by household, total household income, and household composition for households in rented occupied private dwellings, (RC, TALB, SA2, Health), 2013, 2018, and 2023 Censuses",I,2023,2023,16,Tasman Region,03,$300 - $399,99,Total - total household income,4,Other multi-person household,39,,,
DATAFLOW,STATSNZ:CEN23_HOU_022(1.0),"Weekly rent paid by household, total household income, and household composition for households in rented occupied private dwellings, (RC, TALB, SA2, Health), 2013, 2018, and 2023 Censuses",I,2023,2023,05,Gisborne Region,08,$800 and over,99,Total - total household income,4,Other multi-person household,9,,,
DATAFLOW,STATSNZ:CEN23_HOU_022(1.0),"Weekly rent paid by household, total household income, and household composition for households in rented occupied private dwellings, (RC, TALB, SA2, Health), 2013, 2018, and 2023 Censuses",I,2023,2023,08,Manawatū-Whanganui Region,02,$200 - $299,99,Total - total household income,4,Other multi-person household,294,,,
DATAFLOW,STATSNZ:CEN23_HOU_022(1.0),"Weekly rent paid by household, total household income, and household composition for households in rented occupied private dwellings, (RC, TALB, SA2, Health), 2013, 2018, and 2023 Censuses",I,2023,2023,16,Tasman Region,03,$300 - $399,99,Total - total household income,2,Two-family household (with or without other people),18,,,
DATAFLOW,STATSNZ:CEN23_HOU_022(1.0),"Weekly rent paid by household, total household income, and household composition for households in rented occupied private dwellings, (RC, TALB, SA2, Health), 2013, 2018, and 2023 Censuses",I,2023,2023,16,Tasman Region,01,Under $200,99,Total - total household income,99,Total - household composition,558,,,
DATAFLOW,STATSNZ:CEN23_HOU_022(1.0),"Weekly rent paid by household, total household income, and household composition for households in rented occupied private dwellings, (RC, TALB, SA2, Health), 2013, 2018, and 2023 Censuses",I,2023,2023,06,Hawke's Bay Region,03,$300 - $399,99,Total - total household income,99,Total - household composition,2985,,,
DATAFLOW,STATSNZ:CEN23_HOU_022(1.0),"Weekly rent paid by household, total household income, and household composition for households in rented occupied private dwellings, (RC, TALB, SA2, Health), 2013, 2018, and 2023 Censuses",I,2023,2023,08,Manawatū-Whanganui Region,02,$200 - $299,99,Total - total household income,1,One-family household (with or without other people),1998,,,
DATAFLOW,STATSNZ:CEN23_HOU_022(1.0),"Weekly rent paid by household, total household income, and household composition for households in rented occupied private dwellings, (RC, TALB, SA2, Health), 2013, 2018, and 2023 Censuses",I,2023,2023,9999,Total - New Zealand by regional council,777,Total stated - weekly rent paid by household,99,Total - total household income,77,Total stated - household composition,522528,,,
DATAFLOW,STATSNZ:CEN23_HOU_022(1.0),"Weekly rent paid by household, total household income, and household composition for households in rented occupied private dwellings, (RC, TALB, SA2, Health), 2013, 2018, and 2023 Censuses",I,2023,2023,99,Area Outside Region,08,$800 and over,99,Total - total household income,6,Household composition unidentifiable,,,c,Confidential
DATAFLOW,STATSNZ:CEN23_HOU_022(1.0),"Weekly rent paid by household, total household income, and household composition for households in rented occupied private dwellings, (RC, TALB, SA2, Health), 2013, 2018, and 2023 Censuses",I,2023,2023,12,West Coast Region,01,Under $200,99,Total - total household income,5,One-person household,579,,,
DATAFLOW,STATSNZ:CEN23_HOU_022(1.0),"Weekly rent paid by household, total household income, and household composition for households in rented occupied private dwellings, (RC, TALB, SA2, Health), 2013, 2018, and 2023 Censuses",I,2023,2023,05,Gisborne Region,04,$400 - $499,99,Total - total household income,1,One-family household (with or without other people),615,,,
DATAFLOW,STATSNZ:CEN23_HOU_022(1.0),"Weekly rent paid by household, total household income, and household composition for households in rented occupied private dwellings, (RC, TALB, SA2, Health), 2013, 2018, and 2023 Censuses",I,2023,2023,15,Southland Region,777,Total stated - weekly rent paid by household,99,Total - total household income,99,Total - household composition,10056,,,
DATAFLOW,STATSNZ:CEN23_HOU_022(1.0),"Weekly rent paid by household, total household income, and household composition for households in rented occupied private dwellings, (RC, TALB, SA2, Health), 2013, 2018, and 2023 Censuses",I,2023,2023,05,Gisborne Region,05,$500 - $599,99,Total - total household income,2,Two-family household (with or without other people),42,,,
DATAFLOW,STATSNZ:CEN23_HOU_022(1.0),"Weekly rent paid by household, total household income, and household composition for households in rented occupied private dwellings, (RC, TALB, SA2, Health), 2013, 2018, and 2023 Censuses",I,2023,2023,08,Manawatū-Whanganui Region,06,$600 - $699,99,Total - total household income,1,One-family household (with or without other people),768,,,
DATAFLOW,STATSNZ:CEN23_HOU_022(1.0),"Weekly rent paid by household, total household income, and household composition for households in rented occupied private dwellings, (RC, TALB, SA2, Health), 2013, 2018, and 2023 Censuses",I,2023,2023,02,Auckland Region,01,Under $200,99,Total - total household income,6,Household composition unidentifiable,2115,,,
DATAFLOW,STATSNZ:CEN23_HOU_022(1.0),"Weekly rent paid by household, total household income, and household composition for households in rented occupied private dwellings, (RC, TALB, SA2, Health), 2013, 2018, and 2023 Censuses",I,2023,2023,04,Bay of Plenty Region,08,$800 and over,99,Total - total household income,77,Total stated - household composition,660,,,
DATAFLOW,STATSNZ:CEN23_HOU_022(1.0),"Weekly rent paid by household, total household income, and household composition for households in rented occupied private dwellings, (RC, TALB, SA2, Health), 2013, 2018, and 2023 Censuses",I,2023,2023,12,West Coast Region,08,$800 and over,99,Total - total household income,4,Other multi-person household,0,,,
DATAFLOW,STATSNZ:CEN23_HOU_022(1.0),"Weekly rent paid by household, total household income, and household composition for households in rented occupied private dwellings, (RC, TALB, SA2, Health), 2013, 2018, and 2023 Censuses",I,2023,2023,05,Gisborne Region,999,Total - weekly rent paid by household,99,Total - total household income,77,Total stated - household composition,5280,,,
DATAFLOW,STATSNZ:CEN23_HOU_022(1.0),"Weekly rent paid by household, total household income, and household composition for households in rented occupied private dwellings, (RC, TALB, SA2, Health), 2013, 2018, and 2023 Censuses",I,2023,2023,03,Waikato Region,777,Total stated - weekly rent paid by household,99,Total - total household income,6,Household composition unidentifiable,4635,,,
DATAFLOW,STATSNZ:CEN23_HOU_022(1.0),"Weekly rent paid by household, total household income, and household composition for households in rented occupied private dwellings, (RC, TALB, SA2, Health), 2013, 2018, and 2023 Censuses",I,2023,2023,9999,Total - New Zealand by regional council,01,Under $200,99,Total - total household income,77,Total stated - household composition,81561,,,
DATAFLOW,STATSNZ:CEN23_HOU_022(1.0),"Weekly rent paid by household, total household income, and household composition for households in rented occupied private dwellings, (RC, TALB, SA2, Health), 2013, 2018, and 2023 Censuses",I,2023,2023,01,Northland Region,05,$500 - $599,99,Total - total household income,4,Other multi-person household,156,,,
DATAFLOW,STATSNZ:CEN23_HOU_022(1.0),"Weekly rent paid by household, total household income, and household composition for households in rented occupied private dwellings, (RC, TALB, SA2, Health), 2013, 2018, and 2023 Censuses",I,2023,2023,08,Manawatū-Whanganui Region,06,$600 - $699,99,Total - total household income,77,Total stated - household composition,1095,,,
DATAFLOW,STATSNZ:CEN23_HOU_022(1.0),"Weekly rent paid by household, total household income, and household composition for households in rented occupied private dwellings, (RC, TALB, SA2, Health), 2013, 2018, and 2023 Censuses",I,2023,2023,08,Manawatū-Whanganui Region,999,Total - weekly rent paid by household,99,Total - total household income,1,One-family household (with or without other people),14478,,,
DATAFLOW,STATSNZ:CEN23_HOU_022(1.0),"Weekly rent paid by household, total household income, and household composition for households in rented occupied private dwellings, (RC, TALB, SA2, Health), 2013, 2018, and 2023 Censuses",I,2023,2023,02,Auckland Region,99,Not elsewhere included,99,Total - total household income,2,Two-family household (with or without other people),60,,,
DATAFLOW,STATSNZ:CEN23_HOU_022(1.0),"Weekly rent paid by household, total household income, and household composition for households in rented occupied private dwellings, (RC, TALB, SA2, Health), 2013, 2018, and 2023 Censuses",I,2023,2023,17,Nelson Region,06,$600 - $699,99,Total - total household income,2,Two-family household (with or without other people),27,,,
DATAFLOW,STATSNZ:CEN23_HOU_022(1.0),"Weekly rent paid by household, total household income, and household composition for households in rented occupied private dwellings, (RC, TALB, SA2, Health), 2013, 2018, and 2023 Censuses",I,2023,2023,16,Tasman Region,99,Not elsewhere included,99,Total - total household income,77,Total stated - household composition,75,,,
DATAFLOW,STATSNZ:CEN23_HOU_022(1.0),"Weekly rent paid by household, total household income, and household composition for households in rented occupied private dwellings, (RC, TALB, SA2, Health), 2013, 2018, and 2023 Censuses",I,2023,2023,07,Taranaki Region,02,$200 - $299,99,Total - total household income,4,Other multi-person household,135,,,
DATAFLOW,STATSNZ:CEN23_HOU_022(1.0),"Weekly rent paid by household, total household income, and household composition for households in rented occupied private dwellings, (RC, TALB, SA2, Health), 2013, 2018, and 2023 Censuses",I,2023,2023,05,Gisborne Region,04,$400 - $499,99,Total - total household income,2,Two-family household (with or without other people),60,,,
DATAFLOW,STATSNZ:CEN23_HOU_022(1.0),"Weekly rent paid by household, total household income, and household composition for households in rented occupied private dwellings, (RC, TALB, SA2, Health), 2013, 2018, and 2023 Censuses",I,2023,2023,09,Wellington Region,06,$600 - $699,99,Total - total household income,99,Total - household composition,8853,,,
DATAFLOW,STATSNZ:CEN23_HOU_022(1.0),"Weekly rent paid by household, total household income, and household composition for households in rented occupied private dwellings, (RC, TALB, SA2, Health), 2013, 2018, and 2023 Censuses",I,2023,2023,02,Auckland Region,99,Not elsewhere included,99,Total - total household income,4,Other multi-person household,102,,,
DATAFLOW,STATSNZ:CEN23_HOU_022(1.0),"Weekly rent paid by household, total household income, and household composition for households in rented occupied private dwellings, (RC, TALB, SA2, Health), 2013, 2018, and 2023 Censuses",I,2023,2023,99,Area Outside Region,02,$200 - $299,99,Total - total household income,6,Household composition unidentifiable,,,c,Confidential
DATAFLOW,STATSNZ:CEN23_HOU_022(1.0),"Weekly rent paid by household, total household income, and household composition for households in rented occupied private dwellings, (RC, TALB, SA2, Health), 2013, 2018, and 2023 Censuses",I,2023,2023,16,Tasman Region,03,$300 - $399,99,Total - total household income,5,One-person household,252,,,
DATAFLOW,STATSNZ:CEN23_HOU_022(1.0),"Weekly rent paid by household, total household income, and household composition for households in rented occupied private dwellings, (RC, TALB, SA2, Health), 2013, 2018, and 2023 Censuses",I,2023,2023,17,Nelson Region,04,$400 - $499,99,Total - total household income,2,Two-family household (with or without other people),27,,,
DATAFLOW,STATSNZ:CEN23_HOU_022(1.0),"Weekly rent paid by household, total household income, and household composition for households in rented occupied private dwellings, (RC, TALB, SA2, Health), 2013, 2018, and 2023 Censuses",I,2023,2023,01,Northland Region,777,Total stated - weekly rent paid by household,99,Total - total household income,5,One-person household,4329,,,
DATAFLOW,STATSNZ:CEN23_HOU_022(1.0),"Weekly rent paid by household, total household income, and household composition for households in rented occupied private dwellings, (RC, TALB, SA2, Health), 2013, 2018, and 2023 Censuses",I,2023,2023,06,Hawke's Bay Region,04,$400 - $499,99,Total - total household income,1,One-family household (with or without other people),2097,,,
DATAFLOW,STATSNZ:CEN23_HOU_022(1.0),"Weekly rent paid by household, total household income, and household composition for households in rented occupied private dwellings, (RC, TALB, SA2, Health), 2013, 2018, and 2023 Censuses",I,2023,2023,04,Bay of Plenty Region,04,$400 - $499,99,Total - total household income,77,Total stated - household composition,5493,,,
DATAFLOW,STATSNZ:CEN23_HOU_022(1.0),"Weekly rent paid by household, total household income, and household composition for households in rented occupied private dwellings, (RC, TALB, SA2, Health), 2013, 2018, and 2023 Censuses",I,2023,2023,07,Taranaki Region,06,$600 - $699,99,Total - total household income,1,One-family household (with or without other people),420,,,
DATAFLOW,STATSNZ:CEN23_HOU_022(1.0),"Weekly rent paid by household, total household income, and household composition for households in rented occupied private dwellings, (RC, TALB, SA2, Health), 2013, 2018, and 2023 Censuses",I,2023,2023,03,Waikato Region,03,$300 - $399,99,Total - total household income,3,Three or more family household (with or without other people),9,,,
DATAFLOW,STATSNZ:CEN23_HOU_022(1.0),"Weekly rent paid by household, total household income, and household composition for households in rented occupied private dwellings, (RC, TALB, SA2, Health), 2013, 2018, and 2023 Censuses",I,2023,2023,16,Tasman Region,05,$500 - $599,99,Total - total household income,5,One-person household,66,,,
DATAFLOW,STATSNZ:CEN23_HOU_022(1.0),"Weekly rent paid by household, total household income, and household composition for households in rented occupied private dwellings, (RC, TALB, SA2, Health), 2013, 2018, and 2023 Censuses",I,2023,2023,16,Tasman Region,01,Under $200,99,Total - total household income,3,Three or more family household (with or without other people),0,,,
DATAFLOW,STATSNZ:CEN23_HOU_022(1.0),"Weekly rent paid by household, total household income, and household composition for households in rented occupied private dwellings, (RC, TALB, SA2, Health), 2013, 2018, and 2023 Censuses",I,2023,2023,9999,Total - New Zealand by regional council,07,$700 - $799,99,Total - total household income,3,Three or more family household (with or without other people),168,,,
DATAFLOW,STATSNZ:CEN23_HOU_022(1.0),"Weekly rent paid by household, total household income, and household composition for households in rented occupied private dwellings, (RC, TALB, SA2, Health), 2013, 2018, and 2023 Censuses",I,2023,2023,18,Marlborough Region,03,$300 - $399,99,Total - total household income,1,One-family household (with or without other people),549,,,
DATAFLOW,STATSNZ:CEN23_HOU_022(1.0),"Weekly rent paid by household, total household income, and household composition for households in rented occupied private dwellings, (RC, TALB, SA2, Health), 2013, 2018, and 2023 Censuses",I,2023,2023,14,Otago Region,04,$400 - $499,99,Total - total household income,4,Other multi-person household,558,,,
DATAFLOW,STATSNZ:CEN23_HOU_022(1.0),"Weekly rent paid by household, total household income, and household composition for households in rented occupied private dwellings, (RC, TALB, SA2, Health), 2013, 2018, and 2023 Censuses",I,2023,2023,06,Hawke's Bay Region,06,$600 - $699,99,Total - total household income,2,Two-family household (with or without other people),63,,,
DATAFLOW,STATSNZ:CEN23_HOU_022(1.0),"Weekly rent paid by household, total household income, and household composition for households in rented occupied private dwellings, (RC, TALB, SA2, Health), 2013, 2018, and 2023 Censuses",I,2023,2023,12,West Coast Region,03,$300 - $399,99,Total - total household income,2,Two-family household (with or without other people),12,,,
DATAFLOW,STATSNZ:CEN23_HOU_022(1.0),"Weekly rent paid by household, total household income, and household composition for households in rented occupied private dwellings, (RC, TALB, SA2, Health), 2013, 2018, and 2023 Censuses",I,2023,2023,15,Southland Region,03,$300 - $399,99,Total - total household income,3,Three or more family household (with or without other people),3,,,
DATAFLOW,STATSNZ:CEN23_HOU_022(1.0),"Weekly rent paid by household, total household income, and household composition for households in rented occupied private dwellings, (RC, TALB, SA2, Health), 2013, 2018, and 2023 Censuses",I,2023,2023,18,Marlborough Region,04,$400 - $499,99,Total - total household income,2,Two-family household (with or without other people),33,,,
DATAFLOW,STATSNZ:CEN23_HOU_022(1.0),"Weekly rent paid by household, total household income, and household composition for households in rented occupied private dwellings, (RC, TALB, SA2, Health), 2013, 2018, and 2023 Censuses",I,2023,2023,13,Canterbury Region,03,$300 - $399,99,Total - total household income,2,Two-family household (with or without other people),201,,,
DATAFLOW,STATSNZ:CEN23_HOU_022(1.0),"Weekly rent paid by household, total household income, and household composition for households in rented occupied private dwellings, (RC, TALB, SA2, Health), 2013, 2018, and 2023 Censuses",I,2023,2023,05,Gisborne Region,777,Total stated - weekly rent paid by household,99,Total - total household income,6,Household composition unidentifiable,501,,,
DATAFLOW,STATSNZ:CEN23_HOU_022(1.0),"Weekly rent paid by household, total household income, and household composition for households in rented occupied private dwellings, (RC, TALB, SA2, Health), 2013, 2018, and 2023 Censuses",I,2023,2023,13,Canterbury Region,05,$500 - $599,99,Total - total household income,1,One-family household (with or without other people),7353,,,
DATAFLOW,STATSNZ:CEN23_HOU_022(1.0),"Weekly rent paid by household, total household income, and household composition for households in rented occupied private dwellings, (RC, TALB, SA2, Health), 2013, 2018, and 2023 Censuses",I,2023,2023,02,Auckland Region,999,Total - weekly rent paid by household,99,Total - total household income,77,Total stated - household composition,194994,,,
DATAFLOW,STATSNZ:CEN23_HOU_022(1.0),"Weekly rent paid by household, total household income, and household composition for households in rented occupied private dwellings, (RC, TALB, SA2, Health), 2013, 2018, and 2023 Censuses",I,2023,2023,12,West Coast Region,05,$500 - $599,99,Total - total household income,6,Household composition unidentifiable,6,,,
DATAFLOW,STATSNZ:CEN23_HOU_022(1.0),"Weekly rent paid by household, total household income, and household composition for households in rented occupied private dwellings, (RC, TALB, SA2, Health), 2013, 2018, and 2023 Censuses",I,2023,2023,18,Marlborough Region,04,$400 - $499,99,Total - total household income,77,Total stated - household composition,1182,,,
DATAFLOW,STATSNZ:CEN23_HOU_022(1.0),"Weekly rent paid by household, total household income, and household composition for households in rented occupied private dwellings, (RC, TALB, SA2, Health), 2013, 2018, and 2023 Censuses",I,2023,2023,9999,Total - New Zealand by regional council,999,Total - weekly rent paid by household,99,Total - total household income,4,Other multi-person household,56640,,,
DATAFLOW,STATSNZ:CEN23_HOU_022(1.0),"Weekly rent paid by household, total household income, and household composition for households in rented occupied private dwellings, (RC, TALB, SA2, Health), 2013, 2018, and 2023 Censuses",I,2023,2023,01,Northland Region,05,$500 - $599,99,Total - total household income,2,Two-family household (with or without other people),105,,,
DATAFLOW,STATSNZ:CEN23_HOU_022(1.0),"Weekly rent paid by household, total household income, and household composition for households in rented occupied private dwellings, (RC, TALB, SA2, Health), 2013, 2018, and 2023 Censuses",I,2023,2023,9999,Total - New Zealand by regional council,08,$800 and over,99,Total - total household income,1,One-family household (with or without other people),19254,,,
DATAFLOW,STATSNZ:CEN23_HOU_022(1.0),"Weekly rent paid by household, total household income, and household composition for households in rented occupied private dwellings, (RC, TALB, SA2, Health), 2013, 2018, and 2023 Censuses",I,2023,2023,01,Northland Region,999,Total - weekly rent paid by household,99,Total - total household income,2,Two-family household (with or without other people),618,,,
DATAFLOW,STATSNZ:CEN23_HOU_022(1.0),"Weekly rent paid by household, total household income, and household composition for households in rented occupied private dwellings, (RC, TALB, SA2, Health), 2013, 2018, and 2023 Censuses",I,2023,2023,09,Wellington Region,08,$800 and over,99,Total - total household income,3,Three or more family household (with or without other people),27,,,
DATAFLOW,STATSNZ:CEN23_HOU_022(1.0),"Weekly rent paid by household, total household income, and household composition for households in rented occupied private dwellings, (RC, TALB, SA2, Health), 2013, 2018, and 2023 Censuses",I,2023,2023,15,Southland Region,777,Total stated - weekly rent paid by household,99,Total - total household income,3,Three or more family household (with or without other people),6,,,
DATAFLOW,STATSNZ:CEN23_HOU_022(1.0),"Weekly rent paid by household, total household income, and household composition for households in rented occupied private dwellings, (RC, TALB, SA2, Health), 2013, 2018, and 2023 Censuses",I,2023,2023,12,West Coast Region,05,$500 - $599,99,Total - total household income,99,Total - household composition,57,,,
DATAFLOW,STATSNZ:CEN23_HOU_022(1.0),"Weekly rent paid by household, total household income, and household composition for households in rented occupied private dwellings, (RC, TALB, SA2, Health), 2013, 2018, and 2023 Censuses",I,2023,2023,16,Tasman Region,999,Total - weekly rent paid by household,99,Total - total household income,5,One-person household,1149,,,
DATAFLOW,STATSNZ:CEN23_HOU_022(1.0),"Weekly rent paid by household, total household income, and household composition for households in rented occupied private dwellings, (RC, TALB, SA2, Health), 2013, 2018, and 2023 Censuses",I,2023,2023,99,Area Outside Region,06,$600 - $699,99,Total - total household income,99,Total - household composition,3,,,
DATAFLOW,STATSNZ:CEN23_HOU_022(1.0),"Weekly rent paid by household, total household income, and household composition for households in rented occupied private dwellings, (RC, TALB, SA2, Health), 2013, 2018, and 2023 Censuses",I,2023,2023,14,Otago Region,08,$800 and over,99,Total - total household income,77,Total stated - household composition,2124,,,
DATAFLOW,STATSNZ:CEN23_HOU_022(1.0),"Weekly rent paid by household, total household income, and household composition for households in rented occupied private dwellings, (RC, TALB, SA2, Health), 2013, 2018, and 2023 Censuses",I,2023,2023,13,Canterbury Region,99,Not elsewhere included,99,Total - total household income,4,Other multi-person household,48,,,
DATAFLOW,STATSNZ:CEN23_HOU_022(1.0),"Weekly rent paid by household, total household income, and household composition for households in rented occupied private dwellings, (RC, TALB, SA2, Health), 2013, 2018, and 2023 Censuses",I,2023,2023,9999,Total - New Zealand by regional council,05,$500 - $599,99,Total - total household income,4,Other multi-person household,9507,,,
DATAFLOW,STATSNZ:CEN23_HOU_022(1.0),"Weekly rent paid by household, total household income, and household composition for households in rented occupied private dwellings, (RC, TALB, SA2, Health), 2013, 2018, and 2023 Censuses",I,2023,2023,15,Southland Region,05,$500 - $599,99,Total - total household income,77,Total stated - household composition,324,,,
DATAFLOW,STATSNZ:CEN23_HOU_022(1.0),"Weekly rent paid by household, total household income, and household composition for households in rented occupied private dwellings, (RC, TALB, SA2, Health), 2013, 2018, and 2023 Censuses",I,2023,2023,99,Area Outside Region,06,$600 - $699,99,Total - total household income,5,One-person household,,,c,Confidential
DATAFLOW,STATSNZ:CEN23_HOU_022(1.0),"Weekly rent paid by household, total household income, and household composition for households in rented occupied private dwellings, (RC, TALB, SA2, Health), 2013, 2018, and 2023 Censuses",I,2023,2023,12,West Coast Region,99,Not elsewhere included,99,Total - total household income,4,Other multi-person household,3,,,
DATAFLOW,STATSNZ:CEN23_HOU_022(1.0),"Weekly rent paid by household, total household income, and household composition for households in rented occupied private dwellings, (RC, TALB, SA2, Health), 2013, 2018, and 2023 Censuses",I,2023,2023,18,Marlborough Region,777,Total stated - weekly rent paid by household,99,Total - total household income,4,Other multi-person household,333,,,
DATAFLOW,STATSNZ:CEN23_HOU_022(1.0),"Weekly rent paid by household, total household income, and household composition for households in rented occupied private dwellings, (RC, TALB, SA2, Health), 2013, 2018, and 2023 Censuses",I,2023,2023,9999,Total - New Zealand by regional council,99,Not elsewhere included,99,Total - total household income,5,One-person household,2469,,,
DATAFLOW,STATSNZ:CEN23_HOU_022(1.0),"Weekly rent paid by household, total household income, and household composition for households in rented occupied private dwellings, (RC, TALB, SA2, Health), 2013, 2018, and 2023 Censuses",I,2023,2023,01,Northland Region,03,$300 - $399,99,Total - total household income,3,Three or more family household (with or without other people),6,,,
DATAFLOW,STATSNZ:CEN23_HOU_022(1.0),"Weekly rent paid by household, total household income, and household composition for households in rented occupied private dwellings, (RC, TALB, SA2, Health), 2013, 2018, and 2023 Censuses",I,2023,2023,09,Wellington Region,01,Under $200,99,Total - total household income,3,Three or more family household (with or without other people),18,,,
DATAFLOW,STATSNZ:CEN23_HOU_022(1.0),"Weekly rent paid by household, total household income, and household composition for households in rented occupied private dwellings, (RC, TALB, SA2, Health), 2013, 2018, and 2023 Censuses",I,2023,2023,06,Hawke's Bay Region,05,$500 - $599,99,Total - total household income,1,One-family household (with or without other people),1839,,,
DATAFLOW,STATSNZ:CEN23_HOU_022(1.0),"Weekly rent paid by household, total household income, and household composition for households in rented occupied private dwellings, (RC, TALB, SA2, Health), 2013, 2018, and 2023 Censuses",I,2023,2023,18,Marlborough Region,04,$400 - $499,99,Total - total household income,5,One-person household,231,,,
DATAFLOW,STATSNZ:CEN23_HOU_022(1.0),"Weekly rent paid by household, total household income, and household composition for households in rented occupied private dwellings, (RC, TALB, SA2, Health), 2013, 2018, and 2023 Censuses",I,2023,2023,03,Waikato Region,06,$600 - $699,99,Total - total household income,3,Three or more family household (with or without other people),18,,,
DATAFLOW,STATSNZ:CEN23_HOU_022(1.0),"Weekly rent paid by household, total household income, and household composition for households in rented occupied private dwellings, (RC, TALB, SA2, Health), 2013, 2018, and 2023 Censuses",I,2023,2023,02,Auckland Region,05,$500 - $599,99,Total - total household income,5,One-person household,5661,,,
DATAFLOW,STATSNZ:CEN23_HOU_022(1.0),"Weekly rent paid by household, total household income, and household composition for households in rented occupied private dwellings, (RC, TALB, SA2, Health), 2013, 2018, and 2023 Censuses",I,2023,2023,14,Otago Region,02,$200 - $299,99,Total - total household income,6,Household composition unidentifiable,162,,,
DATAFLOW,STATSNZ:CEN23_HOU_022(1.0),"Weekly rent paid by household, total household income, and household composition for households in rented occupied private dwellings, (RC, TALB, SA2, Health), 2013, 2018, and 2023 Censuses",I,2023,2023,03,Waikato Region,08,$800 and over,99,Total - total household income,4,Other multi-person household,180,,,
DATAFLOW,STATSNZ:CEN23_HOU_022(1.0),"Weekly rent paid by household, total household income, and household composition for households in rented occupied private dwellings, (RC, TALB, SA2, Health), 2013, 2018, and 2023 Censuses",I,2023,2023,16,Tasman Region,07,$700 - $799,99,Total - total household income,77,Total stated - household composition,72,,,
DATAFLOW,STATSNZ:CEN23_HOU_022(1.0),"Weekly rent paid by household, total household income, and household composition for households in rented occupied private dwellings, (RC, TALB, SA2, Health), 2013, 2018, and 2023 Censuses",I,2023,2023,06,Hawke's Bay Region,08,$800 and over,99,Total - total household income,4,Other multi-person household,36,,,
DATAFLOW,STATSNZ:CEN23_HOU_022(1.0),"Weekly rent paid by household, total household income, and household composition for households in rented occupied private dwellings, (RC, TALB, SA2, Health), 2013, 2018, and 2023 Censuses",I,2023,2023,03,Waikato Region,03,$300 - $399,99,Total - total household income,77,Total stated - household composition,8916,,,
DATAFLOW,STATSNZ:CEN23_HOU_022(1.0),"Weekly rent paid by household, total household income, and household composition for households in rented occupied private dwellings, (RC, TALB, SA2, Health), 2013, 2018, and 2023 Censuses",I,2023,2023,15,Southland Region,777,Total stated - weekly rent paid by household,99,Total - total household income,2,Two-family household (with or without other people),156,,,
DATAFLOW,STATSNZ:CEN23_HOU_022(1.0),"Weekly rent paid by household, total household income, and household composition for households in rented occupied private dwellings, (RC, TALB, SA2, Health), 2013, 2018, and 2023 Censuses",I,2023,2023,09,Wellington Region,08,$800 and over,99,Total - total household income,99,Total - household composition,6639,,,
DATAFLOW,STATSNZ:CEN23_HOU_022(1.0),"Weekly rent paid by household, total household income, and household composition for households in rented occupied private dwellings, (RC, TALB, SA2, Health), 2013, 2018, and 2023 Censuses",I,2023,2023,04,Bay of Plenty Region,99,Not elsewhere included,99,Total - total household income,5,One-person household,216,,,
DATAFLOW,STATSNZ:CEN23_HOU_022(1.0),"Weekly rent paid by household, total household income, and household composition for households in rented occupied private dwellings, (RC, TALB, SA2, Health), 2013, 2018, and 2023 Censuses",I,2023,2023,18,Marlborough Region,02,$200 - $299,99,Total - total household income,6,Household composition unidentifiable,21,,,
DATAFLOW,STATSNZ:CEN23_HOU_022(1.0),"Weekly rent paid by household, total household income, and household composition for households in rented occupied private dwellings, (RC, TALB, SA2, Health), 2013, 2018, and 2023 Censuses",I,2023,2023,16,Tasman Region,99,Not elsewhere included,99,Total - total household income,3,Three or more family household (with or without other people),0,,,
DATAFLOW,STATSNZ:CEN23_HOU_022(1.0),"Weekly rent paid by household, total household income, and household composition for households in rented occupied private dwellings, (RC, TALB, SA2, Health), 2013, 2018, and 2023 Censuses",I,2023,2023,09,Wellington Region,999,Total - weekly rent paid by household,99,Total - total household income,1,One-family household (with or without other people),32724,,,
DATAFLOW,STATSNZ:CEN23_HOU_022(1.0),"Weekly rent paid by household, total household income, and household composition for households in rented occupied private dwellings, (RC, TALB, SA2, Health), 2013, 2018, and 2023 Censuses",I,2023,2023,03,Waikato Region,04,$400 - $499,99,Total - total household income,3,Three or more family household (with or without other people),12,,,
DATAFLOW,STATSNZ:CEN23_HOU_022(1.0),"Weekly rent paid by household, total household income, and household composition for households in rented occupied private dwellings, (RC, TALB, SA2, Health), 2013, 2018, and 2023 Censuses",I,2023,2023,15,Southland Region,07,$700 - $799,99,Total - total household income,5,One-person household,3,,,
DATAFLOW,STATSNZ:CEN23_HOU_022(1.0),"Weekly rent paid by household, total household income, and household composition for households in rented occupied private dwellings, (RC, TALB, SA2, Health), 2013, 2018, and 2023 Censuses",I,2023,2023,09,Wellington Region,06,$600 - $699,99,Total - total household income,6,Household composition unidentifiable,510,,,
DATAFLOW,STATSNZ:CEN23_HOU_022(1.0),"Weekly rent paid by household, total household income, and household composition for households in rented occupied private dwellings, (RC, TALB, SA2, Health), 2013, 2018, and 2023 Censuses",I,2023,2023,07,Taranaki Region,04,$400 - $499,99,Total - total household income,1,One-family household (with or without other people),1734,,,
DATAFLOW,STATSNZ:CEN23_HOU_022(1.0),"Weekly rent paid by household, total household income, and household composition for households in rented occupied private dwellings, (RC, TALB, SA2, Health), 2013, 2018, and 2023 Censuses",I,2023,2023,09,Wellington Region,03,$300 - $399,99,Total - total household income,6,Household composition unidentifiable,441,,,
DATAFLOW,STATSNZ:CEN23_HOU_022(1.0),"Weekly rent paid by household, total household income, and household composition for households in rented occupied private dwellings, (RC, TALB, SA2, Health), 2013, 2018, and 2023 Censuses",I,2023,2023,9999,Total - New Zealand by regional council,05,$500 - $599,99,Total - total household income,6,Household composition unidentifiable,6006,,,
DATAFLOW,STATSNZ:CEN23_HOU_022(1.0),"Weekly rent paid by household, total household income, and household composition for households in rented occupied private dwellings, (RC, TALB, SA2, Health), 2013, 2018, and 2023 Censuses",I,2023,2023,16,Tasman Region,04,$400 - $499,99,Total - total household income,4,Other multi-person household,69,,,
DATAFLOW,STATSNZ:CEN23_HOU_022(1.0),"Weekly rent paid by household, total household income, and household composition for households in rented occupied private dwellings, (RC, TALB, SA2, Health), 2013, 2018, and 2023 Censuses",I,2023,2023,12,West Coast Region,05,$500 - $599,99,Total - total household income,1,One-family household (with or without other people),39,,,
DATAFLOW,STATSNZ:CEN23_HOU_022(1.0),"Weekly rent paid by household, total household income, and household composition for households in rented occupied private dwellings, (RC, TALB, SA2, Health), 2013, 2018, and 2023 Censuses",I,2023,2023,07,Taranaki Region,07,$700 - $799,99,Total - total household income,5,One-person household,9,,,
DATAFLOW,STATSNZ:CEN23_HOU_022(1.0),"Weekly rent paid by household, total household income, and household composition for households in rented occupied private dwellings, (RC, TALB, SA2, Health), 2013, 2018, and 2023 Censuses",I,2023,2023,18,Marlborough Region,777,Total stated - weekly rent paid by household,99,Total - total household income,5,One-person household,1284,,,
DATAFLOW,STATSNZ:CEN23_HOU_022(1.0),"Weekly rent paid by household, total household income, and household composition for households in rented occupied private dwellings, (RC, TALB, SA2, Health), 2013, 2018, and 2023 Censuses",I,2023,2023,13,Canterbury Region,05,$500 - $599,99,Total - total household income,4,Other multi-person household,1527,,,
DATAFLOW,STATSNZ:CEN23_HOU_022(1.0),"Weekly rent paid by household, total household income, and household composition for households in rented occupied private dwellings, (RC, TALB, SA2, Health), 2013, 2018, and 2023 Censuses",I,2023,2023,13,Canterbury Region,777,Total stated - weekly rent paid by household,99,Total - total household income,3,Three or more family household (with or without other people),66,,,
DATAFLOW,STATSNZ:CEN23_HOU_022(1.0),"Weekly rent paid by household, total household income, and household composition for households in rented occupied private dwellings, (RC, TALB, SA2, Health), 2013, 2018, and 2023 Censuses",I,2023,2023,18,Marlborough Region,777,Total stated - weekly rent paid by household,99,Total - total household income,77,Total stated - household composition,4362,,,
DATAFLOW,STATSNZ:CEN23_HOU_022(1.0),"Weekly rent paid by household, total household income, and household composition for households in rented occupied private dwellings, (RC, TALB, SA2, Health), 2013, 2018, and 2023 Censuses",I,2023,2023,08,Manawatū-Whanganui Region,99,Not elsewhere included,99,Total - total household income,4,Other multi-person household,33,,,
DATAFLOW,STATSNZ:CEN23_HOU_022(1.0),"Weekly rent paid by household, total household income, and household composition for households in rented occupied private dwellings, (RC, TALB, SA2, Health), 2013, 2018, and 2023 Censuses",I,2023,2023,05,Gisborne Region,04,$400 - $499,99,Total - total household income,4,Other multi-person household,69,,,
DATAFLOW,STATSNZ:CEN23_HOU_022(1.0),"Weekly rent paid by household, total household income, and household composition for households in rented occupied private dwellings, (RC, TALB, SA2, Health), 2013, 2018, and 2023 Censuses",I,2023,2023,9999,Total - New Zealand by regional council,07,$700 - $799,99,Total - total household income,5,One-person household,2094,,,
DATAFLOW,STATSNZ:CEN23_HOU_022(1.0),"Weekly rent paid by household, total household income, and household composition for households in rented occupied private dwellings, (RC, TALB, SA2, Health), 2013, 2018, and 2023 Censuses",I,2023,2023,15,Southland Region,03,$300 - $399,99,Total - total household income,4,Other multi-person household,234,,,
DATAFLOW,STATSNZ:CEN23_HOU_022(1.0),"Weekly rent paid by household, total household income, and household composition for households in rented occupied private dwellings, (RC, TALB, SA2, Health), 2013, 2018, and 2023 Censuses",I,2023,2023,15,Southland Region,05,$500 - $599,99,Total - total household income,2,Two-family household (with or without other people),12,,,
DATAFLOW,STATSNZ:CEN23_HOU_022(1.0),"Weekly rent paid by household, total household income, and household composition for households in rented occupied private dwellings, (RC, TALB, SA2, Health), 2013, 2018, and 2023 Censuses",I,2023,2023,08,Manawatū-Whanganui Region,999,Total - weekly rent paid by household,99,Total - total household income,77,Total stated - household composition,25320,,,
DATAFLOW,STATSNZ:CEN23_HOU_022(1.0),"Weekly rent paid by household, total household income, and household composition for households in rented occupied private dwellings, (RC, TALB, SA2, Health), 2013, 2018, and 2023 Censuses",I,2023,2023,99,Area Outside Region,04,$400 - $499,99,Total - total household income,4,Other multi-person household,,,c,Confidential
DATAFLOW,STATSNZ:CEN23_HOU_022(1.0),"Weekly rent paid by household, total household income, and household composition for households in rented occupied private dwellings, (RC, TALB, SA2, Health), 2013, 2018, and 2023 Censuses",I,2023,2023,9999,Total - New Zealand by regional council,99,Not elsewhere included,99,Total - total household income,6,Household composition unidentifiable,1113,,,
DATAFLOW,STATSNZ:CEN23_HOU_022(1.0),"Weekly rent paid by household, total household income, and household composition for households in rented occupied private dwellings, (RC, TALB, SA2, Health), 2013, 2018, and 2023 Censuses",I,2023,2023,13,Canterbury Region,02,$200 - $299,99,Total - total household income,2,Two-family household (with or without other people),96,,,
DATAFLOW,STATSNZ:CEN23_HOU_022(1.0),"Weekly rent paid by household, total household income, and household composition for households in rented occupied private dwellings, (RC, TALB, SA2, Health), 2013, 2018, and 2023 Censuses",I,2023,2023,07,Taranaki Region,04,$400 - $499,99,Total - total household income,2,Two-family household (with or without other people),66,,,
DATAFLOW,STATSNZ:CEN23_HOU_022(1.0),"Weekly rent paid by household, total household income, and household composition for households in rented occupied private dwellings, (RC, TALB, SA2, Health), 2013, 2018, and 2023 Censuses",I,2023,2023,13,Canterbury Region,01,Under $200,99,Total - total household income,1,One-family household (with or without other people),4251,,,
DATAFLOW,STATSNZ:CEN23_HOU_022(1.0),"Weekly rent paid by household, total household income, and household composition for households in rented occupied private dwellings, (RC, TALB, SA2, Health), 2013, 2018, and 2023 Censuses",I,2023,2023,12,West Coast Region,777,Total stated - weekly rent paid by household,99,Total - total household income,3,Three or more family household (with or without other people),0,,,
DATAFLOW,STATSNZ:CEN23_HOU_022(1.0),"Weekly rent paid by household, total household income, and household composition for households in rented occupied private dwellings, (RC, TALB, SA2, Health), 2013, 2018, and 2023 Censuses",I,2023,2023,14,Otago Region,04,$400 - $499,99,Total - total household income,99,Total - household composition,4611,,,
DATAFLOW,STATSNZ:CEN23_HOU_022(1.0),"Weekly rent paid by household, total household income, and household composition for households in rented occupied private dwellings, (RC, TALB, SA2, Health), 2013, 2018, and 2023 Censuses",I,2023,2023,04,Bay of Plenty Region,999,Total - weekly rent paid by household,99,Total - total household income,4,Other multi-person household,2583,,,
DATAFLOW,STATSNZ:CEN23_HOU_022(1.0),"Weekly rent paid by household, total household income, and household composition for households in rented occupied private dwellings, (RC, TALB, SA2, Health), 2013, 2018, and 2023 Censuses",I,2023,2023,02,Auckland Region,07,$700 - $799,99,Total - total household income,4,Other multi-person household,2295,,,
DATAFLOW,STATSNZ:CEN23_HOU_022(1.0),"Weekly rent paid by household, total household income, and household composition for households in rented occupied private dwellings, (RC, TALB, SA2, Health), 2013, 2018, and 2023 Censuses",I,2023,2023,15,Southland Region,08,$800 and over,99,Total - total household income,6,Household composition unidentifiable,3,,,
DATAFLOW,STATSNZ:CEN23_HOU_022(1.0),"Weekly rent paid by household, total household income, and household composition for households in rented occupied private dwellings, (RC, TALB, SA2, Health), 2013, 2018, and 2023 Censuses",I,2023,2023,05,Gisborne Region,04,$400 - $499,99,Total - total household income,3,Three or more family household (with or without other people),3,,,
DATAFLOW,STATSNZ:CEN23_HOU_022(1.0),"Weekly rent paid by household, total household income, and household composition for households in rented occupied private dwellings, (RC, TALB, SA2, Health), 2013, 2018, and 2023 Censuses",I,2023,2023,03,Waikato Region,99,Not elsewhere included,99,Total - total household income,99,Total - household composition,717,,,
DATAFLOW,STATSNZ:CEN23_HOU_022(1.0),"Weekly rent paid by household, total household income, and household composition for households in rented occupied private dwellings, (RC, TALB, SA2, Health), 2013, 2018, and 2023 Censuses",I,2023,2023,18,Marlborough Region,06,$600 - $699,99,Total - total household income,5,One-person household,15,,,
DATAFLOW,STATSNZ:CEN23_HOU_022(1.0),"Weekly rent paid by household, total household income, and household composition for households in rented occupied private dwellings, (RC, TALB, SA2, Health), 2013, 2018, and 2023 Censuses",I,2023,2023,05,Gisborne Region,08,$800 and over,99,Total - total household income,5,One-person household,18,,,
DATAFLOW,STATSNZ:CEN23_HOU_022(1.0),"Weekly rent paid by household, total household income, and household composition for households in rented occupied private dwellings, (RC, TALB, SA2, Health), 2013, 2018, and 2023 Censuses",I,2023,2023,18,Marlborough Region,04,$400 - $499,99,Total - total household income,6,Household composition unidentifiable,51,,,
DATAFLOW,STATSNZ:CEN23_HOU_022(1.0),"Weekly rent paid by household, total household income, and household composition for households in rented occupied private dwellings, (RC, TALB, SA2, Health), 2013, 2018, and 2023 Censuses",I,2023,2023,02,Auckland Region,06,$600 - $699,99,Total - total household income,2,Two-family household (with or without other people),1926,,,
DATAFLOW,STATSNZ:CEN23_HOU_022(1.0),"Weekly rent paid by household, total household income, and household composition for households in rented occupied private dwellings, (RC, TALB, SA2, Health), 2013, 2018, and 2023 Censuses",I,2023,2023,04,Bay of Plenty Region,99,Not elsewhere included,99,Total - total household income,4,Other multi-person household,21,,,
DATAFLOW,STATSNZ:CEN23_HOU_022(1.0),"Weekly rent paid by household, total household income, and household composition for households in rented occupied private dwellings, (RC, TALB, SA2, Health), 2013, 2018, and 2023 Censuses",I,2023,2023,08,Manawatū-Whanganui Region,02,$200 - $299,99,Total - total household income,2,Two-family household (with or without other people),66,,,
DATAFLOW,STATSNZ:CEN23_HOU_022(1.0),"Weekly rent paid by household, total household income, and household composition for households in rented occupied private dwellings, (RC, TALB, SA2, Health), 2013, 2018, and 2023 Censuses",I,2023,2023,09,Wellington Region,04,$400 - $499,99,Total - total household income,77,Total stated - household composition,8943,,,
DATAFLOW,STATSNZ:CEN23_HOU_022(1.0),"Weekly rent paid by household, total household income, and household composition for households in rented occupied private dwellings, (RC, TALB, SA2, Health), 2013, 2018, and 2023 Censuses",I,2023,2023,06,Hawke's Bay Region,01,Under $200,99,Total - total household income,5,One-person household,1590,,,
DATAFLOW,STATSNZ:CEN23_HOU_022(1.0),"Weekly rent paid by household, total household income, and household composition for households in rented occupied private dwellings, (RC, TALB, SA2, Health), 2013, 2018, and 2023 Censuses",I,2023,2023,08,Manawatū-Whanganui Region,01,Under $200,99,Total - total household income,5,One-person household,2865,,,
DATAFLOW,STATSNZ:CEN23_HOU_022(1.0),"Weekly rent paid by household, total household income, and household composition for households in rented occupied private dwellings, (RC, TALB, SA2, Health), 2013, 2018, and 2023 Censuses",I,2023,2023,12,West Coast Region,04,$400 - $499,99,Total - total household income,99,Total - household composition,234,,,
DATAFLOW,STATSNZ:CEN23_HOU_022(1.0),"Weekly rent paid by household, total household income, and household composition for households in rented occupied private dwellings, (RC, TALB, SA2, Health), 2013, 2018, and 2023 Censuses",I,2023,2023,17,Nelson Region,02,$200 - $299,99,Total - total household income,4,Other multi-person household,33,,,
DATAFLOW,STATSNZ:CEN23_HOU_022(1.0),"Weekly rent paid by household, total household income, and household composition for households in rented occupied private dwellings, (RC, TALB, SA2, Health), 2013, 2018, and 2023 Censuses",I,2023,2023,99,Area Outside Region,999,Total - weekly rent paid by household,99,Total - total household income,5,One-person household,21,,,
DATAFLOW,STATSNZ:CEN23_HOU_022(1.0),"Weekly rent paid by household, total household income, and household composition for households in rented occupied private dwellings, (RC, TALB, SA2, Health), 2013, 2018, and 2023 Censuses",I,2023,2023,9999,Total - New Zealand by regional council,07,$700 - $799,99,Total - total household income,4,Other multi-person household,4917,,,
DATAFLOW,STATSNZ:CEN23_HOU_022(1.0),"Weekly rent paid by household, total household income, and household composition for households in rented occupied private dwellings, (RC, TALB, SA2, Health), 2013, 2018, and 2023 Censuses",I,2023,2023,04,Bay of Plenty Region,999,Total - weekly rent paid by household,99,Total - total household income,5,One-person household,7242,,,
DATAFLOW,STATSNZ:CEN23_HOU_022(1.0),"Weekly rent paid by household, total household income, and household composition for households in rented occupied private dwellings, (RC, TALB, SA2, Health), 2013, 2018, and 2023 Censuses",I,2023,2023,9999,Total - New Zealand by regional council,05,$500 - $599,99,Total - total household income,99,Total - household composition,99042,,,
DATAFLOW,STATSNZ:CEN23_HOU_022(1.0),"Weekly rent paid by household, total household income, and household composition for households in rented occupied private dwellings, (RC, TALB, SA2, Health), 2013, 2018, and 2023 Censuses",I,2023,2023,16,Tasman Region,01,Under $200,99,Total - total household income,2,Two-family household (with or without other people),6,,,
DATAFLOW,STATSNZ:CEN23_HOU_022(1.0),"Weekly rent paid by household, total household income, and household composition for households in rented occupied private dwellings, (RC, TALB, SA2, Health), 2013, 2018, and 2023 Censuses",I,2023,2023,15,Southland Region,08,$800 and over,99,Total - total household income,99,Total - household composition,48,,,
DATAFLOW,STATSNZ:CEN23_HOU_022(1.0),"Weekly rent paid by household, total household income, and household composition for households in rented occupied private dwellings, (RC, TALB, SA2, Health), 2013, 2018, and 2023 Censuses",I,2023,2023,15,Southland Region,99,Not elsewhere included,99,Total - total household income,5,One-person household,93,,,
DATAFLOW,STATSNZ:CEN23_HOU_022(1.0),"Weekly rent paid by household, total household income, and household composition for households in rented occupied private dwellings, (RC, TALB, SA2, Health), 2013, 2018, and 2023 Censuses",I,2023,2023,12,West Coast Region,06,$600 - $699,99,Total - total household income,2,Two-family household (with or without other people),0,,,
DATAFLOW,STATSNZ:CEN23_HOU_022(1.0),"Weekly rent paid by household, total household income, and household composition for households in rented occupied private dwellings, (RC, TALB, SA2, Health), 2013, 2018, and 2023 Censuses",I,2023,2023,08,Manawatū-Whanganui Region,01,Under $200,99,Total - total household income,1,One-family household (with or without other people),2013,,,
DATAFLOW,STATSNZ:CEN23_HOU_022(1.0),"Weekly rent paid by household, total household income, and household composition for households in rented occupied private dwellings, (RC, TALB, SA2, Health), 2013, 2018, and 2023 Censuses",I,2023,2023,16,Tasman Region,05,$500 - $599,99,Total - total household income,1,One-family household (with or without other people),582,,,
DATAFLOW,STATSNZ:CEN23_HOU_022(1.0),"Weekly rent paid by household, total household income, and household composition for households in rented occupied private dwellings, (RC, TALB, SA2, Health), 2013, 2018, and 2023 Censuses",I,2023,2023,14,Otago Region,777,Total stated - weekly rent paid by household,99,Total - total household income,2,Two-family household (with or without other people),579,,,
DATAFLOW,STATSNZ:CEN23_HOU_022(1.0),"Weekly rent paid by household, total household income, and household composition for households in rented occupied private dwellings, (RC, TALB, SA2, Health), 2013, 2018, and 2023 Censuses",I,2023,2023,13,Canterbury Region,03,$300 - $399,99,Total - total household income,1,One-family household (with or without other people),8103,,,
DATAFLOW,STATSNZ:CEN23_HOU_022(1.0),"Weekly rent paid by household, total household income, and household composition for households in rented occupied private dwellings, (RC, TALB, SA2, Health), 2013, 2018, and 2023 Censuses",I,2023,2023,16,Tasman Region,08,$800 and over,99,Total - total household income,77,Total stated - household composition,36,,,
DATAFLOW,STATSNZ:CEN23_HOU_022(1.0),"Weekly rent paid by household, total household income, and household composition for households in rented occupied private dwellings, (RC, TALB, SA2, Health), 2013, 2018, and 2023 Censuses",I,2023,2023,12,West Coast Region,04,$400 - $499,99,Total - total household income,4,Other multi-person household,21,,,
DATAFLOW,STATSNZ:CEN23_HOU_022(1.0),"Weekly rent paid by household, total household income, and household composition for households in rented occupied private dwellings, (RC, TALB, SA2, Health), 2013, 2018, and 2023 Censuses",I,2023,2023,09,Wellington Region,03,$300 - $399,99,Total - total household income,5,One-person household,3120,,,
DATAFLOW,STATSNZ:CEN23_HOU_022(1.0),"Weekly rent paid by household, total household income, and household composition for households in rented occupied private dwellings, (RC, TALB, SA2, Health), 2013, 2018, and 2023 Censuses",I,2023,2023,17,Nelson Region,05,$500 - $599,99,Total - total household income,1,One-family household (with or without other people),867,,,
DATAFLOW,STATSNZ:CEN23_HOU_022(1.0),"Weekly rent paid by household, total household income, and household composition for households in rented occupied private dwellings, (RC, TALB, SA2, Health), 2013, 2018, and 2023 Censuses",I,2023,2023,17,Nelson Region,999,Total - weekly rent paid by household,99,Total - total household income,2,Two-family household (with or without other people),126,,,
DATAFLOW,STATSNZ:CEN23_HOU_022(1.0),"Weekly rent paid by household, total household income, and household composition for households in rented occupied private dwellings, (RC, TALB, SA2, Health), 2013, 2018, and 2023 Censuses",I,2023,2023,13,Canterbury Region,02,$200 - $299,99,Total - total household income,4,Other multi-person household,576,,,
DATAFLOW,STATSNZ:CEN23_HOU_022(1.0),"Weekly rent paid by household, total household income, and household composition for households in rented occupied private dwellings, (RC, TALB, SA2, Health), 2013, 2018, and 2023 Censuses",I,2023,2023,17,Nelson Region,03,$300 - $399,99,Total - total household income,5,One-person household,417,,,
DATAFLOW,STATSNZ:CEN23_HOU_022(1.0),"Weekly rent paid by household, total household income, and household composition for households in rented occupied private dwellings, (RC, TALB, SA2, Health), 2013, 2018, and 2023 Censuses",I,2023,2023,13,Canterbury Region,999,Total - weekly rent paid by household,99,Total - total household income,4,Other multi-person household,8076,,,
DATAFLOW,STATSNZ:CEN23_HOU_022(1.0),"Weekly rent paid by household, total household income, and household composition for households in rented occupied private dwellings, (RC, TALB, SA2, Health), 2013, 2018, and 2023 Censuses",I,2023,2023,18,Marlborough Region,05,$500 - $599,99,Total - total household income,99,Total - household composition,720,,,
DATAFLOW,STATSNZ:CEN23_HOU_022(1.0),"Weekly rent paid by household, total household income, and household composition for households in rented occupied private dwellings, (RC, TALB, SA2, Health), 2013, 2018, and 2023 Censuses",I,2023,2023,03,Waikato Region,05,$500 - $599,99,Total - total household income,2,Two-family household (with or without other people),444,,,
DATAFLOW,STATSNZ:CEN23_HOU_022(1.0),"Weekly rent paid by household, total household income, and household composition for households in rented occupied private dwellings, (RC, TALB, SA2, Health), 2013, 2018, and 2023 Censuses",I,2023,2023,06,Hawke's Bay Region,03,$300 - $399,99,Total - total household income,1,One-family household (with or without other people),1446,,,
DATAFLOW,STATSNZ:CEN23_HOU_022(1.0),"Weekly rent paid by household, total household income, and household composition for households in rented occupied private dwellings, (RC, TALB, SA2, Health), 2013, 2018, and 2023 Censuses",I,2023,2023,9999,Total - New Zealand by regional council,04,$400 - $499,99,Total - total household income,3,Three or more family household (with or without other people),144,,,
DATAFLOW,STATSNZ:CEN23_HOU_022(1.0),"Weekly rent paid by household, total household income, and household composition for households in rented occupied private dwellings, (RC, TALB, SA2, Health), 2013, 2018, and 2023 Censuses",I,2023,2023,07,Taranaki Region,999,Total - weekly rent paid by household,99,Total - total household income,4,Other multi-person household,882,,,
DATAFLOW,STATSNZ:CEN23_HOU_022(1.0),"Weekly rent paid by household, total household income, and household composition for households in rented occupied private dwellings, (RC, TALB, SA2, Health), 2013, 2018, and 2023 Censuses",I,2023,2023,12,West Coast Region,02,$200 - $299,99,Total - total household income,77,Total stated - household composition,768,,,
DATAFLOW,STATSNZ:CEN23_HOU_022(1.0),"Weekly rent paid by household, total household income, and household composition for households in rented occupied private dwellings, (RC, TALB, SA2, Health), 2013, 2018, and 2023 Censuses",I,2023,2023,06,Hawke's Bay Region,07,$700 - $799,99,Total - total household income,77,Total stated - household composition,417,,,
DATAFLOW,STATSNZ:CEN23_HOU_022(1.0),"Weekly rent paid by household, total household income, and household composition for households in rented occupied private dwellings, (RC, TALB, SA2, Health), 2013, 2018, and 2023 Censuses",I,2023,2023,05,Gisborne Region,01,Under $200,99,Total - total household income,2,Two-family household (with or without other people),96,,,
DATAFLOW,STATSNZ:CEN23_HOU_022(1.0),"Weekly rent paid by household, total household income, and household composition for households in rented occupied private dwellings, (RC, TALB, SA2, Health), 2013, 2018, and 2023 Censuses",I,2023,2023,01,Northland Region,01,Under $200,99,Total - total household income,6,Household composition unidentifiable,483,,,
DATAFLOW,STATSNZ:CEN23_HOU_022(1.0),"Weekly rent paid by household, total household income, and household composition for households in rented occupied private dwellings, (RC, TALB, SA2, Health), 2013, 2018, and 2023 Censuses",I,2023,2023,09,Wellington Region,06,$600 - $699,99,Total - total household income,4,Other multi-person household,1245,,,
DATAFLOW,STATSNZ:CEN23_HOU_022(1.0),"Weekly rent paid by household, total household income, and household composition for households in rented occupied private dwellings, (RC, TALB, SA2, Health), 2013, 2018, and 2023 Censuses",I,2023,2023,01,Northland Region,999,Total - weekly rent paid by household,99,Total - total household income,4,Other multi-person household,1173,,,
DATAFLOW,STATSNZ:CEN23_HOU_022(1.0),"Weekly rent paid by household, total household income, and household composition for households in rented occupied private dwellings, (RC, TALB, SA2, Health), 2013, 2018, and 2023 Censuses",I,2023,2023,18,Marlborough Region,02,$200 - $299,99,Total - total household income,4,Other multi-person household,33,,,
DATAFLOW,STATSNZ:CEN23_HOU_022(1.0),"Weekly rent paid by household, total household income, and household composition for households in rented occupied private dwellings, (RC, TALB, SA2, Health), 2013, 2018, and 2023 Censuses",I,2023,2023,13,Canterbury Region,08,$800 and over,99,Total - total household income,1,One-family household (with or without other people),501,,,
DATAFLOW,STATSNZ:CEN23_HOU_022(1.0),"Weekly rent paid by household, total household income, and household composition for households in rented occupied private dwellings, (RC, TALB, SA2, Health), 2013, 2018, and 2023 Censuses",I,2023,2023,15,Southland Region,999,Total - weekly rent paid by household,99,Total - total household income,77,Total stated - household composition,9516,,,
DATAFLOW,STATSNZ:CEN23_HOU_022(1.0),"Weekly rent paid by household, total household income, and household composition for households in rented occupied private dwellings, (RC, TALB, SA2, Health), 2013, 2018, and 2023 Censuses",I,2023,2023,01,Northland Region,999,Total - weekly rent paid by household,99,Total - total household income,77,Total stated - household composition,16167,,,
DATAFLOW,STATSNZ:CEN23_HOU_022(1.0),"Weekly rent paid by household, total household income, and household composition for households in rented occupied private dwellings, (RC, TALB, SA2, Health), 2013, 2018, and 2023 Censuses",I,2023,2023,18,Marlborough Region,08,$800 and over,99,Total - total household income,2,Two-family household (with or without other people),3,,,
DATAFLOW,STATSNZ:CEN23_HOU_022(1.0),"Weekly rent paid by household, total household income, and household composition for households in rented occupied private dwellings, (RC, TALB, SA2, Health), 2013, 2018, and 2023 Censuses",I,2023,2023,05,Gisborne Region,99,Not elsewhere included,99,Total - total household income,4,Other multi-person household,6,,,
DATAFLOW,STATSNZ:CEN23_HOU_022(1.0),"Weekly rent paid by household, total household income, and household composition for households in rented occupied private dwellings, (RC, TALB, SA2, Health), 2013, 2018, and 2023 Censuses",I,2023,2023,18,Marlborough Region,08,$800 and over,99,Total - total household income,3,Three or more family household (with or without other people),0,,,
DATAFLOW,STATSNZ:CEN23_HOU_022(1.0),"Weekly rent paid by household, total household income, and household composition for households in rented occupied private dwellings, (RC, TALB, SA2, Health), 2013, 2018, and 2023 Censuses",I,2023,2023,13,Canterbury Region,99,Not elsewhere included,99,Total - total household income,6,Household composition unidentifiable,93,,,
DATAFLOW,STATSNZ:CEN23_HOU_022(1.0),"Weekly rent paid by household, total household income, and household composition for households in rented occupied private dwellings, (RC, TALB, SA2, Health), 2013, 2018, and 2023 Censuses",I,2023,2023,04,Bay of Plenty Region,05,$500 - $599,99,Total - total household income,99,Total - household composition,6912,,,
DATAFLOW,STATSNZ:CEN23_HOU_022(1.0),"Weekly rent paid by household, total household income, and household composition for households in rented occupied private dwellings, (RC, TALB, SA2, Health), 2013, 2018, and 2023 Censuses",I,2023,2023,04,Bay of Plenty Region,05,$500 - $599,99,Total - total household income,1,One-family household (with or without other people),4722,,,
DATAFLOW,STATSNZ:CEN23_HOU_022(1.0),"Weekly rent paid by household, total household income, and household composition for households in rented occupied private dwellings, (RC, TALB, SA2, Health), 2013, 2018, and 2023 Censuses",I,2023,2023,16,Tasman Region,08,$800 and over,99,Total - total household income,4,Other multi-person household,3,,,
DATAFLOW,STATSNZ:CEN23_HOU_022(1.0),"Weekly rent paid by household, total household income, and household composition for households in rented occupied private dwellings, (RC, TALB, SA2, Health), 2013, 2018, and 2023 Censuses",I,2023,2023,07,Taranaki Region,01,Under $200,99,Total - total household income,99,Total - household composition,2277,,,
DATAFLOW,STATSNZ:CEN23_HOU_022(1.0),"Weekly rent paid by household, total household income, and household composition for households in rented occupied private dwellings, (RC, TALB, SA2, Health), 2013, 2018, and 2023 Censuses",I,2023,2023,9999,Total - New Zealand by regional council,01,Under $200,99,Total - total household income,6,Household composition unidentifiable,7878,,,
DATAFLOW,STATSNZ:CEN23_HOU_022(1.0),"Weekly rent paid by household, total household income, and household composition for households in rented occupied private dwellings, (RC, TALB, SA2, Health), 2013, 2018, and 2023 Censuses",I,2023,2023,12,West Coast Region,03,$300 - $399,99,Total - total household income,1,One-family household (with or without other people),486,,,
DATAFLOW,STATSNZ:CEN23_HOU_022(1.0),"Weekly rent paid by household, total household income, and household composition for households in rented occupied private dwellings, (RC, TALB, SA2, Health), 2013, 2018, and 2023 Censuses",I,2023,2023,08,Manawatū-Whanganui Region,07,$700 - $799,99,Total - total household income,4,Other multi-person household,66,,,
DATAFLOW,STATSNZ:CEN23_HOU_022(1.0),"Weekly rent paid by household, total household income, and household composition for households in rented occupied private dwellings, (RC, TALB, SA2, Health), 2013, 2018, and 2023 Censuses",I,2023,2023,02,Auckland Region,03,$300 - $399,99,Total - total household income,99,Total - household composition,16734,,,
DATAFLOW,STATSNZ:CEN23_HOU_022(1.0),"Weekly rent paid by household, total household income, and household composition for households in rented occupied private dwellings, (RC, TALB, SA2, Health), 2013, 2018, and 2023 Censuses",I,2023,2023,18,Marlborough Region,08,$800 and over,99,Total - total household income,77,Total stated - household composition,39,,,
DATAFLOW,STATSNZ:CEN23_HOU_022(1.0),"Weekly rent paid by household, total household income, and household composition for households in rented occupied private dwellings, (RC, TALB, SA2, Health), 2013, 2018, and 2023 Censuses",I,2023,2023,13,Canterbury Region,999,Total - weekly rent paid by household,99,Total - total household income,1,One-family household (with or without other people),39108,,,
DATAFLOW,STATSNZ:CEN23_HOU_022(1.0),"Weekly rent paid by household, total household income, and household composition for households in rented occupied private dwellings, (RC, TALB, SA2, Health), 2013, 2018, and 2023 Censuses",I,2023,2023,12,West Coast Region,777,Total stated - weekly rent paid by household,99,Total - total household income,4,Other multi-person household,213,,,
DATAFLOW,STATSNZ:CEN23_HOU_022(1.0),"Weekly rent paid by household, total household income, and household composition for households in rented occupied private dwellings, (RC, TALB, SA2, Health), 2013, 2018, and 2023 Censuses",I,2023,2023,02,Auckland Region,99,Not elsewhere included,99,Total - total household income,3,Three or more family household (with or without other people),6,,,
DATAFLOW,STATSNZ:CEN23_HOU_022(1.0),"Weekly rent paid by household, total household income, and household composition for households in rented occupied private dwellings, (RC, TALB, SA2, Health), 2013, 2018, and 2023 Censuses",I,2023,2023,13,Canterbury Region,999,Total - weekly rent paid by household,99,Total - total household income,2,Two-family household (with or without other people),1617,,,
DATAFLOW,STATSNZ:CEN23_HOU_022(1.0),"Weekly rent paid by household, total household income, and household composition for households in rented occupied private dwellings, (RC, TALB, SA2, Health), 2013, 2018, and 2023 Censuses",I,2023,2023,14,Otago Region,999,Total - weekly rent paid by household,99,Total - total household income,4,Other multi-person household,4791,,,
DATAFLOW,STATSNZ:CEN23_HOU_022(1.0),"Weekly rent paid by household, total household income, and household composition for households in rented occupied private dwellings, (RC, TALB, SA2, Health), 2013, 2018, and 2023 Censuses",I,2023,2023,07,Taranaki Region,02,$200 - $299,99,Total - total household income,77,Total stated - household composition,1941,,,
DATAFLOW,STATSNZ:CEN23_HOU_022(1.0),"Weekly rent paid by household, total household income, and household composition for households in rented occupied private dwellings, (RC, TALB, SA2, Health), 2013, 2018, and 2023 Censuses",I,2023,2023,04,Bay of Plenty Region,06,$600 - $699,99,Total - total household income,99,Total - household composition,5349,,,
DATAFLOW,STATSNZ:CEN23_HOU_022(1.0),"Weekly rent paid by household, total household income, and household composition for households in rented occupied private dwellings, (RC, TALB, SA2, Health), 2013, 2018, and 2023 Censuses",I,2023,2023,08,Manawatū-Whanganui Region,03,$300 - $399,99,Total - total household income,77,Total stated - household composition,5493,,,
DATAFLOW,STATSNZ:CEN23_HOU_022(1.0),"Weekly rent paid by household, total household income, and household composition for households in rented occupied private dwellings, (RC, TALB, SA2, Health), 2013, 2018, and 2023 Censuses",I,2023,2023,03,Waikato Region,01,Under $200,99,Total - total household income,1,One-family household (with or without other people),3423,,,
DATAFLOW,STATSNZ:CEN23_HOU_022(1.0),"Weekly rent paid by household, total household income, and household composition for households in rented occupied private dwellings, (RC, TALB, SA2, Health), 2013, 2018, and 2023 Censuses",I,2023,2023,12,West Coast Region,07,$700 - $799,99,Total - total household income,2,Two-family household (with or without other people),0,,,
DATAFLOW,STATSNZ:CEN23_HOU_022(1.0),"Weekly rent paid by household, total household income, and household composition for households in rented occupied private dwellings, (RC, TALB, SA2, Health), 2013, 2018, and 2023 Censuses",I,2023,2023,16,Tasman Region,999,Total - weekly rent paid by household,99,Total - total household income,99,Total - household composition,4434,,,
DATAFLOW,STATSNZ:CEN23_HOU_022(1.0),"Weekly rent paid by household, total household income, and household composition for households in rented occupied private dwellings, (RC, TALB, SA2, Health), 2013, 2018, and 2023 Censuses",I,2023,2023,07,Taranaki Region,06,$600 - $699,99,Total - total household income,99,Total - household composition,609,,,
DATAFLOW,STATSNZ:CEN23_HOU_022(1.0),"Weekly rent paid by household, total household income, and household composition for households in rented occupied private dwellings, (RC, TALB, SA2, Health), 2013, 2018, and 2023 Censuses",I,2023,2023,01,Northland Region,777,Total stated - weekly rent paid by household,99,Total - total household income,77,Total stated - household composition,15843,,,
DATAFLOW,STATSNZ:CEN23_HOU_022(1.0),"Weekly rent paid by household, total household income, and household composition for households in rented occupied private dwellings, (RC, TALB, SA2, Health), 2013, 2018, and 2023 Censuses",I,2023,2023,15,Southland Region,07,$700 - $799,99,Total - total household income,3,Three or more family household (with or without other people),0,,,
DATAFLOW,STATSNZ:CEN23_HOU_022(1.0),"Weekly rent paid by household, total household income, and household composition for households in rented occupied private dwellings, (RC, TALB, SA2, Health), 2013, 2018, and 2023 Censuses",I,2023,2023,05,Gisborne Region,999,Total - weekly rent paid by household,99,Total - total household income,3,Three or more family household (with or without other people),27,,,
DATAFLOW,STATSNZ:CEN23_HOU_022(1.0),"Weekly rent paid by household, total household income, and household composition for households in rented occupied private dwellings, (RC, TALB, SA2, Health), 2013, 2018, and 2023 Censuses",I,2023,2023,02,Auckland Region,01,Under $200,99,Total - total household income,99,Total - household composition,28113,,,
DATAFLOW,STATSNZ:CEN23_HOU_022(1.0),"Weekly rent paid by household, total household income, and household composition for households in rented occupied private dwellings, (RC, TALB, SA2, Health), 2013, 2018, and 2023 Censuses",I,2023,2023,04,Bay of Plenty Region,07,$700 - $799,99,Total - total household income,1,One-family household (with or without other people),1176,,,
DATAFLOW,STATSNZ:CEN23_HOU_022(1.0),"Weekly rent paid by household, total household income, and household composition for households in rented occupied private dwellings, (RC, TALB, SA2, Health), 2013, 2018, and 2023 Censuses",I,2023,2023,15,Southland Region,04,$400 - $499,99,Total - total household income,1,One-family household (with or without other people),1263,,,
DATAFLOW,STATSNZ:CEN23_HOU_022(1.0),"Weekly rent paid by household, total household income, and household composition for households in rented occupied private dwellings, (RC, TALB, SA2, Health), 2013, 2018, and 2023 Censuses",I,2023,2023,17,Nelson Region,08,$800 and over,99,Total - total household income,5,One-person household,15,,,
DATAFLOW,STATSNZ:CEN23_HOU_022(1.0),"Weekly rent paid by household, total household income, and household composition for households in rented occupied private dwellings, (RC, TALB, SA2, Health), 2013, 2018, and 2023 Censuses",I,2023,2023,18,Marlborough Region,07,$700 - $799,99,Total - total household income,3,Three or more family household (with or without other people),0,,,
DATAFLOW,STATSNZ:CEN23_HOU_022(1.0),"Weekly rent paid by household, total household income, and household composition for households in rented occupied private dwellings, (RC, TALB, SA2, Health), 2013, 2018, and 2023 Censuses",I,2023,2023,99,Area Outside Region,777,Total stated - weekly rent paid by household,99,Total - total household income,3,Three or more family household (with or without other people),,,c,Confidential
DATAFLOW,STATSNZ:CEN23_HOU_022(1.0),"Weekly rent paid by household, total household income, and household composition for households in rented occupied private dwellings, (RC, TALB, SA2, Health), 2013, 2018, and 2023 Censuses",I,2023,2023,14,Otago Region,04,$400 - $499,99,Total - total household income,2,Two-family household (with or without other people),93,,,
DATAFLOW,STATSNZ:CEN23_HOU_022(1.0),"Weekly rent paid by household, total household income, and household composition for households in rented occupied private dwellings, (RC, TALB, SA2, Health), 2013, 2018, and 2023 Censuses",I,2023,2023,13,Canterbury Region,03,$300 - $399,99,Total - total household income,99,Total - household composition,14568,,,
DATAFLOW,STATSNZ:CEN23_HOU_022(1.0),"Weekly rent paid by household, total household income, and household composition for households in rented occupied private dwellings, (RC, TALB, SA2, Health), 2013, 2018, and 2023 Censuses",I,2023,2023,15,Southland Region,07,$700 - $799,99,Total - total household income,1,One-family household (with or without other people),6,,,
DATAFLOW,STATSNZ:CEN23_HOU_022(1.0),"Weekly rent paid by household, total household income, and household composition for households in rented occupied private dwellings, (RC, TALB, SA2, Health), 2013, 2018, and 2023 Censuses",I,2023,2023,08,Manawatū-Whanganui Region,08,$800 and over,99,Total - total household income,4,Other multi-person household,69,,,
DATAFLOW,STATSNZ:CEN23_HOU_022(1.0),"Weekly rent paid by household, total household income, and household composition for households in rented occupied private dwellings, (RC, TALB, SA2, Health), 2013, 2018, and 2023 Censuses",I,2023,2023,06,Hawke's Bay Region,04,$400 - $499,99,Total - total household income,99,Total - household composition,3462,,,
DATAFLOW,STATSNZ:CEN23_HOU_022(1.0),"Weekly rent paid by household, total household income, and household composition for households in rented occupied private dwellings, (RC, TALB, SA2, Health), 2013, 2018, and 2023 Censuses",I,2023,2023,99,Area Outside Region,08,$800 and over,99,Total - total household income,99,Total - household composition,0,,,
DATAFLOW,STATSNZ:CEN23_HOU_022(1.0),"Weekly rent paid by household, total household income, and household composition for households in rented occupied private dwellings, (RC, TALB, SA2, Health), 2013, 2018, and 2023 Censuses",I,2023,2023,03,Waikato Region,99,Not elsewhere included,99,Total - total household income,2,Two-family household (with or without other people),15,,,
DATAFLOW,STATSNZ:CEN23_HOU_022(1.0),"Weekly rent paid by household, total household income, and household composition for households in rented occupied private dwellings, (RC, TALB, SA2, Health), 2013, 2018, and 2023 Censuses",I,2023,2023,05,Gisborne Region,05,$500 - $599,99,Total - total household income,4,Other multi-person household,39,,,
DATAFLOW,STATSNZ:CEN23_HOU_022(1.0),"Weekly rent paid by household, total household income, and household composition for households in rented occupied private dwellings, (RC, TALB, SA2, Health), 2013, 2018, and 2023 Censuses",I,2023,2023,12,West Coast Region,07,$700 - $799,99,Total - total household income,77,Total stated - household composition,0,,,
DATAFLOW,STATSNZ:CEN23_HOU_022(1.0),"Weekly rent paid by household, total household income, and household composition for households in rented occupied private dwellings, (RC, TALB, SA2, Health), 2013, 2018, and 2023 Censuses",I,2023,2023,05,Gisborne Region,99,Not elsewhere included,99,Total - total household income,5,One-person household,42,,,
DATAFLOW,STATSNZ:CEN23_HOU_022(1.0),"Weekly rent paid by household, total household income, and household composition for households in rented occupied private dwellings, (RC, TALB, SA2, Health), 2013, 2018, and 2023 Censuses",I,2023,2023,09,Wellington Region,05,$500 - $599,99,Total - total household income,6,Household composition unidentifiable,588,,,
DATAFLOW,STATSNZ:CEN23_HOU_022(1.0),"Weekly rent paid by household, total household income, and household composition for households in rented occupied private dwellings, (RC, TALB, SA2, Health), 2013, 2018, and 2023 Censuses",I,2023,2023,07,Taranaki Region,07,$700 - $799,99,Total - total household income,6,Household composition unidentifiable,12,,,
DATAFLOW,STATSNZ:CEN23_HOU_022(1.0),"Weekly rent paid by household, total household income, and household composition for households in rented occupied private dwellings, (RC, TALB, SA2, Health), 2013, 2018, and 2023 Censuses",I,2023,2023,14,Otago Region,01,Under $200,99,Total - total household income,6,Household composition unidentifiable,219,,,
DATAFLOW,STATSNZ:CEN23_HOU_022(1.0),"Weekly rent paid by household, total household income, and household composition for households in rented occupied private dwellings, (RC, TALB, SA2, Health), 2013, 2018, and 2023 Censuses",I,2023,2023,15,Southland Region,07,$700 - $799,99,Total - total household income,2,Two-family household (with or without other people),0,,,
DATAFLOW,STATSNZ:CEN23_HOU_022(1.0),"Weekly rent paid by household, total household income, and household composition for households in rented occupied private dwellings, (RC, TALB, SA2, Health), 2013, 2018, and 2023 Censuses",I,2023,2023,16,Tasman Region,99,Not elsewhere included,99,Total - total household income,4,Other multi-person household,9,,,
DATAFLOW,STATSNZ:CEN23_HOU_022(1.0),"Weekly rent paid by household, total household income, and household composition for households in rented occupied private dwellings, (RC, TALB, SA2, Health), 2013, 2018, and 2023 Censuses",I,2023,2023,15,Southland Region,04,$400 - $499,99,Total - total household income,3,Three or more family household (with or without other people),0,,,
DATAFLOW,STATSNZ:CEN23_HOU_022(1.0),"Weekly rent paid by household, total household income, and household composition for households in rented occupied private dwellings, (RC, TALB, SA2, Health), 2013, 2018, and 2023 Censuses",I,2023,2023,03,Waikato Region,06,$600 - $699,99,Total - total household income,4,Other multi-person household,606,,,
DATAFLOW,STATSNZ:CEN23_HOU_022(1.0),"Weekly rent paid by household, total household income, and household composition for households in rented occupied private dwellings, (RC, TALB, SA2, Health), 2013, 2018, and 2023 Censuses",I,2023,2023,99,Area Outside Region,777,Total stated - weekly rent paid by household,99,Total - total household income,6,Household composition unidentifiable,6,,,
DATAFLOW,STATSNZ:CEN23_HOU_022(1.0),"Weekly rent paid by household, total household income, and household composition for households in rented occupied private dwellings, (RC, TALB, SA2, Health), 2013, 2018, and 2023 Censuses",I,2023,2023,08,Manawatū-Whanganui Region,07,$700 - $799,99,Total - total household income,5,One-person household,18,,,
DATAFLOW,STATSNZ:CEN23_HOU_022(1.0),"Weekly rent paid by household, total household income, and household composition for households in rented occupied private dwellings, (RC, TALB, SA2, Health), 2013, 2018, and 2023 Censuses",I,2023,2023,15,Southland Region,99,Not elsewhere included,99,Total - total household income,77,Total stated - household composition,159,,,
DATAFLOW,STATSNZ:CEN23_HOU_022(1.0),"Weekly rent paid by household, total household income, and household composition for households in rented occupied private dwellings, (RC, TALB, SA2, Health), 2013, 2018, and 2023 Censuses",I,2023,2023,03,Waikato Region,06,$600 - $699,99,Total - total household income,99,Total - household composition,4917,,,
DATAFLOW,STATSNZ:CEN23_HOU_022(1.0),"Weekly rent paid by household, total household income, and household composition for households in rented occupied private dwellings, (RC, TALB, SA2, Health), 2013, 2018, and 2023 Censuses",I,2023,2023,13,Canterbury Region,02,$200 - $299,99,Total - total household income,6,Household composition unidentifiable,426,,,
DATAFLOW,STATSNZ:CEN23_HOU_022(1.0),"Weekly rent paid by household, total household income, and household composition for households in rented occupied private dwellings, (RC, TALB, SA2, Health), 2013, 2018, and 2023 Censuses",I,2023,2023,13,Canterbury Region,01,Under $200,99,Total - total household income,4,Other multi-person household,1026,,,
DATAFLOW,STATSNZ:CEN23_HOU_022(1.0),"Weekly rent paid by household, total household income, and household composition for households in rented occupied private dwellings, (RC, TALB, SA2, Health), 2013, 2018, and 2023 Censuses",I,2023,2023,18,Marlborough Region,777,Total stated - weekly rent paid by household,99,Total - total household income,3,Three or more family household (with or without other people),6,,,
DATAFLOW,STATSNZ:CEN23_HOU_022(1.0),"Weekly rent paid by household, total household income, and household composition for households in rented occupied private dwellings, (RC, TALB, SA2, Health), 2013, 2018, and 2023 Censuses",I,2023,2023,07,Taranaki Region,05,$500 - $599,99,Total - total household income,5,One-person household,135,,,
DATAFLOW,STATSNZ:CEN23_HOU_022(1.0),"Weekly rent paid by household, total household income, and household composition for households in rented occupied private dwellings, (RC, TALB, SA2, Health), 2013, 2018, and 2023 Censuses",I,2023,2023,14,Otago Region,05,$500 - $599,99,Total - total household income,3,Three or more family household (with or without other people),0,,,
DATAFLOW,STATSNZ:CEN23_HOU_022(1.0),"Weekly rent paid by household, total household income, and household composition for households in rented occupied private dwellings, (RC, TALB, SA2, Health), 2013, 2018, and 2023 Censuses",I,2023,2023,04,Bay of Plenty Region,02,$200 - $299,99,Total - total household income,4,Other multi-person household,222,,,
DATAFLOW,STATSNZ:CEN23_HOU_022(1.0),"Weekly rent paid by household, total household income, and household composition for households in rented occupied private dwellings, (RC, TALB, SA2, Health), 2013, 2018, and 2023 Censuses",I,2023,2023,99,Area Outside Region,999,Total - weekly rent paid by household,99,Total - total household income,4,Other multi-person household,6,,,
DATAFLOW,STATSNZ:CEN23_HOU_022(1.0),"Weekly rent paid by household, total household income, and household composition for households in rented occupied private dwellings, (RC, TALB, SA2, Health), 2013, 2018, and 2023 Censuses",I,2023,2023,12,West Coast Region,05,$500 - $599,99,Total - total household income,4,Other multi-person household,9,,,
DATAFLOW,STATSNZ:CEN23_HOU_022(1.0),"Weekly rent paid by household, total household income, and household composition for households in rented occupied private dwellings, (RC, TALB, SA2, Health), 2013, 2018, and 2023 Censuses",I,2023,2023,14,Otago Region,999,Total - weekly rent paid by household,99,Total - total household income,99,Total - household composition,26337,,,
DATAFLOW,STATSNZ:CEN23_HOU_022(1.0),"Weekly rent paid by household, total household income, and household composition for households in rented occupied private dwellings, (RC, TALB, SA2, Health), 2013, 2018, and 2023 Censuses",I,2023,2023,12,West Coast Region,02,$200 - $299,99,Total - total household income,99,Total - household composition,840,,,
DATAFLOW,STATSNZ:CEN23_HOU_022(1.0),"Weekly rent paid by household, total household income, and household composition for households in rented occupied private dwellings, (RC, TALB, SA2, Health), 2013, 2018, and 2023 Censuses",I,2023,2023,12,West Coast Region,777,Total stated - weekly rent paid by household,99,Total - total household income,2,Two-family household (with or without other people),42,,,
DATAFLOW,STATSNZ:CEN23_HOU_022(1.0),"Weekly rent paid by household, total household income, and household composition for households in rented occupied private dwellings, (RC, TALB, SA2, Health), 2013, 2018, and 2023 Censuses",I,2023,2023,08,Manawatū-Whanganui Region,777,Total stated - weekly rent paid by household,99,Total - total household income,3,Three or more family household (with or without other people),51,,,
DATAFLOW,STATSNZ:CEN23_HOU_022(1.0),"Weekly rent paid by household, total household income, and household composition for households in rented occupied private dwellings, (RC, TALB, SA2, Health), 2013, 2018, and 2023 Censuses",I,2023,2023,13,Canterbury Region,01,Under $200,99,Total - total household income,2,Two-family household (with or without other people),168,,,
DATAFLOW,STATSNZ:CEN23_HOU_022(1.0),"Weekly rent paid by household, total household income, and household composition for households in rented occupied private dwellings, (RC, TALB, SA2, Health), 2013, 2018, and 2023 Censuses",I,2023,2023,16,Tasman Region,07,$700 - $799,99,Total - total household income,2,Two-family household (with or without other people),12,,,
DATAFLOW,STATSNZ:CEN23_HOU_022(1.0),"Weekly rent paid by household, total household income, and household composition for households in rented occupied private dwellings, (RC, TALB, SA2, Health), 2013, 2018, and 2023 Censuses",I,2023,2023,03,Waikato Region,04,$400 - $499,99,Total - total household income,99,Total - household composition,12243,,,
DATAFLOW,STATSNZ:CEN23_HOU_022(1.0),"Weekly rent paid by household, total household income, and household composition for households in rented occupied private dwellings, (RC, TALB, SA2, Health), 2013, 2018, and 2023 Censuses",I,2023,2023,07,Taranaki Region,03,$300 - $399,99,Total - total household income,2,Two-family household (with or without other people),57,,,
DATAFLOW,STATSNZ:CEN23_HOU_022(1.0),"Weekly rent paid by household, total household income, and household composition for households in rented occupied private dwellings, (RC, TALB, SA2, Health), 2013, 2018, and 2023 Censuses",I,2023,2023,13,Canterbury Region,99,Not elsewhere included,99,Total - total household income,5,One-person household,333,,,
DATAFLOW,STATSNZ:CEN23_HOU_022(1.0),"Weekly rent paid by household, total household income, and household composition for households in rented occupied private dwellings, (RC, TALB, SA2, Health), 2013, 2018, and 2023 Censuses",I,2023,2023,07,Taranaki Region,05,$500 - $599,99,Total - total household income,4,Other multi-person household,111,,,
DATAFLOW,STATSNZ:CEN23_HOU_022(1.0),"Weekly rent paid by household, total household income, and household composition for households in rented occupied private dwellings, (RC, TALB, SA2, Health), 2013, 2018, and 2023 Censuses",I,2023,2023,18,Marlborough Region,01,Under $200,99,Total - total household income,3,Three or more family household (with or without other people),0,,,
DATAFLOW,STATSNZ:CEN23_HOU_022(1.0),"Weekly rent paid by household, total household income, and household composition for households in rented occupied private dwellings, (RC, TALB, SA2, Health), 2013, 2018, and 2023 Censuses",I,2023,2023,16,Tasman Region,01,Under $200,99,Total - total household income,1,One-family household (with or without other people),189,,,
DATAFLOW,STATSNZ:CEN23_HOU_022(1.0),"Weekly rent paid by household, total household income, and household composition for households in rented occupied private dwellings, (RC, TALB, SA2, Health), 2013, 2018, and 2023 Censuses",I,2023,2023,04,Bay of Plenty Region,08,$800 and over,99,Total - total household income,2,Two-family household (with or without other people),51,,,
DATAFLOW,STATSNZ:CEN23_HOU_022(1.0),"Weekly rent paid by household, total household income, and household composition for households in rented occupied private dwellings, (RC, TALB, SA2, Health), 2013, 2018, and 2023 Censuses",I,2023,2023,07,Taranaki Region,03,$300 - $399,99,Total - total household income,99,Total - household composition,2751,,,
DATAFLOW,STATSNZ:CEN23_HOU_022(1.0),"Weekly rent paid by household, total household income, and household composition for households in rented occupied private dwellings, (RC, TALB, SA2, Health), 2013, 2018, and 2023 Censuses",I,2023,2023,13,Canterbury Region,05,$500 - $599,99,Total - total household income,5,One-person household,852,,,
DATAFLOW,STATSNZ:CEN23_HOU_022(1.0),"Weekly rent paid by household, total household income, and household composition for households in rented occupied private dwellings, (RC, TALB, SA2, Health), 2013, 2018, and 2023 Censuses",I,2023,2023,08,Manawatū-Whanganui Region,04,$400 - $499,99,Total - total household income,5,One-person household,840,,,
DATAFLOW,STATSNZ:CEN23_HOU_022(1.0),"Weekly rent paid by household, total household income, and household composition for households in rented occupied private dwellings, (RC, TALB, SA2, Health), 2013, 2018, and 2023 Censuses",I,2023,2023,04,Bay of Plenty Region,02,$200 - $299,99,Total - total household income,3,Three or more family household (with or without other people),9,,,
DATAFLOW,STATSNZ:CEN23_HOU_022(1.0),"Weekly rent paid by household, total household income, and household composition for households in rented occupied private dwellings, (RC, TALB, SA2, Health), 2013, 2018, and 2023 Censuses",I,2023,2023,13,Canterbury Region,01,Under $200,99,Total - total household income,3,Three or more family household (with or without other people),3,,,
DATAFLOW,STATSNZ:CEN23_HOU_022(1.0),"Weekly rent paid by household, total household income, and household composition for households in rented occupied private dwellings, (RC, TALB, SA2, Health), 2013, 2018, and 2023 Censuses",I,2023,2023,18,Marlborough Region,999,Total - weekly rent paid by household,99,Total - total household income,3,Three or more family household (with or without other people),6,,,
DATAFLOW,STATSNZ:CEN23_HOU_022(1.0),"Weekly rent paid by household, total household income, and household composition for households in rented occupied private dwellings, (RC, TALB, SA2, Health), 2013, 2018, and 2023 Censuses",I,2023,2023,02,Auckland Region,05,$500 - $599,99,Total - total household income,1,One-family household (with or without other people),29433,,,
DATAFLOW,STATSNZ:CEN23_HOU_022(1.0),"Weekly rent paid by household, total household income, and household composition for households in rented occupied private dwellings, (RC, TALB, SA2, Health), 2013, 2018, and 2023 Censuses",I,2023,2023,05,Gisborne Region,99,Not elsewhere included,99,Total - total household income,6,Household composition unidentifiable,21,,,
DATAFLOW,STATSNZ:CEN23_HOU_022(1.0),"Weekly rent paid by household, total household income, and household composition for households in rented occupied private dwellings, (RC, TALB, SA2, Health), 2013, 2018, and 2023 Censuses",I,2023,2023,05,Gisborne Region,999,Total - weekly rent paid by household,99,Total - total household income,2,Two-family household (with or without other people),309,,,
DATAFLOW,STATSNZ:CEN23_HOU_022(1.0),"Weekly rent paid by household, total household income, and household composition for households in rented occupied private dwellings, (RC, TALB, SA2, Health), 2013, 2018, and 2023 Censuses",I,2023,2023,99,Area Outside Region,999,Total - weekly rent paid by household,99,Total - total household income,1,One-family household (with or without other people),30,,,
DATAFLOW,STATSNZ:CEN23_HOU_022(1.0),"Weekly rent paid by household, total household income, and household composition for households in rented occupied private dwellings, (RC, TALB, SA2, Health), 2013, 2018, and 2023 Censuses",I,2023,2023,05,Gisborne Region,03,$300 - $399,99,Total - total household income,6,Household composition unidentifiable,117,,,
DATAFLOW,STATSNZ:CEN23_HOU_022(1.0),"Weekly rent paid by household, total household income, and household composition for households in rented occupied private dwellings, (RC, TALB, SA2, Health), 2013, 2018, and 2023 Censuses",I,2023,2023,18,Marlborough Region,04,$400 - $499,99,Total - total household income,1,One-family household (with or without other people),828,,,
DATAFLOW,STATSNZ:CEN23_HOU_022(1.0),"Weekly rent paid by household, total household income, and household composition for households in rented occupied private dwellings, (RC, TALB, SA2, Health), 2013, 2018, and 2023 Censuses",I,2023,2023,15,Southland Region,06,$600 - $699,99,Total - total household income,1,One-family household (with or without other people),39,,,
DATAFLOW,STATSNZ:CEN23_HOU_022(1.0),"Weekly rent paid by household, total household income, and household composition for households in rented occupied private dwellings, (RC, TALB, SA2, Health), 2013, 2018, and 2023 Censuses",I,2023,2023,02,Auckland Region,02,$200 - $299,99,Total - total household income,2,Two-family household (with or without other people),552,,,
DATAFLOW,STATSNZ:CEN23_HOU_022(1.0),"Weekly rent paid by household, total household income, and household composition for households in rented occupied private dwellings, (RC, TALB, SA2, Health), 2013, 2018, and 2023 Censuses",I,2023,2023,01,Northland Region,777,Total stated - weekly rent paid by household,99,Total - total household income,99,Total - household composition,17658,,,
DATAFLOW,STATSNZ:CEN23_HOU_022(1.0),"Weekly rent paid by household, total household income, and household composition for households in rented occupied private dwellings, (RC, TALB, SA2, Health), 2013, 2018, and 2023 Censuses",I,2023,2023,09,Wellington Region,01,Under $200,99,Total - total household income,4,Other multi-person household,603,,,
DATAFLOW,STATSNZ:CEN23_HOU_022(1.0),"Weekly rent paid by household, total household income, and household composition for households in rented occupied private dwellings, (RC, TALB, SA2, Health), 2013, 2018, and 2023 Censuses",I,2023,2023,18,Marlborough Region,05,$500 - $599,99,Total - total household income,77,Total stated - household composition,678,,,
DATAFLOW,STATSNZ:CEN23_HOU_022(1.0),"Weekly rent paid by household, total household income, and household composition for households in rented occupied private dwellings, (RC, TALB, SA2, Health), 2013, 2018, and 2023 Censuses",I,2023,2023,06,Hawke's Bay Region,06,$600 - $699,99,Total - total household income,6,Household composition unidentifiable,144,,,
DATAFLOW,STATSNZ:CEN23_HOU_022(1.0),"Weekly rent paid by household, total household income, and household composition for households in rented occupied private dwellings, (RC, TALB, SA2, Health), 2013, 2018, and 2023 Censuses",I,2023,2023,03,Waikato Region,777,Total stated - weekly rent paid by household,99,Total - total household income,3,Three or more family household (with or without other people),90,,,
DATAFLOW,STATSNZ:CEN23_HOU_022(1.0),"Weekly rent paid by household, total household income, and household composition for households in rented occupied private dwellings, (RC, TALB, SA2, Health), 2013, 2018, and 2023 Censuses",I,2023,2023,12,West Coast Region,04,$400 - $499,99,Total - total household income,5,One-person household,36,,,
DATAFLOW,STATSNZ:CEN23_HOU_022(1.0),"Weekly rent paid by household, total household income, and household composition for households in rented occupied private dwellings, (RC, TALB, SA2, Health), 2013, 2018, and 2023 Censuses",I,2023,2023,06,Hawke's Bay Region,05,$500 - $599,99,Total - total household income,99,Total - household composition,2724,,,
DATAFLOW,STATSNZ:CEN23_HOU_022(1.0),"Weekly rent paid by household, total household income, and household composition for households in rented occupied private dwellings, (RC, TALB, SA2, Health), 2013, 2018, and 2023 Censuses",I,2023,2023,18,Marlborough Region,02,$200 - $299,99,Total - total household income,1,One-family household (with or without other people),291,,,
DATAFLOW,STATSNZ:CEN23_HOU_022(1.0),"Weekly rent paid by household, total household income, and household composition for households in rented occupied private dwellings, (RC, TALB, SA2, Health), 2013, 2018, and 2023 Censuses",I,2023,2023,02,Auckland Region,03,$300 - $399,99,Total - total household income,77,Total stated - household composition,15705,,,
DATAFLOW,STATSNZ:CEN23_HOU_022(1.0),"Weekly rent paid by household, total household income, and household composition for households in rented occupied private dwellings, (RC, TALB, SA2, Health), 2013, 2018, and 2023 Censuses",I,2023,2023,02,Auckland Region,01,Under $200,99,Total - total household income,4,Other multi-person household,1731,,,
DATAFLOW,STATSNZ:CEN23_HOU_022(1.0),"Weekly rent paid by household, total household income, and household composition for households in rented occupied private dwellings, (RC, TALB, SA2, Health), 2013, 2018, and 2023 Censuses",I,2023,2023,03,Waikato Region,777,Total stated - weekly rent paid by household,99,Total - total household income,5,One-person household,12168,,,
DATAFLOW,STATSNZ:CEN23_HOU_022(1.0),"Weekly rent paid by household, total household income, and household composition for households in rented occupied private dwellings, (RC, TALB, SA2, Health), 2013, 2018, and 2023 Censuses",I,2023,2023,13,Canterbury Region,777,Total stated - weekly rent paid by household,99,Total - total household income,77,Total stated - household composition,66456,,,
DATAFLOW,STATSNZ:CEN23_HOU_022(1.0),"Weekly rent paid by household, total household income, and household composition for households in rented occupied private dwellings, (RC, TALB, SA2, Health), 2013, 2018, and 2023 Censuses",I,2023,2023,16,Tasman Region,08,$800 and over,99,Total - total household income,2,Two-family household (with or without other people),3,,,
DATAFLOW,STATSNZ:CEN23_HOU_022(1.0),"Weekly rent paid by household, total household income, and household composition for households in rented occupied private dwellings, (RC, TALB, SA2, Health), 2013, 2018, and 2023 Censuses",I,2023,2023,03,Waikato Region,08,$800 and over,99,Total - total household income,99,Total - household composition,744,,,
DATAFLOW,STATSNZ:CEN23_HOU_022(1.0),"Weekly rent paid by household, total household income, and household composition for households in rented occupied private dwellings, (RC, TALB, SA2, Health), 2013, 2018, and 2023 Censuses",I,2023,2023,13,Canterbury Region,08,$800 and over,99,Total - total household income,4,Other multi-person household,684,,,
DATAFLOW,STATSNZ:CEN23_HOU_022(1.0),"Weekly rent paid by household, total household income, and household composition for households in rented occupied private dwellings, (RC, TALB, SA2, Health), 2013, 2018, and 2023 Censuses",I,2023,2023,99,Area Outside Region,05,$500 - $599,99,Total - total household income,77,Total stated - household composition,,,c,Confidential
DATAFLOW,STATSNZ:CEN23_HOU_022(1.0),"Weekly rent paid by household, total household income, and household composition for households in rented occupied private dwellings, (RC, TALB, SA2, Health), 2013, 2018, and 2023 Censuses",I,2023,2023,07,Taranaki Region,777,Total stated - weekly rent paid by household,99,Total - total household income,1,One-family household (with or without other people),6669,,,
DATAFLOW,STATSNZ:CEN23_HOU_022(1.0),"Weekly rent paid by household, total household income, and household composition for households in rented occupied private dwellings, (RC, TALB, SA2, Health), 2013, 2018, and 2023 Censuses",I,2023,2023,16,Tasman Region,999,Total - weekly rent paid by household,99,Total - total household income,77,Total stated - household composition,4098,,,
DATAFLOW,STATSNZ:CEN23_HOU_022(1.0),"Weekly rent paid by household, total household income, and household composition for households in rented occupied private dwellings, (RC, TALB, SA2, Health), 2013, 2018, and 2023 Censuses",I,2023,2023,99,Area Outside Region,777,Total stated - weekly rent paid by household,99,Total - total household income,4,Other multi-person household,,,c,Confidential
DATAFLOW,STATSNZ:CEN23_HOU_022(1.0),"Weekly rent paid by household, total household income, and household composition for households in rented occupied private dwellings, (RC, TALB, SA2, Health), 2013, 2018, and 2023 Censuses",I,2023,2023,09,Wellington Region,08,$800 and over,99,Total - total household income,6,Household composition unidentifiable,405,,,
DATAFLOW,STATSNZ:CEN23_HOU_022(1.0),"Weekly rent paid by household, total household income, and household composition for households in rented occupied private dwellings, (RC, TALB, SA2, Health), 2013, 2018, and 2023 Censuses",I,2023,2023,18,Marlborough Region,99,Not elsewhere included,99,Total - total household income,2,Two-family household (with or without other people),0,,,
DATAFLOW,STATSNZ:CEN23_HOU_022(1.0),"Weekly rent paid by household, total household income, and household composition for households in rented occupied private dwellings, (RC, TALB, SA2, Health), 2013, 2018, and 2023 Censuses",I,2023,2023,15,Southland Region,08,$800 and over,99,Total - total household income,1,One-family household (with or without other people),18,,,
DATAFLOW,STATSNZ:CEN23_HOU_022(1.0),"Weekly rent paid by household, total household income, and household composition for households in rented occupied private dwellings, (RC, TALB, SA2, Health), 2013, 2018, and 2023 Censuses",I,2023,2023,18,Marlborough Region,07,$700 - $799,99,Total - total household income,5,One-person household,6,,,
DATAFLOW,STATSNZ:CEN23_HOU_022(1.0),"Weekly rent paid by household, total household income, and household composition for households in rented occupied private dwellings, (RC, TALB, SA2, Health), 2013, 2018, and 2023 Censuses",I,2023,2023,07,Taranaki Region,04,$400 - $499,99,Total - total household income,4,Other multi-person household,192,,,
DATAFLOW,STATSNZ:CEN23_HOU_022(1.0),"Weekly rent paid by household, total household income, and household composition for households in rented occupied private dwellings, (RC, TALB, SA2, Health), 2013, 2018, and 2023 Censuses",I,2023,2023,05,Gisborne Region,06,$600 - $699,99,Total - total household income,1,One-family household (with or without other people),237,,,
DATAFLOW,STATSNZ:CEN23_HOU_022(1.0),"Weekly rent paid by household, total household income, and household composition for households in rented occupied private dwellings, (RC, TALB, SA2, Health), 2013, 2018, and 2023 Censuses",I,2023,2023,15,Southland Region,02,$200 - $299,99,Total - total household income,3,Three or more family household (with or without other people),0,,,
DATAFLOW,STATSNZ:CEN23_HOU_022(1.0),"Weekly rent paid by household, total household income, and household composition for households in rented occupied private dwellings, (RC, TALB, SA2, Health), 2013, 2018, and 2023 Censuses",I,2023,2023,15,Southland Region,02,$200 - $299,99,Total - total household income,77,Total stated - household composition,2289,,,
DATAFLOW,STATSNZ:CEN23_HOU_022(1.0),"Weekly rent paid by household, total household income, and household composition for households in rented occupied private dwellings, (RC, TALB, SA2, Health), 2013, 2018, and 2023 Censuses",I,2023,2023,99,Area Outside Region,01,Under $200,99,Total - total household income,77,Total stated - household composition,36,,,
DATAFLOW,STATSNZ:CEN23_HOU_022(1.0),"Weekly rent paid by household, total household income, and household composition for households in rented occupied private dwellings, (RC, TALB, SA2, Health), 2013, 2018, and 2023 Censuses",I,2023,2023,16,Tasman Region,08,$800 and over,99,Total - total household income,5,One-person household,3,,,
DATAFLOW,STATSNZ:CEN23_HOU_022(1.0),"Weekly rent paid by household, total household income, and household composition for households in rented occupied private dwellings, (RC, TALB, SA2, Health), 2013, 2018, and 2023 Censuses",I,2023,2023,02,Auckland Region,05,$500 - $599,99,Total - total household income,4,Other multi-person household,3456,,,
DATAFLOW,STATSNZ:CEN23_HOU_022(1.0),"Weekly rent paid by household, total household income, and household composition for households in rented occupied private dwellings, (RC, TALB, SA2, Health), 2013, 2018, and 2023 Censuses",I,2023,2023,99,Area Outside Region,04,$400 - $499,99,Total - total household income,6,Household composition unidentifiable,,,c,Confidential
DATAFLOW,STATSNZ:CEN23_HOU_022(1.0),"Weekly rent paid by household, total household income, and household composition for households in rented occupied private dwellings, (RC, TALB, SA2, Health), 2013, 2018, and 2023 Censuses",I,2023,2023,15,Southland Region,08,$800 and over,99,Total - total household income,77,Total stated - household composition,45,,,
DATAFLOW,STATSNZ:CEN23_HOU_022(1.0),"Weekly rent paid by household, total household income, and household composition for households in rented occupied private dwellings, (RC, TALB, SA2, Health), 2013, 2018, and 2023 Censuses",I,2023,2023,12,West Coast Region,03,$300 - $399,99,Total - total household income,99,Total - household composition,855,,,
DATAFLOW,STATSNZ:CEN23_HOU_022(1.0),"Weekly rent paid by household, total household income, and household composition for households in rented occupied private dwellings, (RC, TALB, SA2, Health), 2013, 2018, and 2023 Censuses",I,2023,2023,03,Waikato Region,08,$800 and over,99,Total - total household income,2,Two-family household (with or without other people),51,,,
DATAFLOW,STATSNZ:CEN23_HOU_022(1.0),"Weekly rent paid by household, total household income, and household composition for households in rented occupied private dwellings, (RC, TALB, SA2, Health), 2013, 2018, and 2023 Censuses",I,2023,2023,02,Auckland Region,08,$800 and over,99,Total - total household income,2,Two-family household (with or without other people),2124,,,
DATAFLOW,STATSNZ:CEN23_HOU_022(1.0),"Weekly rent paid by household, total household income, and household composition for households in rented occupied private dwellings, (RC, TALB, SA2, Health), 2013, 2018, and 2023 Censuses",I,2023,2023,05,Gisborne Region,06,$600 - $699,99,Total - total household income,3,Three or more family household (with or without other people),0,,,
DATAFLOW,STATSNZ:CEN23_HOU_022(1.0),"Weekly rent paid by household, total household income, and household composition for households in rented occupied private dwellings, (RC, TALB, SA2, Health), 2013, 2018, and 2023 Censuses",I,2023,2023,17,Nelson Region,777,Total stated - weekly rent paid by household,99,Total - total household income,3,Three or more family household (with or without other people),3,,,
DATAFLOW,STATSNZ:CEN23_HOU_022(1.0),"Weekly rent paid by household, total household income, and household composition for households in rented occupied private dwellings, (RC, TALB, SA2, Health), 2013, 2018, and 2023 Censuses",I,2023,2023,17,Nelson Region,03,$300 - $399,99,Total - total household income,6,Household composition unidentifiable,36,,,
DATAFLOW,STATSNZ:CEN23_HOU_022(1.0),"Weekly rent paid by household, total household income, and household composition for households in rented occupied private dwellings, (RC, TALB, SA2, Health), 2013, 2018, and 2023 Censuses",I,2023,2023,18,Marlborough Region,01,Under $200,99,Total - total household income,2,Two-family household (with or without other people),9,,,
DATAFLOW,STATSNZ:CEN23_HOU_022(1.0),"Weekly rent paid by household, total household income, and household composition for households in rented occupied private dwellings, (RC, TALB, SA2, Health), 2013, 2018, and 2023 Censuses",I,2023,2023,05,Gisborne Region,01,Under $200,99,Total - total household income,77,Total stated - household composition,1566,,,
DATAFLOW,STATSNZ:CEN23_HOU_022(1.0),"Weekly rent paid by household, total household income, and household composition for households in rented occupied private dwellings, (RC, TALB, SA2, Health), 2013, 2018, and 2023 Censuses",I,2023,2023,09,Wellington Region,07,$700 - $799,99,Total - total household income,77,Total stated - household composition,5274,,,
DATAFLOW,STATSNZ:CEN23_HOU_022(1.0),"Weekly rent paid by household, total household income, and household composition for households in rented occupied private dwellings, (RC, TALB, SA2, Health), 2013, 2018, and 2023 Censuses",I,2023,2023,12,West Coast Region,03,$300 - $399,99,Total - total household income,3,Three or more family household (with or without other people),0,,,
DATAFLOW,STATSNZ:CEN23_HOU_022(1.0),"Weekly rent paid by household, total household income, and household composition for households in rented occupied private dwellings, (RC, TALB, SA2, Health), 2013, 2018, and 2023 Censuses",I,2023,2023,07,Taranaki Region,08,$800 and over,99,Total - total household income,4,Other multi-person household,15,,,
DATAFLOW,STATSNZ:CEN23_HOU_022(1.0),"Weekly rent paid by household, total household income, and household composition for households in rented occupied private dwellings, (RC, TALB, SA2, Health), 2013, 2018, and 2023 Censuses",I,2023,2023,14,Otago Region,05,$500 - $599,99,Total - total household income,77,Total stated - household composition,3138,,,
DATAFLOW,STATSNZ:CEN23_HOU_022(1.0),"Weekly rent paid by household, total household income, and household composition for households in rented occupied private dwellings, (RC, TALB, SA2, Health), 2013, 2018, and 2023 Censuses",I,2023,2023,12,West Coast Region,99,Not elsewhere included,99,Total - total household income,2,Two-family household (with or without other people),0,,,
DATAFLOW,STATSNZ:CEN23_HOU_022(1.0),"Weekly rent paid by household, total household income, and household composition for households in rented occupied private dwellings, (RC, TALB, SA2, Health), 2013, 2018, and 2023 Censuses",I,2023,2023,13,Canterbury Region,07,$700 - $799,99,Total - total household income,4,Other multi-person household,396,,,
DATAFLOW,STATSNZ:CEN23_HOU_022(1.0),"Weekly rent paid by household, total household income, and household composition for households in rented occupied private dwellings, (RC, TALB, SA2, Health), 2013, 2018, and 2023 Censuses",I,2023,2023,14,Otago Region,07,$700 - $799,99,Total - total household income,5,One-person household,90,,,
DATAFLOW,STATSNZ:CEN23_HOU_022(1.0),"Weekly rent paid by household, total household income, and household composition for households in rented occupied private dwellings, (RC, TALB, SA2, Health), 2013, 2018, and 2023 Censuses",I,2023,2023,08,Manawatū-Whanganui Region,03,$300 - $399,99,Total - total household income,5,One-person household,1749,,,
DATAFLOW,STATSNZ:CEN23_HOU_022(1.0),"Weekly rent paid by household, total household income, and household composition for households in rented occupied private dwellings, (RC, TALB, SA2, Health), 2013, 2018, and 2023 Censuses",I,2023,2023,17,Nelson Region,04,$400 - $499,99,Total - total household income,5,One-person household,321,,,
DATAFLOW,STATSNZ:CEN23_HOU_022(1.0),"Weekly rent paid by household, total household income, and household composition for households in rented occupied private dwellings, (RC, TALB, SA2, Health), 2013, 2018, and 2023 Censuses",I,2023,2023,16,Tasman Region,07,$700 - $799,99,Total - total household income,1,One-family household (with or without other people),54,,,
DATAFLOW,STATSNZ:CEN23_HOU_022(1.0),"Weekly rent paid by household, total household income, and household composition for households in rented occupied private dwellings, (RC, TALB, SA2, Health), 2013, 2018, and 2023 Censuses",I,2023,2023,9999,Total - New Zealand by regional council,777,Total stated - weekly rent paid by household,99,Total - total household income,4,Other multi-person household,56259,,,
DATAFLOW,STATSNZ:CEN23_HOU_022(1.0),"Weekly rent paid by household, total household income, and household composition for households in rented occupied private dwellings, (RC, TALB, SA2, Health), 2013, 2018, and 2023 Censuses",I,2023,2023,03,Waikato Region,999,Total - weekly rent paid by household,99,Total - total household income,1,One-family household (with or without other people),32004,,,
DATAFLOW,STATSNZ:CEN23_HOU_022(1.0),"Weekly rent paid by household, total household income, and household composition for households in rented occupied private dwellings, (RC, TALB, SA2, Health), 2013, 2018, and 2023 Censuses",I,2023,2023,12,West Coast Region,06,$600 - $699,99,Total - total household income,6,Household composition unidentifiable,0,,,
DATAFLOW,STATSNZ:CEN23_HOU_022(1.0),"Weekly rent paid by household, total household income, and household composition for households in rented occupied private dwellings, (RC, TALB, SA2, Health), 2013, 2018, and 2023 Censuses",I,2023,2023,14,Otago Region,01,Under $200,99,Total - total household income,77,Total stated - household composition,4341,,,
DATAFLOW,STATSNZ:CEN23_HOU_022(1.0),"Weekly rent paid by household, total household income, and household composition for households in rented occupied private dwellings, (RC, TALB, SA2, Health), 2013, 2018, and 2023 Censuses",I,2023,2023,13,Canterbury Region,04,$400 - $499,99,Total - total household income,2,Two-family household (with or without other people),396,,,
DATAFLOW,STATSNZ:CEN23_HOU_022(1.0),"Weekly rent paid by household, total household income, and household composition for households in rented occupied private dwellings, (RC, TALB, SA2, Health), 2013, 2018, and 2023 Censuses",I,2023,2023,99,Area Outside Region,777,Total stated - weekly rent paid by household,99,Total - total household income,99,Total - household composition,66,,,
DATAFLOW,STATSNZ:CEN23_HOU_022(1.0),"Weekly rent paid by household, total household income, and household composition for households in rented occupied private dwellings, (RC, TALB, SA2, Health), 2013, 2018, and 2023 Censuses",I,2023,2023,09,Wellington Region,999,Total - weekly rent paid by household,99,Total - total household income,6,Household composition unidentifiable,3873,,,
DATAFLOW,STATSNZ:CEN23_HOU_022(1.0),"Weekly rent paid by household, total household income, and household composition for households in rented occupied private dwellings, (RC, TALB, SA2, Health), 2013, 2018, and 2023 Censuses",I,2023,2023,02,Auckland Region,999,Total - weekly rent paid by household,99,Total - total household income,3,Three or more family household (with or without other people),936,,,
DATAFLOW,STATSNZ:CEN23_HOU_022(1.0),"Weekly rent paid by household, total household income, and household composition for households in rented occupied private dwellings, (RC, TALB, SA2, Health), 2013, 2018, and 2023 Censuses",I,2023,2023,15,Southland Region,99,Not elsewhere included,99,Total - total household income,1,One-family household (with or without other people),54,,,
DATAFLOW,STATSNZ:CEN23_HOU_022(1.0),"Weekly rent paid by household, total household income, and household composition for households in rented occupied private dwellings, (RC, TALB, SA2, Health), 2013, 2018, and 2023 Censuses",I,2023,2023,15,Southland Region,01,Under $200,99,Total - total household income,1,One-family household (with or without other people),933,,,
DATAFLOW,STATSNZ:CEN23_HOU_022(1.0),"Weekly rent paid by household, total household income, and household composition for households in rented occupied private dwellings, (RC, TALB, SA2, Health), 2013, 2018, and 2023 Censuses",I,2023,2023,04,Bay of Plenty Region,777,Total stated - weekly rent paid by household,99,Total - total household income,99,Total - household composition,32799,,,
DATAFLOW,STATSNZ:CEN23_HOU_022(1.0),"Weekly rent paid by household, total household income, and household composition for households in rented occupied private dwellings, (RC, TALB, SA2, Health), 2013, 2018, and 2023 Censuses",I,2023,2023,03,Waikato Region,02,$200 - $299,99,Total - total household income,4,Other multi-person household,582,,,
DATAFLOW,STATSNZ:CEN23_HOU_022(1.0),"Weekly rent paid by household, total household income, and household composition for households in rented occupied private dwellings, (RC, TALB, SA2, Health), 2013, 2018, and 2023 Censuses",I,2023,2023,02,Auckland Region,04,$400 - $499,99,Total - total household income,3,Three or more family household (with or without other people),57,,,
DATAFLOW,STATSNZ:CEN23_HOU_022(1.0),"Weekly rent paid by household, total household income, and household composition for households in rented occupied private dwellings, (RC, TALB, SA2, Health), 2013, 2018, and 2023 Censuses",I,2023,2023,17,Nelson Region,07,$700 - $799,99,Total - total household income,4,Other multi-person household,12,,,
DATAFLOW,STATSNZ:CEN23_HOU_022(1.0),"Weekly rent paid by household, total household income, and household composition for households in rented occupied private dwellings, (RC, TALB, SA2, Health), 2013, 2018, and 2023 Censuses",I,2023,2023,03,Waikato Region,01,Under $200,99,Total - total household income,77,Total stated - household composition,7254,,,
DATAFLOW,STATSNZ:CEN23_HOU_022(1.0),"Weekly rent paid by household, total household income, and household composition for households in rented occupied private dwellings, (RC, TALB, SA2, Health), 2013, 2018, and 2023 Censuses",I,2023,2023,17,Nelson Region,05,$500 - $599,99,Total - total household income,4,Other multi-person household,105,,,
DATAFLOW,STATSNZ:CEN23_HOU_022(1.0),"Weekly rent paid by household, total household income, and household composition for households in rented occupied private dwellings, (RC, TALB, SA2, Health), 2013, 2018, and 2023 Censuses",I,2023,2023,09,Wellington Region,99,Not elsewhere included,99,Total - total household income,2,Two-family household (with or without other people),6,,,
DATAFLOW,STATSNZ:CEN23_HOU_022(1.0),"Weekly rent paid by household, total household income, and household composition for households in rented occupied private dwellings, (RC, TALB, SA2, Health), 2013, 2018, and 2023 Censuses",I,2023,2023,16,Tasman Region,01,Under $200,99,Total - total household income,4,Other multi-person household,36,,,
DATAFLOW,STATSNZ:CEN23_HOU_022(1.0),"Weekly rent paid by household, total household income, and household composition for households in rented occupied private dwellings, (RC, TALB, SA2, Health), 2013, 2018, and 2023 Censuses",I,2023,2023,04,Bay of Plenty Region,08,$800 and over,99,Total - total household income,1,One-family household (with or without other people),423,,,
DATAFLOW,STATSNZ:CEN23_HOU_022(1.0),"Weekly rent paid by household, total household income, and household composition for households in rented occupied private dwellings, (RC, TALB, SA2, Health), 2013, 2018, and 2023 Censuses",I,2023,2023,07,Taranaki Region,03,$300 - $399,99,Total - total household income,5,One-person household,801,,,
DATAFLOW,STATSNZ:CEN23_HOU_022(1.0),"Weekly rent paid by household, total household income, and household composition for households in rented occupied private dwellings, (RC, TALB, SA2, Health), 2013, 2018, and 2023 Censuses",I,2023,2023,01,Northland Region,07,$700 - $799,99,Total - total household income,77,Total stated - household composition,312,,,
DATAFLOW,STATSNZ:CEN23_HOU_022(1.0),"Weekly rent paid by household, total household income, and household composition for households in rented occupied private dwellings, (RC, TALB, SA2, Health), 2013, 2018, and 2023 Censuses",I,2023,2023,07,Taranaki Region,04,$400 - $499,99,Total - total household income,77,Total stated - household composition,2376,,,
DATAFLOW,STATSNZ:CEN23_HOU_022(1.0),"Weekly rent paid by household, total household income, and household composition for households in rented occupied private dwellings, (RC, TALB, SA2, Health), 2013, 2018, and 2023 Censuses",I,2023,2023,08,Manawatū-Whanganui Region,999,Total - weekly rent paid by household,99,Total - total household income,3,Three or more family household (with or without other people),48,,,
DATAFLOW,STATSNZ:CEN23_HOU_022(1.0),"Weekly rent paid by household, total household income, and household composition for households in rented occupied private dwellings, (RC, TALB, SA2, Health), 2013, 2018, and 2023 Censuses",I,2023,2023,14,Otago Region,02,$200 - $299,99,Total - total household income,2,Two-family household (with or without other people),33,,,
DATAFLOW,STATSNZ:CEN23_HOU_022(1.0),"Weekly rent paid by household, total household income, and household composition for households in rented occupied private dwellings, (RC, TALB, SA2, Health), 2013, 2018, and 2023 Censuses",I,2023,2023,03,Waikato Region,04,$400 - $499,99,Total - total household income,6,Household composition unidentifiable,1002,,,
DATAFLOW,STATSNZ:CEN23_HOU_022(1.0),"Weekly rent paid by household, total household income, and household composition for households in rented occupied private dwellings, (RC, TALB, SA2, Health), 2013, 2018, and 2023 Censuses",I,2023,2023,05,Gisborne Region,06,$600 - $699,99,Total - total household income,5,One-person household,30,,,
DATAFLOW,STATSNZ:CEN23_HOU_022(1.0),"Weekly rent paid by household, total household income, and household composition for households in rented occupied private dwellings, (RC, TALB, SA2, Health), 2013, 2018, and 2023 Censuses",I,2023,2023,06,Hawke's Bay Region,04,$400 - $499,99,Total - total household income,6,Household composition unidentifiable,354,,,
DATAFLOW,STATSNZ:CEN23_HOU_022(1.0),"Weekly rent paid by household, total household income, and household composition for households in rented occupied private dwellings, (RC, TALB, SA2, Health), 2013, 2018, and 2023 Censuses",I,2023,2023,09,Wellington Region,99,Not elsewhere included,99,Total - total household income,77,Total stated - household composition,354,,,
DATAFLOW,STATSNZ:CEN23_HOU_022(1.0),"Weekly rent paid by household, total household income, and household composition for households in rented occupied private dwellings, (RC, TALB, SA2, Health), 2013, 2018, and 2023 Censuses",I,2023,2023,99,Area Outside Region,08,$800 and over,99,Total - total household income,3,Three or more family household (with or without other people),,,c,Confidential
DATAFLOW,STATSNZ:CEN23_HOU_022(1.0),"Weekly rent paid by household, total household income, and household composition for households in rented occupied private dwellings, (RC, TALB, SA2, Health), 2013, 2018, and 2023 Censuses",I,2023,2023,01,Northland Region,03,$300 - $399,99,Total - total household income,99,Total - household composition,3486,,,
DATAFLOW,STATSNZ:CEN23_HOU_022(1.0),"Weekly rent paid by household, total household income, and household composition for households in rented occupied private dwellings, (RC, TALB, SA2, Health), 2013, 2018, and 2023 Censuses",I,2023,2023,08,Manawatū-Whanganui Region,03,$300 - $399,99,Total - total household income,6,Household composition unidentifiable,405,,,
DATAFLOW,STATSNZ:CEN23_HOU_022(1.0),"Weekly rent paid by household, total household income, and household composition for households in rented occupied private dwellings, (RC, TALB, SA2, Health), 2013, 2018, and 2023 Censuses",I,2023,2023,03,Waikato Region,04,$400 - $499,99,Total - total household income,1,One-family household (with or without other people),7938,,,
DATAFLOW,STATSNZ:CEN23_HOU_022(1.0),"Weekly rent paid by household, total household income, and household composition for households in rented occupied private dwellings, (RC, TALB, SA2, Health), 2013, 2018, and 2023 Censuses",I,2023,2023,15,Southland Region,01,Under $200,99,Total - total household income,3,Three or more family household (with or without other people),3,,,
DATAFLOW,STATSNZ:CEN23_HOU_022(1.0),"Weekly rent paid by household, total household income, and household composition for households in rented occupied private dwellings, (RC, TALB, SA2, Health), 2013, 2018, and 2023 Censuses",I,2023,2023,16,Tasman Region,03,$300 - $399,99,Total - total household income,1,One-family household (with or without other people),435,,,
DATAFLOW,STATSNZ:CEN23_HOU_022(1.0),"Weekly rent paid by household, total household income, and household composition for households in rented occupied private dwellings, (RC, TALB, SA2, Health), 2013, 2018, and 2023 Censuses",I,2023,2023,12,West Coast Region,07,$700 - $799,99,Total - total household income,1,One-family household (with or without other people),0,,,
DATAFLOW,STATSNZ:CEN23_HOU_022(1.0),"Weekly rent paid by household, total household income, and household composition for households in rented occupied private dwellings, (RC, TALB, SA2, Health), 2013, 2018, and 2023 Censuses",I,2023,2023,13,Canterbury Region,06,$600 - $699,99,Total - total household income,99,Total - household composition,4218,,,
DATAFLOW,STATSNZ:CEN23_HOU_022(1.0),"Weekly rent paid by household, total household income, and household composition for households in rented occupied private dwellings, (RC, TALB, SA2, Health), 2013, 2018, and 2023 Censuses",I,2023,2023,04,Bay of Plenty Region,05,$500 - $599,99,Total - total household income,4,Other multi-person household,582,,,
DATAFLOW,STATSNZ:CEN23_HOU_022(1.0),"Weekly rent paid by household, total household income, and household composition for households in rented occupied private dwellings, (RC, TALB, SA2, Health), 2013, 2018, and 2023 Censuses",I,2023,2023,04,Bay of Plenty Region,777,Total stated - weekly rent paid by household,99,Total - total household income,5,One-person household,7026,,,
DATAFLOW,STATSNZ:CEN23_HOU_022(1.0),"Weekly rent paid by household, total household income, and household composition for households in rented occupied private dwellings, (RC, TALB, SA2, Health), 2013, 2018, and 2023 Censuses",I,2023,2023,05,Gisborne Region,05,$500 - $599,99,Total - total household income,5,One-person household,60,,,
DATAFLOW,STATSNZ:CEN23_HOU_022(1.0),"Weekly rent paid by household, total household income, and household composition for households in rented occupied private dwellings, (RC, TALB, SA2, Health), 2013, 2018, and 2023 Censuses",I,2023,2023,01,Northland Region,08,$800 and over,99,Total - total household income,6,Household composition unidentifiable,9,,,
DATAFLOW,STATSNZ:CEN23_HOU_022(1.0),"Weekly rent paid by household, total household income, and household composition for households in rented occupied private dwellings, (RC, TALB, SA2, Health), 2013, 2018, and 2023 Censuses",I,2023,2023,09,Wellington Region,08,$800 and over,99,Total - total household income,77,Total stated - household composition,6234,,,
DATAFLOW,STATSNZ:CEN23_HOU_022(1.0),"Weekly rent paid by household, total household income, and household composition for households in rented occupied private dwellings, (RC, TALB, SA2, Health), 2013, 2018, and 2023 Censuses",I,2023,2023,04,Bay of Plenty Region,777,Total stated - weekly rent paid by household,99,Total - total household income,1,One-family household (with or without other people),19239,,,
DATAFLOW,STATSNZ:CEN23_HOU_022(1.0),"Weekly rent paid by household, total household income, and household composition for households in rented occupied private dwellings, (RC, TALB, SA2, Health), 2013, 2018, and 2023 Censuses",I,2023,2023,99,Area Outside Region,99,Not elsewhere included,99,Total - total household income,77,Total stated - household composition,,,c,Confidential
DATAFLOW,STATSNZ:CEN23_HOU_022(1.0),"Weekly rent paid by household, total household income, and household composition for households in rented occupied private dwellings, (RC, TALB, SA2, Health), 2013, 2018, and 2023 Censuses",I,2023,2023,17,Nelson Region,99,Not elsewhere included,99,Total - total household income,1,One-family household (with or without other people),21,,,
DATAFLOW,STATSNZ:CEN23_HOU_022(1.0),"Weekly rent paid by household, total household income, and household composition for households in rented occupied private dwellings, (RC, TALB, SA2, Health), 2013, 2018, and 2023 Censuses",I,2023,2023,17,Nelson Region,07,$700 - $799,99,Total - total household income,77,Total stated - household composition,90,,,
DATAFLOW,STATSNZ:CEN23_HOU_022(1.0),"Weekly rent paid by household, total household income, and household composition for households in rented occupied private dwellings, (RC, TALB, SA2, Health), 2013, 2018, and 2023 Censuses",I,2023,2023,18,Marlborough Region,05,$500 - $599,99,Total - total household income,6,Household composition unidentifiable,42,,,
DATAFLOW,STATSNZ:CEN23_HOU_022(1.0),"Weekly rent paid by household, total household income, and household composition for households in rented occupied private dwellings, (RC, TALB, SA2, Health), 2013, 2018, and 2023 Censuses",I,2023,2023,03,Waikato Region,999,Total - weekly rent paid by household,99,Total - total household income,6,Household composition unidentifiable,4746,,,
DATAFLOW,STATSNZ:CEN23_HOU_022(1.0),"Weekly rent paid by household, total household income, and household composition for households in rented occupied private dwellings, (RC, TALB, SA2, Health), 2013, 2018, and 2023 Censuses",I,2023,2023,07,Taranaki Region,04,$400 - $499,99,Total - total household income,99,Total - household composition,2559,,,
DATAFLOW,STATSNZ:CEN23_HOU_022(1.0),"Weekly rent paid by household, total household income, and household composition for households in rented occupied private dwellings, (RC, TALB, SA2, Health), 2013, 2018, and 2023 Censuses",I,2023,2023,03,Waikato Region,999,Total - weekly rent paid by household,99,Total - total household income,77,Total stated - household composition,51300,,,
DATAFLOW,STATSNZ:CEN23_HOU_022(1.0),"Weekly rent paid by household, total household income, and household composition for households in rented occupied private dwellings, (RC, TALB, SA2, Health), 2013, 2018, and 2023 Censuses",I,2023,2023,02,Auckland Region,04,$400 - $499,99,Total - total household income,77,Total stated - household composition,27003,,,
DATAFLOW,STATSNZ:CEN23_HOU_022(1.0),"Weekly rent paid by household, total household income, and household composition for households in rented occupied private dwellings, (RC, TALB, SA2, Health), 2013, 2018, and 2023 Censuses",I,2023,2023,14,Otago Region,99,Not elsewhere included,99,Total - total household income,99,Total - household composition,237,,,
DATAFLOW,STATSNZ:CEN23_HOU_022(1.0),"Weekly rent paid by household, total household income, and household composition for households in rented occupied private dwellings, (RC, TALB, SA2, Health), 2013, 2018, and 2023 Censuses",I,2023,2023,14,Otago Region,999,Total - weekly rent paid by household,99,Total - total household income,5,One-person household,6693,,,
DATAFLOW,STATSNZ:CEN23_HOU_022(1.0),"Weekly rent paid by household, total household income, and household composition for households in rented occupied private dwellings, (RC, TALB, SA2, Health), 2013, 2018, and 2023 Censuses",I,2023,2023,02,Auckland Region,06,$600 - $699,99,Total - total household income,6,Household composition unidentifiable,2133,,,
DATAFLOW,STATSNZ:CEN23_HOU_022(1.0),"Weekly rent paid by household, total household income, and household composition for households in rented occupied private dwellings, (RC, TALB, SA2, Health), 2013, 2018, and 2023 Censuses",I,2023,2023,17,Nelson Region,999,Total - weekly rent paid by household,99,Total - total household income,3,Three or more family household (with or without other people),3,,,
DATAFLOW,STATSNZ:CEN23_HOU_022(1.0),"Weekly rent paid by household, total household income, and household composition for households in rented occupied private dwellings, (RC, TALB, SA2, Health), 2013, 2018, and 2023 Censuses",I,2023,2023,04,Bay of Plenty Region,99,Not elsewhere included,99,Total - total household income,77,Total stated - household composition,444,,,
DATAFLOW,STATSNZ:CEN23_HOU_022(1.0),"Weekly rent paid by household, total household income, and household composition for households in rented occupied private dwellings, (RC, TALB, SA2, Health), 2013, 2018, and 2023 Censuses",I,2023,2023,14,Otago Region,05,$500 - $599,99,Total - total household income,1,One-family household (with or without other people),2106,,,
DATAFLOW,STATSNZ:CEN23_HOU_022(1.0),"Weekly rent paid by household, total household income, and household composition for households in rented occupied private dwellings, (RC, TALB, SA2, Health), 2013, 2018, and 2023 Censuses",I,2023,2023,07,Taranaki Region,05,$500 - $599,99,Total - total household income,77,Total stated - household composition,1326,,,
DATAFLOW,STATSNZ:CEN23_HOU_022(1.0),"Weekly rent paid by household, total household income, and household composition for households in rented occupied private dwellings, (RC, TALB, SA2, Health), 2013, 2018, and 2023 Censuses",I,2023,2023,05,Gisborne Region,08,$800 and over,99,Total - total household income,99,Total - household composition,78,,,
DATAFLOW,STATSNZ:CEN23_HOU_022(1.0),"Weekly rent paid by household, total household income, and household composition for households in rented occupied private dwellings, (RC, TALB, SA2, Health), 2013, 2018, and 2023 Censuses",I,2023,2023,09,Wellington Region,04,$400 - $499,99,Total - total household income,99,Total - household composition,9501,,,
DATAFLOW,STATSNZ:CEN23_HOU_022(1.0),"Weekly rent paid by household, total household income, and household composition for households in rented occupied private dwellings, (RC, TALB, SA2, Health), 2013, 2018, and 2023 Censuses",I,2023,2023,08,Manawatū-Whanganui Region,08,$800 and over,99,Total - total household income,77,Total stated - household composition,213,,,
DATAFLOW,STATSNZ:CEN23_HOU_022(1.0),"Weekly rent paid by household, total household income, and household composition for households in rented occupied private dwellings, (RC, TALB, SA2, Health), 2013, 2018, and 2023 Censuses",I,2023,2023,08,Manawatū-Whanganui Region,03,$300 - $399,99,Total - total household income,99,Total - household composition,5898,,,
DATAFLOW,STATSNZ:CEN23_HOU_022(1.0),"Weekly rent paid by household, total household income, and household composition for households in rented occupied private dwellings, (RC, TALB, SA2, Health), 2013, 2018, and 2023 Censuses",I,2023,2023,18,Marlborough Region,01,Under $200,99,Total - total household income,77,Total stated - household composition,618,,,
DATAFLOW,STATSNZ:CEN23_HOU_022(1.0),"Weekly rent paid by household, total household income, and household composition for households in rented occupied private dwellings, (RC, TALB, SA2, Health), 2013, 2018, and 2023 Censuses",I,2023,2023,15,Southland Region,02,$200 - $299,99,Total - total household income,1,One-family household (with or without other people),1146,,,
DATAFLOW,STATSNZ:CEN23_HOU_022(1.0),"Weekly rent paid by household, total household income, and household composition for households in rented occupied private dwellings, (RC, TALB, SA2, Health), 2013, 2018, and 2023 Censuses",I,2023,2023,02,Auckland Region,777,Total stated - weekly rent paid by household,99,Total - total household income,99,Total - household composition,205899,,,
DATAFLOW,STATSNZ:CEN23_HOU_022(1.0),"Weekly rent paid by household, total household income, and household composition for households in rented occupied private dwellings, (RC, TALB, SA2, Health), 2013, 2018, and 2023 Censuses",I,2023,2023,01,Northland Region,08,$800 and over,99,Total - total household income,2,Two-family household (with or without other people),3,,,
DATAFLOW,STATSNZ:CEN23_HOU_022(1.0),"Weekly rent paid by household, total household income, and household composition for households in rented occupied private dwellings, (RC, TALB, SA2, Health), 2013, 2018, and 2023 Censuses",I,2023,2023,05,Gisborne Region,99,Not elsewhere included,99,Total - total household income,77,Total stated - household composition,75,,,
DATAFLOW,STATSNZ:CEN23_HOU_022(1.0),"Weekly rent paid by household, total household income, and household composition for households in rented occupied private dwellings, (RC, TALB, SA2, Health), 2013, 2018, and 2023 Censuses",I,2023,2023,08,Manawatū-Whanganui Region,07,$700 - $799,99,Total - total household income,99,Total - household composition,312,,,
DATAFLOW,STATSNZ:CEN23_HOU_022(1.0),"Weekly rent paid by household, total household income, and household composition for households in rented occupied private dwellings, (RC, TALB, SA2, Health), 2013, 2018, and 2023 Censuses",I,2023,2023,18,Marlborough Region,999,Total - weekly rent paid by household,99,Total - total household income,2,Two-family household (with or without other people),102,,,
DATAFLOW,STATSNZ:CEN23_HOU_022(1.0),"Weekly rent paid by household, total household income, and household composition for households in rented occupied private dwellings, (RC, TALB, SA2, Health), 2013, 2018, and 2023 Censuses",I,2023,2023,09,Wellington Region,02,$200 - $299,99,Total - total household income,77,Total stated - household composition,4581,,,
DATAFLOW,STATSNZ:CEN23_HOU_022(1.0),"Weekly rent paid by household, total household income, and household composition for households in rented occupied private dwellings, (RC, TALB, SA2, Health), 2013, 2018, and 2023 Censuses",I,2023,2023,05,Gisborne Region,07,$700 - $799,99,Total - total household income,2,Two-family household (with or without other people),6,,,
DATAFLOW,STATSNZ:CEN23_HOU_022(1.0),"Weekly rent paid by household, total household income, and household composition for households in rented occupied private dwellings, (RC, TALB, SA2, Health), 2013, 2018, and 2023 Censuses",I,2023,2023,16,Tasman Region,08,$800 and over,99,Total - total household income,1,One-family household (with or without other people),24,,,
DATAFLOW,STATSNZ:CEN23_HOU_022(1.0),"Weekly rent paid by household, total household income, and household composition for households in rented occupied private dwellings, (RC, TALB, SA2, Health), 2013, 2018, and 2023 Censuses",I,2023,2023,9999,Total - New Zealand by regional council,08,$800 and over,99,Total - total household income,5,One-person household,2385,,,
DATAFLOW,STATSNZ:CEN23_HOU_022(1.0),"Weekly rent paid by household, total household income, and household composition for households in rented occupied private dwellings, (RC, TALB, SA2, Health), 2013, 2018, and 2023 Censuses",I,2023,2023,03,Waikato Region,01,Under $200,99,Total - total household income,5,One-person household,2967,,,
DATAFLOW,STATSNZ:CEN23_HOU_022(1.0),"Weekly rent paid by household, total household income, and household composition for households in rented occupied private dwellings, (RC, TALB, SA2, Health), 2013, 2018, and 2023 Censuses",I,2023,2023,03,Waikato Region,01,Under $200,99,Total - total household income,4,Other multi-person household,618,,,
DATAFLOW,STATSNZ:CEN23_HOU_022(1.0),"Weekly rent paid by household, total household income, and household composition for households in rented occupied private dwellings, (RC, TALB, SA2, Health), 2013, 2018, and 2023 Censuses",I,2023,2023,09,Wellington Region,999,Total - weekly rent paid by household,99,Total - total household income,77,Total stated - household composition,58560,,,
DATAFLOW,STATSNZ:CEN23_HOU_022(1.0),"Weekly rent paid by household, total household income, and household composition for households in rented occupied private dwellings, (RC, TALB, SA2, Health), 2013, 2018, and 2023 Censuses",I,2023,2023,18,Marlborough Region,99,Not elsewhere included,99,Total - total household income,99,Total - household composition,78,,,
DATAFLOW,STATSNZ:CEN23_HOU_022(1.0),"Weekly rent paid by household, total household income, and household composition for households in rented occupied private dwellings, (RC, TALB, SA2, Health), 2013, 2018, and 2023 Censuses",I,2023,2023,04,Bay of Plenty Region,02,$200 - $299,99,Total - total household income,6,Household composition unidentifiable,324,,,
DATAFLOW,STATSNZ:CEN23_HOU_022(1.0),"Weekly rent paid by household, total household income, and household composition for households in rented occupied private dwellings, (RC, TALB, SA2, Health), 2013, 2018, and 2023 Censuses",I,2023,2023,08,Manawatū-Whanganui Region,07,$700 - $799,99,Total - total household income,77,Total stated - household composition,297,,,
DATAFLOW,STATSNZ:CEN23_HOU_022(1.0),"Weekly rent paid by household, total household income, and household composition for households in rented occupied private dwellings, (RC, TALB, SA2, Health), 2013, 2018, and 2023 Censuses",I,2023,2023,9999,Total - New Zealand by regional council,06,$600 - $699,99,Total - total household income,2,Two-family household (with or without other people),3375,,,
DATAFLOW,STATSNZ:CEN23_HOU_022(1.0),"Weekly rent paid by household, total household income, and household composition for households in rented occupied private dwellings, (RC, TALB, SA2, Health), 2013, 2018, and 2023 Censuses",I,2023,2023,08,Manawatū-Whanganui Region,04,$400 - $499,99,Total - total household income,3,Three or more family household (with or without other people),9,,,
DATAFLOW,STATSNZ:CEN23_HOU_022(1.0),"Weekly rent paid by household, total household income, and household composition for households in rented occupied private dwellings, (RC, TALB, SA2, Health), 2013, 2018, and 2023 Censuses",I,2023,2023,07,Taranaki Region,08,$800 and over,99,Total - total household income,6,Household composition unidentifiable,6,,,
DATAFLOW,STATSNZ:CEN23_HOU_022(1.0),"Weekly rent paid by household, total household income, and household composition for households in rented occupied private dwellings, (RC, TALB, SA2, Health), 2013, 2018, and 2023 Censuses",I,2023,2023,04,Bay of Plenty Region,777,Total stated - weekly rent paid by household,99,Total - total household income,3,Three or more family household (with or without other people),75,,,
DATAFLOW,STATSNZ:CEN23_HOU_022(1.0),"Weekly rent paid by household, total household income, and household composition for households in rented occupied private dwellings, (RC, TALB, SA2, Health), 2013, 2018, and 2023 Censuses",I,2023,2023,13,Canterbury Region,03,$300 - $399,99,Total - total household income,4,Other multi-person household,1146,,,
DATAFLOW,STATSNZ:CEN23_HOU_022(1.0),"Weekly rent paid by household, total household income, and household composition for households in rented occupied private dwellings, (RC, TALB, SA2, Health), 2013, 2018, and 2023 Censuses",I,2023,2023,02,Auckland Region,02,$200 - $299,99,Total - total household income,4,Other multi-person household,978,,,
DATAFLOW,STATSNZ:CEN23_HOU_022(1.0),"Weekly rent paid by household, total household income, and household composition for households in rented occupied private dwellings, (RC, TALB, SA2, Health), 2013, 2018, and 2023 Censuses",I,2023,2023,9999,Total - New Zealand by regional council,06,$600 - $699,99,Total - total household income,77,Total stated - household composition,64611,,,
DATAFLOW,STATSNZ:CEN23_HOU_022(1.0),"Weekly rent paid by household, total household income, and household composition for households in rented occupied private dwellings, (RC, TALB, SA2, Health), 2013, 2018, and 2023 Censuses",I,2023,2023,07,Taranaki Region,02,$200 - $299,99,Total - total household income,5,One-person household,843,,,
DATAFLOW,STATSNZ:CEN23_HOU_022(1.0),"Weekly rent paid by household, total household income, and household composition for households in rented occupied private dwellings, (RC, TALB, SA2, Health), 2013, 2018, and 2023 Censuses",I,2023,2023,01,Northland Region,02,$200 - $299,99,Total - total household income,6,Household composition unidentifiable,279,,,
DATAFLOW,STATSNZ:CEN23_HOU_022(1.0),"Weekly rent paid by household, total household income, and household composition for households in rented occupied private dwellings, (RC, TALB, SA2, Health), 2013, 2018, and 2023 Censuses",I,2023,2023,14,Otago Region,04,$400 - $499,99,Total - total household income,5,One-person household,741,,,
DATAFLOW,STATSNZ:CEN23_HOU_022(1.0),"Weekly rent paid by household, total household income, and household composition for households in rented occupied private dwellings, (RC, TALB, SA2, Health), 2013, 2018, and 2023 Censuses",I,2023,2023,13,Canterbury Region,777,Total stated - weekly rent paid by household,99,Total - total household income,2,Two-family household (with or without other people),1614,,,
DATAFLOW,STATSNZ:CEN23_HOU_022(1.0),"Weekly rent paid by household, total household income, and household composition for households in rented occupied private dwellings, (RC, TALB, SA2, Health), 2013, 2018, and 2023 Censuses",I,2023,2023,01,Northland Region,777,Total stated - weekly rent paid by household,99,Total - total household income,6,Household composition unidentifiable,1818,,,
DATAFLOW,STATSNZ:CEN23_HOU_022(1.0),"Weekly rent paid by household, total household income, and household composition for households in rented occupied private dwellings, (RC, TALB, SA2, Health), 2013, 2018, and 2023 Censuses",I,2023,2023,04,Bay of Plenty Region,07,$700 - $799,99,Total - total household income,3,Three or more family household (with or without other people),6,,,
DATAFLOW,STATSNZ:CEN23_HOU_022(1.0),"Weekly rent paid by household, total household income, and household composition for households in rented occupied private dwellings, (RC, TALB, SA2, Health), 2013, 2018, and 2023 Censuses",I,2023,2023,06,Hawke's Bay Region,999,Total - weekly rent paid by household,99,Total - total household income,3,Three or more family household (with or without other people),57,,,
DATAFLOW,STATSNZ:CEN23_HOU_022(1.0),"Weekly rent paid by household, total household income, and household composition for households in rented occupied private dwellings, (RC, TALB, SA2, Health), 2013, 2018, and 2023 Censuses",I,2023,2023,06,Hawke's Bay Region,04,$400 - $499,99,Total - total household income,3,Three or more family household (with or without other people),12,,,
DATAFLOW,STATSNZ:CEN23_HOU_022(1.0),"Weekly rent paid by household, total household income, and household composition for households in rented occupied private dwellings, (RC, TALB, SA2, Health), 2013, 2018, and 2023 Censuses",I,2023,2023,13,Canterbury Region,04,$400 - $499,99,Total - total household income,1,One-family household (with or without other people),12246,,,
DATAFLOW,STATSNZ:CEN23_HOU_022(1.0),"Weekly rent paid by household, total household income, and household composition for households in rented occupied private dwellings, (RC, TALB, SA2, Health), 2013, 2018, and 2023 Censuses",I,2023,2023,16,Tasman Region,02,$200 - $299,99,Total - total household income,6,Household composition unidentifiable,69,,,
DATAFLOW,STATSNZ:CEN23_HOU_022(1.0),"Weekly rent paid by household, total household income, and household composition for households in rented occupied private dwellings, (RC, TALB, SA2, Health), 2013, 2018, and 2023 Censuses",I,2023,2023,05,Gisborne Region,01,Under $200,99,Total - total household income,6,Household composition unidentifiable,156,,,
DATAFLOW,STATSNZ:CEN23_HOU_022(1.0),"Weekly rent paid by household, total household income, and household composition for households in rented occupied private dwellings, (RC, TALB, SA2, Health), 2013, 2018, and 2023 Censuses",I,2023,2023,01,Northland Region,02,$200 - $299,99,Total - total household income,5,One-person household,897,,,
DATAFLOW,STATSNZ:CEN23_HOU_022(1.0),"Weekly rent paid by household, total household income, and household composition for households in rented occupied private dwellings, (RC, TALB, SA2, Health), 2013, 2018, and 2023 Censuses",I,2023,2023,12,West Coast Region,06,$600 - $699,99,Total - total household income,3,Three or more family household (with or without other people),0,,,
DATAFLOW,STATSNZ:CEN23_HOU_022(1.0),"Weekly rent paid by household, total household income, and household composition for households in rented occupied private dwellings, (RC, TALB, SA2, Health), 2013, 2018, and 2023 Censuses",I,2023,2023,18,Marlborough Region,02,$200 - $299,99,Total - total household income,3,Three or more family household (with or without other people),0,,,
DATAFLOW,STATSNZ:CEN23_HOU_022(1.0),"Weekly rent paid by household, total household income, and household composition for households in rented occupied private dwellings, (RC, TALB, SA2, Health), 2013, 2018, and 2023 Censuses",I,2023,2023,9999,Total - New Zealand by regional council,03,$300 - $399,99,Total - total household income,77,Total stated - household composition,74778,,,
DATAFLOW,STATSNZ:CEN23_HOU_022(1.0),"Weekly rent paid by household, total household income, and household composition for households in rented occupied private dwellings, (RC, TALB, SA2, Health), 2013, 2018, and 2023 Censuses",I,2023,2023,09,Wellington Region,99,Not elsewhere included,99,Total - total household income,6,Household composition unidentifiable,93,,,
DATAFLOW,STATSNZ:CEN23_HOU_022(1.0),"Weekly rent paid by household, total household income, and household composition for households in rented occupied private dwellings, (RC, TALB, SA2, Health), 2013, 2018, and 2023 Censuses",I,2023,2023,08,Manawatū-Whanganui Region,99,Not elsewhere included,99,Total - total household income,6,Household composition unidentifiable,63,,,
DATAFLOW,STATSNZ:CEN23_HOU_022(1.0),"Weekly rent paid by household, total household income, and household composition for households in rented occupied private dwellings, (RC, TALB, SA2, Health), 2013, 2018, and 2023 Censuses",I,2023,2023,04,Bay of Plenty Region,01,Under $200,99,Total - total household income,4,Other multi-person household,309,,,
DATAFLOW,STATSNZ:CEN23_HOU_022(1.0),"Weekly rent paid by household, total household income, and household composition for households in rented occupied private dwellings, (RC, TALB, SA2, Health), 2013, 2018, and 2023 Censuses",I,2023,2023,06,Hawke's Bay Region,03,$300 - $399,99,Total - total household income,5,One-person household,876,,,
DATAFLOW,STATSNZ:CEN23_HOU_022(1.0),"Weekly rent paid by household, total household income, and household composition for households in rented occupied private dwellings, (RC, TALB, SA2, Health), 2013, 2018, and 2023 Censuses",I,2023,2023,05,Gisborne Region,08,$800 and over,99,Total - total household income,6,Household composition unidentifiable,9,,,
DATAFLOW,STATSNZ:CEN23_HOU_022(1.0),"Weekly rent paid by household, total household income, and household composition for households in rented occupied private dwellings, (RC, TALB, SA2, Health), 2013, 2018, and 2023 Censuses",I,2023,2023,01,Northland Region,08,$800 and over,99,Total - total household income,5,One-person household,24,,,
DATAFLOW,STATSNZ:CEN23_HOU_022(1.0),"Weekly rent paid by household, total household income, and household composition for households in rented occupied private dwellings, (RC, TALB, SA2, Health), 2013, 2018, and 2023 Censuses",I,2023,2023,17,Nelson Region,99,Not elsewhere included,99,Total - total household income,3,Three or more family household (with or without other people),0,,,
DATAFLOW,STATSNZ:CEN23_HOU_022(1.0),"Weekly rent paid by household, total household income, and household composition for households in rented occupied private dwellings, (RC, TALB, SA2, Health), 2013, 2018, and 2023 Censuses",I,2023,2023,08,Manawatū-Whanganui Region,777,Total stated - weekly rent paid by household,99,Total - total household income,4,Other multi-person household,2277,,,
DATAFLOW,STATSNZ:CEN23_HOU_022(1.0),"Weekly rent paid by household, total household income, and household composition for households in rented occupied private dwellings, (RC, TALB, SA2, Health), 2013, 2018, and 2023 Censuses",I,2023,2023,12,West Coast Region,06,$600 - $699,99,Total - total household income,99,Total - household composition,9,,,
DATAFLOW,STATSNZ:CEN23_HOU_022(1.0),"Weekly rent paid by household, total household income, and household composition for households in rented occupied private dwellings, (RC, TALB, SA2, Health), 2013, 2018, and 2023 Censuses",I,2023,2023,17,Nelson Region,05,$500 - $599,99,Total - total household income,6,Household composition unidentifiable,63,,,
DATAFLOW,STATSNZ:CEN23_HOU_022(1.0),"Weekly rent paid by household, total household income, and household composition for households in rented occupied private dwellings, (RC, TALB, SA2, Health), 2013, 2018, and 2023 Censuses",I,2023,2023,13,Canterbury Region,777,Total stated - weekly rent paid by household,99,Total - total household income,99,Total - household composition,70131,,,
DATAFLOW,STATSNZ:CEN23_HOU_022(1.0),"Weekly rent paid by household, total household income, and household composition for households in rented occupied private dwellings, (RC, TALB, SA2, Health), 2013, 2018, and 2023 Censuses",I,2023,2023,07,Taranaki Region,03,$300 - $399,99,Total - total household income,6,Household composition unidentifiable,198,,,
DATAFLOW,STATSNZ:CEN23_HOU_022(1.0),"Weekly rent paid by household, total household income, and household composition for households in rented occupied private dwellings, (RC, TALB, SA2, Health), 2013, 2018, and 2023 Censuses",I,2023,2023,9999,Total - New Zealand by regional council,08,$800 and over,99,Total - total household income,6,Household composition unidentifiable,1851,,,
DATAFLOW,STATSNZ:CEN23_HOU_022(1.0),"Weekly rent paid by household, total household income, and household composition for households in rented occupied private dwellings, (RC, TALB, SA2, Health), 2013, 2018, and 2023 Censuses",I,2023,2023,18,Marlborough Region,02,$200 - $299,99,Total - total household income,2,Two-family household (with or without other people),9,,,
DATAFLOW,STATSNZ:CEN23_HOU_022(1.0),"Weekly rent paid by household, total household income, and household composition for households in rented occupied private dwellings, (RC, TALB, SA2, Health), 2013, 2018, and 2023 Censuses",I,2023,2023,13,Canterbury Region,08,$800 and over,99,Total - total household income,99,Total - household composition,1464,,,
DATAFLOW,STATSNZ:CEN23_HOU_022(1.0),"Weekly rent paid by household, total household income, and household composition for households in rented occupied private dwellings, (RC, TALB, SA2, Health), 2013, 2018, and 2023 Censuses",I,2023,2023,18,Marlborough Region,99,Not elsewhere included,99,Total - total household income,4,Other multi-person household,6,,,
DATAFLOW,STATSNZ:CEN23_HOU_022(1.0),"Weekly rent paid by household, total household income, and household composition for households in rented occupied private dwellings, (RC, TALB, SA2, Health), 2013, 2018, and 2023 Censuses",I,2023,2023,08,Manawatū-Whanganui Region,03,$300 - $399,99,Total - total household income,1,One-family household (with or without other people),3186,,,
DATAFLOW,STATSNZ:CEN23_HOU_022(1.0),"Weekly rent paid by household, total household income, and household composition for households in rented occupied private dwellings, (RC, TALB, SA2, Health), 2013, 2018, and 2023 Censuses",I,2023,2023,14,Otago Region,05,$500 - $599,99,Total - total household income,5,One-person household,315,,,
DATAFLOW,STATSNZ:CEN23_HOU_022(1.0),"Weekly rent paid by household, total household income, and household composition for households in rented occupied private dwellings, (RC, TALB, SA2, Health), 2013, 2018, and 2023 Censuses",I,2023,2023,03,Waikato Region,02,$200 - $299,99,Total - total household income,3,Three or more family household (with or without other people),9,,,
DATAFLOW,STATSNZ:CEN23_HOU_022(1.0),"Weekly rent paid by household, total household income, and household composition for households in rented occupied private dwellings, (RC, TALB, SA2, Health), 2013, 2018, and 2023 Censuses",I,2023,2023,12,West Coast Region,01,Under $200,99,Total - total household income,4,Other multi-person household,54,,,
DATAFLOW,STATSNZ:CEN23_HOU_022(1.0),"Weekly rent paid by household, total household income, and household composition for households in rented occupied private dwellings, (RC, TALB, SA2, Health), 2013, 2018, and 2023 Censuses",I,2023,2023,99,Area Outside Region,777,Total stated - weekly rent paid by household,99,Total - total household income,77,Total stated - household composition,60,,,
DATAFLOW,STATSNZ:CEN23_HOU_022(1.0),"Weekly rent paid by household, total household income, and household composition for households in rented occupied private dwellings, (RC, TALB, SA2, Health), 2013, 2018, and 2023 Censuses",I,2023,2023,08,Manawatū-Whanganui Region,08,$800 and over,99,Total - total household income,3,Three or more family household (with or without other people),0,,,
DATAFLOW,STATSNZ:CEN23_HOU_022(1.0),"Weekly rent paid by household, total household income, and household composition for households in rented occupied private dwellings, (RC, TALB, SA2, Health), 2013, 2018, and 2023 Censuses",I,2023,2023,14,Otago Region,777,Total stated - weekly rent paid by household,99,Total - total household income,4,Other multi-person household,4779,,,
DATAFLOW,STATSNZ:CEN23_HOU_022(1.0),"Weekly rent paid by household, total household income, and household composition for households in rented occupied private dwellings, (RC, TALB, SA2, Health), 2013, 2018, and 2023 Censuses",I,2023,2023,15,Southland Region,07,$700 - $799,99,Total - total household income,99,Total - household composition,15,,,
DATAFLOW,STATSNZ:CEN23_HOU_022(1.0),"Weekly rent paid by household, total household income, and household composition for households in rented occupied private dwellings, (RC, TALB, SA2, Health), 2013, 2018, and 2023 Censuses",I,2023,2023,99,Area Outside Region,99,Not elsewhere included,99,Total - total household income,1,One-family household (with or without other people),,,c,Confidential
DATAFLOW,STATSNZ:CEN23_HOU_022(1.0),"Weekly rent paid by household, total household income, and household composition for households in rented occupied private dwellings, (RC, TALB, SA2, Health), 2013, 2018, and 2023 Censuses",I,2023,2023,15,Southland Region,01,Under $200,99,Total - total household income,4,Other multi-person household,216,,,
DATAFLOW,STATSNZ:CEN23_HOU_022(1.0),"Weekly rent paid by household, total household income, and household composition for households in rented occupied private dwellings, (RC, TALB, SA2, Health), 2013, 2018, and 2023 Censuses",I,2023,2023,05,Gisborne Region,99,Not elsewhere included,99,Total - total household income,2,Two-family household (with or without other people),3,,,
DATAFLOW,STATSNZ:CEN23_HOU_022(1.0),"Weekly rent paid by household, total household income, and household composition for households in rented occupied private dwellings, (RC, TALB, SA2, Health), 2013, 2018, and 2023 Censuses",I,2023,2023,06,Hawke's Bay Region,03,$300 - $399,99,Total - total household income,4,Other multi-person household,207,,,
DATAFLOW,STATSNZ:CEN23_HOU_022(1.0),"Weekly rent paid by household, total household income, and household composition for households in rented occupied private dwellings, (RC, TALB, SA2, Health), 2013, 2018, and 2023 Censuses",I,2023,2023,07,Taranaki Region,08,$800 and over,99,Total - total household income,3,Three or more family household (with or without other people),0,,,
DATAFLOW,STATSNZ:CEN23_HOU_022(1.0),"Weekly rent paid by household, total household income, and household composition for households in rented occupied private dwellings, (RC, TALB, SA2, Health), 2013, 2018, and 2023 Censuses",I,2023,2023,07,Taranaki Region,08,$800 and over,99,Total - total household income,2,Two-family household (with or without other people),3,,,
DATAFLOW,STATSNZ:CEN23_HOU_022(1.0),"Weekly rent paid by household, total household income, and household composition for households in rented occupied private dwellings, (RC, TALB, SA2, Health), 2013, 2018, and 2023 Censuses",I,2023,2023,05,Gisborne Region,03,$300 - $399,99,Total - total household income,77,Total stated - household composition,942,,,
DATAFLOW,STATSNZ:CEN23_HOU_022(1.0),"Weekly rent paid by household, total household income, and household composition for households in rented occupied private dwellings, (RC, TALB, SA2, Health), 2013, 2018, and 2023 Censuses",I,2023,2023,01,Northland Region,03,$300 - $399,99,Total - total household income,1,One-family household (with or without other people),1791,,,
DATAFLOW,STATSNZ:CEN23_HOU_022(1.0),"Weekly rent paid by household, total household income, and household composition for households in rented occupied private dwellings, (RC, TALB, SA2, Health), 2013, 2018, and 2023 Censuses",I,2023,2023,07,Taranaki Region,08,$800 and over,99,Total - total household income,77,Total stated - household composition,108,,,
DATAFLOW,STATSNZ:CEN23_HOU_022(1.0),"Weekly rent paid by household, total household income, and household composition for households in rented occupied private dwellings, (RC, TALB, SA2, Health), 2013, 2018, and 2023 Censuses",I,2023,2023,06,Hawke's Bay Region,777,Total stated - weekly rent paid by household,99,Total - total household income,2,Two-family household (with or without other people),615,,,
DATAFLOW,STATSNZ:CEN23_HOU_022(1.0),"Weekly rent paid by household, total household income, and household composition for households in rented occupied private dwellings, (RC, TALB, SA2, Health), 2013, 2018, and 2023 Censuses",I,2023,2023,99,Area Outside Region,01,Under $200,99,Total - total household income,2,Two-family household (with or without other people),,,c,Confidential
DATAFLOW,STATSNZ:CEN23_HOU_022(1.0),"Weekly rent paid by household, total household income, and household composition for households in rented occupied private dwellings, (RC, TALB, SA2, Health), 2013, 2018, and 2023 Censuses",I,2023,2023,01,Northland Region,07,$700 - $799,99,Total - total household income,1,One-family household (with or without other people),225,,,
DATAFLOW,STATSNZ:CEN23_HOU_022(1.0),"Weekly rent paid by household, total household income, and household composition for households in rented occupied private dwellings, (RC, TALB, SA2, Health), 2013, 2018, and 2023 Censuses",I,2023,2023,04,Bay of Plenty Region,03,$300 - $399,99,Total - total household income,4,Other multi-person household,282,,,
DATAFLOW,STATSNZ:CEN23_HOU_022(1.0),"Weekly rent paid by household, total household income, and household composition for households in rented occupied private dwellings, (RC, TALB, SA2, Health), 2013, 2018, and 2023 Censuses",I,2023,2023,13,Canterbury Region,04,$400 - $499,99,Total - total household income,5,One-person household,2607,,,
DATAFLOW,STATSNZ:CEN23_HOU_022(1.0),"Weekly rent paid by household, total household income, and household composition for households in rented occupied private dwellings, (RC, TALB, SA2, Health), 2013, 2018, and 2023 Censuses",I,2023,2023,01,Northland Region,07,$700 - $799,99,Total - total household income,2,Two-family household (with or without other people),21,,,
DATAFLOW,STATSNZ:CEN23_HOU_022(1.0),"Weekly rent paid by household, total household income, and household composition for households in rented occupied private dwellings, (RC, TALB, SA2, Health), 2013, 2018, and 2023 Censuses",I,2023,2023,9999,Total - New Zealand by regional council,02,$200 - $299,99,Total - total household income,1,One-family household (with or without other people),22923,,,
DATAFLOW,STATSNZ:CEN23_HOU_022(1.0),"Weekly rent paid by household, total household income, and household composition for households in rented occupied private dwellings, (RC, TALB, SA2, Health), 2013, 2018, and 2023 Censuses",I,2023,2023,04,Bay of Plenty Region,01,Under $200,99,Total - total household income,99,Total - household composition,4521,,,
DATAFLOW,STATSNZ:CEN23_HOU_022(1.0),"Weekly rent paid by household, total household income, and household composition for households in rented occupied private dwellings, (RC, TALB, SA2, Health), 2013, 2018, and 2023 Censuses",I,2023,2023,03,Waikato Region,02,$200 - $299,99,Total - total household income,1,One-family household (with or without other people),2946,,,
DATAFLOW,STATSNZ:CEN23_HOU_022(1.0),"Weekly rent paid by household, total household income, and household composition for households in rented occupied private dwellings, (RC, TALB, SA2, Health), 2013, 2018, and 2023 Censuses",I,2023,2023,14,Otago Region,04,$400 - $499,99,Total - total household income,6,Household composition unidentifiable,204,,,
DATAFLOW,STATSNZ:CEN23_HOU_022(1.0),"Weekly rent paid by household, total household income, and household composition for households in rented occupied private dwellings, (RC, TALB, SA2, Health), 2013, 2018, and 2023 Censuses",I,2023,2023,15,Southland Region,99,Not elsewhere included,99,Total - total household income,99,Total - household composition,180,,,
DATAFLOW,STATSNZ:CEN23_HOU_022(1.0),"Weekly rent paid by household, total household income, and household composition for households in rented occupied private dwellings, (RC, TALB, SA2, Health), 2013, 2018, and 2023 Censuses",I,2023,2023,99,Area Outside Region,01,Under $200,99,Total - total household income,4,Other multi-person household,,,c,Confidential
DATAFLOW,STATSNZ:CEN23_HOU_022(1.0),"Weekly rent paid by household, total household income, and household composition for households in rented occupied private dwellings, (RC, TALB, SA2, Health), 2013, 2018, and 2023 Censuses",I,2023,2023,9999,Total - New Zealand by regional council,02,$200 - $299,99,Total - total household income,2,Two-family household (with or without other people),1350,,,
DATAFLOW,STATSNZ:CEN23_HOU_022(1.0),"Weekly rent paid by household, total household income, and household composition for households in rented occupied private dwellings, (RC, TALB, SA2, Health), 2013, 2018, and 2023 Censuses",I,2023,2023,04,Bay of Plenty Region,06,$600 - $699,99,Total - total household income,6,Household composition unidentifiable,327,,,
DATAFLOW,STATSNZ:CEN23_HOU_022(1.0),"Weekly rent paid by household, total household income, and household composition for households in rented occupied private dwellings, (RC, TALB, SA2, Health), 2013, 2018, and 2023 Censuses",I,2023,2023,05,Gisborne Region,05,$500 - $599,99,Total - total household income,99,Total - household composition,618,,,
DATAFLOW,STATSNZ:CEN23_HOU_022(1.0),"Weekly rent paid by household, total household income, and household composition for households in rented occupied private dwellings, (RC, TALB, SA2, Health), 2013, 2018, and 2023 Censuses",I,2023,2023,02,Auckland Region,99,Not elsewhere included,99,Total - total household income,77,Total stated - household composition,1296,,,
DATAFLOW,STATSNZ:CEN23_HOU_022(1.0),"Weekly rent paid by household, total household income, and household composition for households in rented occupied private dwellings, (RC, TALB, SA2, Health), 2013, 2018, and 2023 Censuses",I,2023,2023,99,Area Outside Region,03,$300 - $399,99,Total - total household income,1,One-family household (with or without other people),,,c,Confidential
DATAFLOW,STATSNZ:CEN23_HOU_022(1.0),"Weekly rent paid by household, total household income, and household composition for households in rented occupied private dwellings, (RC, TALB, SA2, Health), 2013, 2018, and 2023 Censuses",I,2023,2023,04,Bay of Plenty Region,03,$300 - $399,99,Total - total household income,1,One-family household (with or without other people),2358,,,
DATAFLOW,STATSNZ:CEN23_HOU_022(1.0),"Weekly rent paid by household, total household income, and household composition for households in rented occupied private dwellings, (RC, TALB, SA2, Health), 2013, 2018, and 2023 Censuses",I,2023,2023,01,Northland Region,777,Total stated - weekly rent paid by household,99,Total - total household income,4,Other multi-person household,1152,,,
DATAFLOW,STATSNZ:CEN23_HOU_022(1.0),"Weekly rent paid by household, total household income, and household composition for households in rented occupied private dwellings, (RC, TALB, SA2, Health), 2013, 2018, and 2023 Censuses",I,2023,2023,9999,Total - New Zealand by regional council,02,$200 - $299,99,Total - total household income,6,Household composition unidentifiable,3831,,,
DATAFLOW,STATSNZ:CEN23_HOU_022(1.0),"Weekly rent paid by household, total household income, and household composition for households in rented occupied private dwellings, (RC, TALB, SA2, Health), 2013, 2018, and 2023 Censuses",I,2023,2023,09,Wellington Region,07,$700 - $799,99,Total - total household income,99,Total - household composition,5505,,,
DATAFLOW,STATSNZ:CEN23_HOU_022(1.0),"Weekly rent paid by household, total household income, and household composition for households in rented occupied private dwellings, (RC, TALB, SA2, Health), 2013, 2018, and 2023 Censuses",I,2023,2023,02,Auckland Region,02,$200 - $299,99,Total - total household income,5,One-person household,2772,,,
DATAFLOW,STATSNZ:CEN23_HOU_022(1.0),"Weekly rent paid by household, total household income, and household composition for households in rented occupied private dwellings, (RC, TALB, SA2, Health), 2013, 2018, and 2023 Censuses",I,2023,2023,14,Otago Region,08,$800 and over,99,Total - total household income,6,Household composition unidentifiable,72,,,
DATAFLOW,STATSNZ:CEN23_HOU_022(1.0),"Weekly rent paid by household, total household income, and household composition for households in rented occupied private dwellings, (RC, TALB, SA2, Health), 2013, 2018, and 2023 Censuses",I,2023,2023,9999,Total - New Zealand by regional council,03,$300 - $399,99,Total - total household income,99,Total - household composition,80247,,,
DATAFLOW,STATSNZ:CEN23_HOU_022(1.0),"Weekly rent paid by household, total household income, and household composition for households in rented occupied private dwellings, (RC, TALB, SA2, Health), 2013, 2018, and 2023 Censuses",I,2023,2023,08,Manawatū-Whanganui Region,04,$400 - $499,99,Total - total household income,2,Two-family household (with or without other people),150,,,
DATAFLOW,STATSNZ:CEN23_HOU_022(1.0),"Weekly rent paid by household, total household income, and household composition for households in rented occupied private dwellings, (RC, TALB, SA2, Health), 2013, 2018, and 2023 Censuses",I,2023,2023,9999,Total - New Zealand by regional council,01,Under $200,99,Total - total household income,3,Three or more family household (with or without other people),264,,,
DATAFLOW,STATSNZ:CEN23_HOU_022(1.0),"Weekly rent paid by household, total household income, and household composition for households in rented occupied private dwellings, (RC, TALB, SA2, Health), 2013, 2018, and 2023 Censuses",I,2023,2023,13,Canterbury Region,05,$500 - $599,99,Total - total household income,99,Total - household composition,10554,,,
DATAFLOW,STATSNZ:CEN23_HOU_022(1.0),"Weekly rent paid by household, total household income, and household composition for households in rented occupied private dwellings, (RC, TALB, SA2, Health), 2013, 2018, and 2023 Censuses",I,2023,2023,08,Manawatū-Whanganui Region,01,Under $200,99,Total - total household income,77,Total stated - household composition,5328,,,
DATAFLOW,STATSNZ:CEN23_HOU_022(1.0),"Weekly rent paid by household, total household income, and household composition for households in rented occupied private dwellings, (RC, TALB, SA2, Health), 2013, 2018, and 2023 Censuses",I,2023,2023,17,Nelson Region,777,Total stated - weekly rent paid by household,99,Total - total household income,2,Two-family household (with or without other people),123,,,
DATAFLOW,STATSNZ:CEN23_HOU_022(1.0),"Weekly rent paid by household, total household income, and household composition for households in rented occupied private dwellings, (RC, TALB, SA2, Health), 2013, 2018, and 2023 Censuses",I,2023,2023,06,Hawke's Bay Region,02,$200 - $299,99,Total - total household income,99,Total - household composition,2097,,,
DATAFLOW,STATSNZ:CEN23_HOU_022(1.0),"Weekly rent paid by household, total household income, and household composition for households in rented occupied private dwellings, (RC, TALB, SA2, Health), 2013, 2018, and 2023 Censuses",I,2023,2023,17,Nelson Region,08,$800 and over,99,Total - total household income,77,Total stated - household composition,75,,,
DATAFLOW,STATSNZ:CEN23_HOU_022(1.0),"Weekly rent paid by household, total household income, and household composition for households in rented occupied private dwellings, (RC, TALB, SA2, Health), 2013, 2018, and 2023 Censuses",I,2023,2023,17,Nelson Region,01,Under $200,99,Total - total household income,4,Other multi-person household,45,,,
DATAFLOW,STATSNZ:CEN23_HOU_022(1.0),"Weekly rent paid by household, total household income, and household composition for households in rented occupied private dwellings, (RC, TALB, SA2, Health), 2013, 2018, and 2023 Censuses",I,2023,2023,99,Area Outside Region,05,$500 - $599,99,Total - total household income,4,Other multi-person household,,,c,Confidential
DATAFLOW,STATSNZ:CEN23_HOU_022(1.0),"Weekly rent paid by household, total household income, and household composition for households in rented occupied private dwellings, (RC, TALB, SA2, Health), 2013, 2018, and 2023 Censuses",I,2023,2023,09,Wellington Region,05,$500 - $599,99,Total - total household income,1,One-family household (with or without other people),7023,,,
DATAFLOW,STATSNZ:CEN23_HOU_022(1.0),"Weekly rent paid by household, total household income, and household composition for households in rented occupied private dwellings, (RC, TALB, SA2, Health), 2013, 2018, and 2023 Censuses",I,2023,2023,09,Wellington Region,06,$600 - $699,99,Total - total household income,3,Three or more family household (with or without other people),9,,,
DATAFLOW,STATSNZ:CEN23_HOU_022(1.0),"Weekly rent paid by household, total household income, and household composition for households in rented occupied private dwellings, (RC, TALB, SA2, Health), 2013, 2018, and 2023 Censuses",I,2023,2023,12,West Coast Region,08,$800 and over,99,Total - total household income,1,One-family household (with or without other people),3,,,
DATAFLOW,STATSNZ:CEN23_HOU_022(1.0),"Weekly rent paid by household, total household income, and household composition for households in rented occupied private dwellings, (RC, TALB, SA2, Health), 2013, 2018, and 2023 Censuses",I,2023,2023,01,Northland Region,08,$800 and over,99,Total - total household income,99,Total - household composition,147,,,
DATAFLOW,STATSNZ:CEN23_HOU_022(1.0),"Weekly rent paid by household, total household income, and household composition for households in rented occupied private dwellings, (RC, TALB, SA2, Health), 2013, 2018, and 2023 Censuses",I,2023,2023,17,Nelson Region,02,$200 - $299,99,Total - total household income,3,Three or more family household (with or without other people),0,,,
DATAFLOW,STATSNZ:CEN23_HOU_022(1.0),"Weekly rent paid by household, total household income, and household composition for households in rented occupied private dwellings, (RC, TALB, SA2, Health), 2013, 2018, and 2023 Censuses",I,2023,2023,06,Hawke's Bay Region,08,$800 and over,99,Total - total household income,3,Three or more family household (with or without other people),3,,,
DATAFLOW,STATSNZ:CEN23_HOU_022(1.0),"Weekly rent paid by household, total household income, and household composition for households in rented occupied private dwellings, (RC, TALB, SA2, Health), 2013, 2018, and 2023 Censuses",I,2023,2023,08,Manawatū-Whanganui Region,05,$500 - $599,99,Total - total household income,77,Total stated - household composition,3306,,,
DATAFLOW,STATSNZ:CEN23_HOU_022(1.0),"Weekly rent paid by household, total household income, and household composition for households in rented occupied private dwellings, (RC, TALB, SA2, Health), 2013, 2018, and 2023 Censuses",I,2023,2023,17,Nelson Region,06,$600 - $699,99,Total - total household income,5,One-person household,33,,,
DATAFLOW,STATSNZ:CEN23_HOU_022(1.0),"Weekly rent paid by household, total household income, and household composition for households in rented occupied private dwellings, (RC, TALB, SA2, Health), 2013, 2018, and 2023 Censuses",I,2023,2023,9999,Total - New Zealand by regional council,999,Total - weekly rent paid by household,99,Total - total household income,99,Total - household composition,565974,,,
DATAFLOW,STATSNZ:CEN23_HOU_022(1.0),"Weekly rent paid by household, total household income, and household composition for households in rented occupied private dwellings, (RC, TALB, SA2, Health), 2013, 2018, and 2023 Censuses",I,2023,2023,05,Gisborne Region,999,Total - weekly rent paid by household,99,Total - total household income,1,One-family household (with or without other people),3228,,,
DATAFLOW,STATSNZ:CEN23_HOU_022(1.0),"Weekly rent paid by household, total household income, and household composition for households in rented occupied private dwellings, (RC, TALB, SA2, Health), 2013, 2018, and 2023 Censuses",I,2023,2023,06,Hawke's Bay Region,999,Total - weekly rent paid by household,99,Total - total household income,5,One-person household,4374,,,
DATAFLOW,STATSNZ:CEN23_HOU_022(1.0),"Weekly rent paid by household, total household income, and household composition for households in rented occupied private dwellings, (RC, TALB, SA2, Health), 2013, 2018, and 2023 Censuses",I,2023,2023,14,Otago Region,777,Total stated - weekly rent paid by household,99,Total - total household income,77,Total stated - household composition,24918,,,
DATAFLOW,STATSNZ:CEN23_HOU_022(1.0),"Weekly rent paid by household, total household income, and household composition for households in rented occupied private dwellings, (RC, TALB, SA2, Health), 2013, 2018, and 2023 Censuses",I,2023,2023,14,Otago Region,03,$300 - $399,99,Total - total household income,5,One-person household,1383,,,
DATAFLOW,STATSNZ:CEN23_HOU_022(1.0),"Weekly rent paid by household, total household income, and household composition for households in rented occupied private dwellings, (RC, TALB, SA2, Health), 2013, 2018, and 2023 Censuses",I,2023,2023,06,Hawke's Bay Region,08,$800 and over,99,Total - total household income,99,Total - household composition,258,,,
DATAFLOW,STATSNZ:CEN23_HOU_022(1.0),"Weekly rent paid by household, total household income, and household composition for households in rented occupied private dwellings, (RC, TALB, SA2, Health), 2013, 2018, and 2023 Censuses",I,2023,2023,08,Manawatū-Whanganui Region,06,$600 - $699,99,Total - total household income,5,One-person household,66,,,
DATAFLOW,STATSNZ:CEN23_HOU_022(1.0),"Weekly rent paid by household, total household income, and household composition for households in rented occupied private dwellings, (RC, TALB, SA2, Health), 2013, 2018, and 2023 Censuses",I,2023,2023,08,Manawatū-Whanganui Region,777,Total stated - weekly rent paid by household,99,Total - total household income,2,Two-family household (with or without other people),642,,,
DATAFLOW,STATSNZ:CEN23_HOU_022(1.0),"Weekly rent paid by household, total household income, and household composition for households in rented occupied private dwellings, (RC, TALB, SA2, Health), 2013, 2018, and 2023 Censuses",I,2023,2023,99,Area Outside Region,999,Total - weekly rent paid by household,99,Total - total household income,3,Three or more family household (with or without other people),0,,,
DATAFLOW,STATSNZ:CEN23_HOU_022(1.0),"Weekly rent paid by household, total household income, and household composition for households in rented occupied private dwellings, (RC, TALB, SA2, Health), 2013, 2018, and 2023 Censuses",I,2023,2023,14,Otago Region,03,$300 - $399,99,Total - total household income,4,Other multi-person household,426,,,
DATAFLOW,STATSNZ:CEN23_HOU_022(1.0),"Weekly rent paid by household, total household income, and household composition for households in rented occupied private dwellings, (RC, TALB, SA2, Health), 2013, 2018, and 2023 Censuses",I,2023,2023,09,Wellington Region,01,Under $200,99,Total - total household income,99,Total - household composition,8658,,,
DATAFLOW,STATSNZ:CEN23_HOU_022(1.0),"Weekly rent paid by household, total household income, and household composition for households in rented occupied private dwellings, (RC, TALB, SA2, Health), 2013, 2018, and 2023 Censuses",I,2023,2023,12,West Coast Region,07,$700 - $799,99,Total - total household income,6,Household composition unidentifiable,0,,,
DATAFLOW,STATSNZ:CEN23_HOU_022(1.0),"Weekly rent paid by household, total household income, and household composition for households in rented occupied private dwellings, (RC, TALB, SA2, Health), 2013, 2018, and 2023 Censuses",I,2023,2023,07,Taranaki Region,02,$200 - $299,99,Total - total household income,6,Household composition unidentifiable,207,,,
DATAFLOW,STATSNZ:CEN23_HOU_022(1.0),"Weekly rent paid by household, total household income, and household composition for households in rented occupied private dwellings, (RC, TALB, SA2, Health), 2013, 2018, and 2023 Censuses",I,2023,2023,05,Gisborne Region,03,$300 - $399,99,Total - total household income,3,Three or more family household (with or without other people),6,,,
DATAFLOW,STATSNZ:CEN23_HOU_022(1.0),"Weekly rent paid by household, total household income, and household composition for households in rented occupied private dwellings, (RC, TALB, SA2, Health), 2013, 2018, and 2023 Censuses",I,2023,2023,08,Manawatū-Whanganui Region,99,Not elsewhere included,99,Total - total household income,77,Total stated - household composition,396,,,
DATAFLOW,STATSNZ:CEN23_HOU_022(1.0),"Weekly rent paid by household, total household income, and household composition for households in rented occupied private dwellings, (RC, TALB, SA2, Health), 2013, 2018, and 2023 Censuses",I,2023,2023,05,Gisborne Region,04,$400 - $499,99,Total - total household income,99,Total - household composition,927,,,
DATAFLOW,STATSNZ:CEN23_HOU_022(1.0),"Weekly rent paid by household, total household income, and household composition for households in rented occupied private dwellings, (RC, TALB, SA2, Health), 2013, 2018, and 2023 Censuses",I,2023,2023,02,Auckland Region,03,$300 - $399,99,Total - total household income,3,Three or more family household (with or without other people),60,,,
DATAFLOW,STATSNZ:CEN23_HOU_022(1.0),"Weekly rent paid by household, total household income, and household composition for households in rented occupied private dwellings, (RC, TALB, SA2, Health), 2013, 2018, and 2023 Censuses",I,2023,2023,07,Taranaki Region,03,$300 - $399,99,Total - total household income,3,Three or more family household (with or without other people),3,,,
DATAFLOW,STATSNZ:CEN23_HOU_022(1.0),"Weekly rent paid by household, total household income, and household composition for households in rented occupied private dwellings, (RC, TALB, SA2, Health), 2013, 2018, and 2023 Censuses",I,2023,2023,17,Nelson Region,01,Under $200,99,Total - total household income,6,Household composition unidentifiable,39,,,
DATAFLOW,STATSNZ:CEN23_HOU_022(1.0),"Weekly rent paid by household, total household income, and household composition for households in rented occupied private dwellings, (RC, TALB, SA2, Health), 2013, 2018, and 2023 Censuses",I,2023,2023,15,Southland Region,03,$300 - $399,99,Total - total household income,1,One-family household (with or without other people),1704,,,
DATAFLOW,STATSNZ:CEN23_HOU_022(1.0),"Weekly rent paid by household, total household income, and household composition for households in rented occupied private dwellings, (RC, TALB, SA2, Health), 2013, 2018, and 2023 Censuses",I,2023,2023,99,Area Outside Region,04,$400 - $499,99,Total - total household income,77,Total stated - household composition,6,,,
DATAFLOW,STATSNZ:CEN23_HOU_022(1.0),"Weekly rent paid by household, total household income, and household composition for households in rented occupied private dwellings, (RC, TALB, SA2, Health), 2013, 2018, and 2023 Censuses",I,2023,2023,05,Gisborne Region,06,$600 - $699,99,Total - total household income,99,Total - household composition,351,,,
DATAFLOW,STATSNZ:CEN23_HOU_022(1.0),"Weekly rent paid by household, total household income, and household composition for households in rented occupied private dwellings, (RC, TALB, SA2, Health), 2013, 2018, and 2023 Censuses",I,2023,2023,07,Taranaki Region,99,Not elsewhere included,99,Total - total household income,2,Two-family household (with or without other people),3,,,
DATAFLOW,STATSNZ:CEN23_HOU_022(1.0),"Weekly rent paid by household, total household income, and household composition for households in rented occupied private dwellings, (RC, TALB, SA2, Health), 2013, 2018, and 2023 Censuses",I,2023,2023,17,Nelson Region,07,$700 - $799,99,Total - total household income,5,One-person household,3,,,
DATAFLOW,STATSNZ:CEN23_HOU_022(1.0),"Weekly rent paid by household, total household income, and household composition for households in rented occupied private dwellings, (RC, TALB, SA2, Health), 2013, 2018, and 2023 Censuses",I,2023,2023,04,Bay of Plenty Region,777,Total stated - weekly rent paid by household,99,Total - total household income,4,Other multi-person household,2562,,,
DATAFLOW,STATSNZ:CEN23_HOU_022(1.0),"Weekly rent paid by household, total household income, and household composition for households in rented occupied private dwellings, (RC, TALB, SA2, Health), 2013, 2018, and 2023 Censuses",I,2023,2023,17,Nelson Region,999,Total - weekly rent paid by household,99,Total - total household income,77,Total stated - household composition,5343,,,
DATAFLOW,STATSNZ:CEN23_HOU_022(1.0),"Weekly rent paid by household, total household income, and household composition for households in rented occupied private dwellings, (RC, TALB, SA2, Health), 2013, 2018, and 2023 Censuses",I,2023,2023,13,Canterbury Region,06,$600 - $699,99,Total - total household income,4,Other multi-person household,864,,,
DATAFLOW,STATSNZ:CEN23_HOU_022(1.0),"Weekly rent paid by household, total household income, and household composition for households in rented occupied private dwellings, (RC, TALB, SA2, Health), 2013, 2018, and 2023 Censuses",I,2023,2023,9999,Total - New Zealand by regional council,08,$800 and over,99,Total - total household income,99,Total - household composition,35712,,,
DATAFLOW,STATSNZ:CEN23_HOU_022(1.0),"Weekly rent paid by household, total household income, and household composition for households in rented occupied private dwellings, (RC, TALB, SA2, Health), 2013, 2018, and 2023 Censuses",I,2023,2023,05,Gisborne Region,99,Not elsewhere included,99,Total - total household income,99,Total - household composition,96,,,
DATAFLOW,STATSNZ:CEN23_HOU_022(1.0),"Weekly rent paid by household, total household income, and household composition for households in rented occupied private dwellings, (RC, TALB, SA2, Health), 2013, 2018, and 2023 Censuses",I,2023,2023,02,Auckland Region,01,Under $200,99,Total - total household income,77,Total stated - household composition,25995,,,
DATAFLOW,STATSNZ:CEN23_HOU_022(1.0),"Weekly rent paid by household, total household income, and household composition for households in rented occupied private dwellings, (RC, TALB, SA2, Health), 2013, 2018, and 2023 Censuses",I,2023,2023,07,Taranaki Region,777,Total stated - weekly rent paid by household,99,Total - total household income,5,One-person household,3240,,,
DATAFLOW,STATSNZ:CEN23_HOU_022(1.0),"Weekly rent paid by household, total household income, and household composition for households in rented occupied private dwellings, (RC, TALB, SA2, Health), 2013, 2018, and 2023 Censuses",I,2023,2023,03,Waikato Region,05,$500 - $599,99,Total - total household income,77,Total stated - household composition,10008,,,
DATAFLOW,STATSNZ:CEN23_HOU_022(1.0),"Weekly rent paid by household, total household income, and household composition for households in rented occupied private dwellings, (RC, TALB, SA2, Health), 2013, 2018, and 2023 Censuses",I,2023,2023,14,Otago Region,08,$800 and over,99,Total - total household income,4,Other multi-person household,1179,,,
DATAFLOW,STATSNZ:CEN23_HOU_022(1.0),"Weekly rent paid by household, total household income, and household composition for households in rented occupied private dwellings, (RC, TALB, SA2, Health), 2013, 2018, and 2023 Censuses",I,2023,2023,06,Hawke's Bay Region,777,Total stated - weekly rent paid by household,99,Total - total household income,1,One-family household (with or without other people),9255,,,
DATAFLOW,STATSNZ:CEN23_HOU_022(1.0),"Weekly rent paid by household, total household income, and household composition for households in rented occupied private dwellings, (RC, TALB, SA2, Health), 2013, 2018, and 2023 Censuses",I,2023,2023,02,Auckland Region,999,Total - weekly rent paid by household,99,Total - total household income,6,Household composition unidentifiable,12540,,,
DATAFLOW,STATSNZ:CEN23_HOU_022(1.0),"Weekly rent paid by household, total household income, and household composition for households in rented occupied private dwellings, (RC, TALB, SA2, Health), 2013, 2018, and 2023 Censuses",I,2023,2023,99,Area Outside Region,02,$200 - $299,99,Total - total household income,1,One-family household (with or without other people),9,,,
DATAFLOW,STATSNZ:CEN23_HOU_022(1.0),"Weekly rent paid by household, total household income, and household composition for households in rented occupied private dwellings, (RC, TALB, SA2, Health), 2013, 2018, and 2023 Censuses",I,2023,2023,09,Wellington Region,07,$700 - $799,99,Total - total household income,1,One-family household (with or without other people),3312,,,
DATAFLOW,STATSNZ:CEN23_HOU_022(1.0),"Weekly rent paid by household, total household income, and household composition for households in rented occupied private dwellings, (RC, TALB, SA2, Health), 2013, 2018, and 2023 Censuses",I,2023,2023,04,Bay of Plenty Region,06,$600 - $699,99,Total - total household income,3,Three or more family household (with or without other people),9,,,
DATAFLOW,STATSNZ:CEN23_HOU_022(1.0),"Weekly rent paid by household, total household income, and household composition for households in rented occupied private dwellings, (RC, TALB, SA2, Health), 2013, 2018, and 2023 Censuses",I,2023,2023,02,Auckland Region,777,Total stated - weekly rent paid by household,99,Total - total household income,6,Household composition unidentifiable,12204,,,
DATAFLOW,STATSNZ:CEN23_HOU_022(1.0),"Weekly rent paid by household, total household income, and household composition for households in rented occupied private dwellings, (RC, TALB, SA2, Health), 2013, 2018, and 2023 Censuses",I,2023,2023,99,Area Outside Region,07,$700 - $799,99,Total - total household income,6,Household composition unidentifiable,,,c,Confidential
DATAFLOW,STATSNZ:CEN23_HOU_022(1.0),"Weekly rent paid by household, total household income, and household composition for households in rented occupied private dwellings, (RC, TALB, SA2, Health), 2013, 2018, and 2023 Censuses",I,2023,2023,16,Tasman Region,06,$600 - $699,99,Total - total household income,1,One-family household (with or without other people),327,,,
DATAFLOW,STATSNZ:CEN23_HOU_022(1.0),"Weekly rent paid by household, total household income, and household composition for households in rented occupied private dwellings, (RC, TALB, SA2, Health), 2013, 2018, and 2023 Censuses",I,2023,2023,08,Manawatū-Whanganui Region,02,$200 - $299,99,Total - total household income,5,One-person household,1743,,,
DATAFLOW,STATSNZ:CEN23_HOU_022(1.0),"Weekly rent paid by household, total household income, and household composition for households in rented occupied private dwellings, (RC, TALB, SA2, Health), 2013, 2018, and 2023 Censuses",I,2023,2023,18,Marlborough Region,01,Under $200,99,Total - total household income,6,Household composition unidentifiable,54,,,
DATAFLOW,STATSNZ:CEN23_HOU_022(1.0),"Weekly rent paid by household, total household income, and household composition for households in rented occupied private dwellings, (RC, TALB, SA2, Health), 2013, 2018, and 2023 Censuses",I,2023,2023,04,Bay of Plenty Region,03,$300 - $399,99,Total - total household income,77,Total stated - household composition,4248,,,
DATAFLOW,STATSNZ:CEN23_HOU_022(1.0),"Weekly rent paid by household, total household income, and household composition for households in rented occupied private dwellings, (RC, TALB, SA2, Health), 2013, 2018, and 2023 Censuses",I,2023,2023,14,Otago Region,99,Not elsewhere included,99,Total - total household income,6,Household composition unidentifiable,24,,,
DATAFLOW,STATSNZ:CEN23_HOU_022(1.0),"Weekly rent paid by household, total household income, and household composition for households in rented occupied private dwellings, (RC, TALB, SA2, Health), 2013, 2018, and 2023 Censuses",I,2023,2023,02,Auckland Region,99,Not elsewhere included,99,Total - total household income,6,Household composition unidentifiable,336,,,
DATAFLOW,STATSNZ:CEN23_HOU_022(1.0),"Weekly rent paid by household, total household income, and household composition for households in rented occupied private dwellings, (RC, TALB, SA2, Health), 2013, 2018, and 2023 Censuses",I,2023,2023,05,Gisborne Region,08,$800 and over,99,Total - total household income,1,One-family household (with or without other people),42,,,
DATAFLOW,STATSNZ:CEN23_HOU_022(1.0),"Weekly rent paid by household, total household income, and household composition for households in rented occupied private dwellings, (RC, TALB, SA2, Health), 2013, 2018, and 2023 Censuses",I,2023,2023,99,Area Outside Region,07,$700 - $799,99,Total - total household income,99,Total - household composition,0,,,
DATAFLOW,STATSNZ:CEN23_HOU_022(1.0),"Weekly rent paid by household, total household income, and household composition for households in rented occupied private dwellings, (RC, TALB, SA2, Health), 2013, 2018, and 2023 Censuses",I,2023,2023,01,Northland Region,04,$400 - $499,99,Total - total household income,3,Three or more family household (with or without other people),9,,,
DATAFLOW,STATSNZ:CEN23_HOU_022(1.0),"Weekly rent paid by household, total household income, and household composition for households in rented occupied private dwellings, (RC, TALB, SA2, Health), 2013, 2018, and 2023 Censuses",I,2023,2023,15,Southland Region,777,Total stated - weekly rent paid by household,99,Total - total household income,4,Other multi-person household,855,,,
DATAFLOW,STATSNZ:CEN23_HOU_022(1.0),"Weekly rent paid by household, total household income, and household composition for households in rented occupied private dwellings, (RC, TALB, SA2, Health), 2013, 2018, and 2023 Censuses",I,2023,2023,01,Northland Region,01,Under $200,99,Total - total household income,99,Total - household composition,3549,,,
DATAFLOW,STATSNZ:CEN23_HOU_022(1.0),"Weekly rent paid by household, total household income, and household composition for households in rented occupied private dwellings, (RC, TALB, SA2, Health), 2013, 2018, and 2023 Censuses",I,2023,2023,09,Wellington Region,03,$300 - $399,99,Total - total household income,99,Total - household composition,7164,,,
DATAFLOW,STATSNZ:CEN23_HOU_022(1.0),"Weekly rent paid by household, total household income, and household composition for households in rented occupied private dwellings, (RC, TALB, SA2, Health), 2013, 2018, and 2023 Censuses",I,2023,2023,09,Wellington Region,777,Total stated - weekly rent paid by household,99,Total - total household income,6,Household composition unidentifiable,3780,,,
DATAFLOW,STATSNZ:CEN23_HOU_022(1.0),"Weekly rent paid by household, total household income, and household composition for households in rented occupied private dwellings, (RC, TALB, SA2, Health), 2013, 2018, and 2023 Censuses",I,2023,2023,18,Marlborough Region,999,Total - weekly rent paid by household,99,Total - total household income,99,Total - household composition,4686,,,
DATAFLOW,STATSNZ:CEN23_HOU_022(1.0),"Weekly rent paid by household, total household income, and household composition for households in rented occupied private dwellings, (RC, TALB, SA2, Health), 2013, 2018, and 2023 Censuses",I,2023,2023,99,Area Outside Region,03,$300 - $399,99,Total - total household income,77,Total stated - household composition,,,c,Confidential
DATAFLOW,STATSNZ:CEN23_HOU_022(1.0),"Weekly rent paid by household, total household income, and household composition for households in rented occupied private dwellings, (RC, TALB, SA2, Health), 2013, 2018, and 2023 Censuses",I,2023,2023,18,Marlborough Region,01,Under $200,99,Total - total household income,5,One-person household,300,,,
DATAFLOW,STATSNZ:CEN23_HOU_022(1.0),"Weekly rent paid by household, total household income, and household composition for households in rented occupied private dwellings, (RC, TALB, SA2, Health), 2013, 2018, and 2023 Censuses",I,2023,2023,03,Waikato Region,05,$500 - $599,99,Total - total household income,6,Household composition unidentifiable,771,,,
DATAFLOW,STATSNZ:CEN23_HOU_022(1.0),"Weekly rent paid by household, total household income, and household composition for households in rented occupied private dwellings, (RC, TALB, SA2, Health), 2013, 2018, and 2023 Censuses",I,2023,2023,15,Southland Region,08,$800 and over,99,Total - total household income,2,Two-family household (with or without other people),3,,,
DATAFLOW,STATSNZ:CEN23_HOU_022(1.0),"Weekly rent paid by household, total household income, and household composition for households in rented occupied private dwellings, (RC, TALB, SA2, Health), 2013, 2018, and 2023 Censuses",I,2023,2023,04,Bay of Plenty Region,05,$500 - $599,99,Total - total household income,6,Household composition unidentifiable,513,,,
DATAFLOW,STATSNZ:CEN23_HOU_022(1.0),"Weekly rent paid by household, total household income, and household composition for households in rented occupied private dwellings, (RC, TALB, SA2, Health), 2013, 2018, and 2023 Censuses",I,2023,2023,12,West Coast Region,01,Under $200,99,Total - total household income,77,Total stated - household composition,918,,,
DATAFLOW,STATSNZ:CEN23_HOU_022(1.0),"Weekly rent paid by household, total household income, and household composition for households in rented occupied private dwellings, (RC, TALB, SA2, Health), 2013, 2018, and 2023 Censuses",I,2023,2023,06,Hawke's Bay Region,999,Total - weekly rent paid by household,99,Total - total household income,99,Total - household composition,17874,,,
DATAFLOW,STATSNZ:CEN23_HOU_022(1.0),"Weekly rent paid by household, total household income, and household composition for households in rented occupied private dwellings, (RC, TALB, SA2, Health), 2013, 2018, and 2023 Censuses",I,2023,2023,04,Bay of Plenty Region,02,$200 - $299,99,Total - total household income,1,One-family household (with or without other people),1320,,,
DATAFLOW,STATSNZ:CEN23_HOU_022(1.0),"Weekly rent paid by household, total household income, and household composition for households in rented occupied private dwellings, (RC, TALB, SA2, Health), 2013, 2018, and 2023 Censuses",I,2023,2023,15,Southland Region,01,Under $200,99,Total - total household income,77,Total stated - household composition,2250,,,
DATAFLOW,STATSNZ:CEN23_HOU_022(1.0),"Weekly rent paid by household, total household income, and household composition for households in rented occupied private dwellings, (RC, TALB, SA2, Health), 2013, 2018, and 2023 Censuses",I,2023,2023,15,Southland Region,08,$800 and over,99,Total - total household income,3,Three or more family household (with or without other people),0,,,
DATAFLOW,STATSNZ:CEN23_HOU_022(1.0),"Weekly rent paid by household, total household income, and household composition for households in rented occupied private dwellings, (RC, TALB, SA2, Health), 2013, 2018, and 2023 Censuses",I,2023,2023,08,Manawatū-Whanganui Region,08,$800 and over,99,Total - total household income,1,One-family household (with or without other people),81,,,
DATAFLOW,STATSNZ:CEN23_HOU_022(1.0),"Weekly rent paid by household, total household income, and household composition for households in rented occupied private dwellings, (RC, TALB, SA2, Health), 2013, 2018, and 2023 Censuses",I,2023,2023,04,Bay of Plenty Region,07,$700 - $799,99,Total - total household income,6,Household composition unidentifiable,69,,,
DATAFLOW,STATSNZ:CEN23_HOU_022(1.0),"Weekly rent paid by household, total household income, and household composition for households in rented occupied private dwellings, (RC, TALB, SA2, Health), 2013, 2018, and 2023 Censuses",I,2023,2023,05,Gisborne Region,05,$500 - $599,99,Total - total household income,77,Total stated - household composition,573,,,
DATAFLOW,STATSNZ:CEN23_HOU_022(1.0),"Weekly rent paid by household, total household income, and household composition for households in rented occupied private dwellings, (RC, TALB, SA2, Health), 2013, 2018, and 2023 Censuses",I,2023,2023,04,Bay of Plenty Region,06,$600 - $699,99,Total - total household income,1,One-family household (with or without other people),3900,,,
DATAFLOW,STATSNZ:CEN23_HOU_022(1.0),"Weekly rent paid by household, total household income, and household composition for households in rented occupied private dwellings, (RC, TALB, SA2, Health), 2013, 2018, and 2023 Censuses",I,2023,2023,18,Marlborough Region,999,Total - weekly rent paid by household,99,Total - total household income,77,Total stated - household composition,4431,,,
DATAFLOW,STATSNZ:CEN23_HOU_022(1.0),"Weekly rent paid by household, total household income, and household composition for households in rented occupied private dwellings, (RC, TALB, SA2, Health), 2013, 2018, and 2023 Censuses",I,2023,2023,05,Gisborne Region,777,Total stated - weekly rent paid by household,99,Total - total household income,77,Total stated - household composition,5205,,,
DATAFLOW,STATSNZ:CEN23_HOU_022(1.0),"Weekly rent paid by household, total household income, and household composition for households in rented occupied private dwellings, (RC, TALB, SA2, Health), 2013, 2018, and 2023 Censuses",I,2023,2023,06,Hawke's Bay Region,07,$700 - $799,99,Total - total household income,1,One-family household (with or without other people),297,,,
DATAFLOW,STATSNZ:CEN23_HOU_022(1.0),"Weekly rent paid by household, total household income, and household composition for households in rented occupied private dwellings, (RC, TALB, SA2, Health), 2013, 2018, and 2023 Censuses",I,2023,2023,17,Nelson Region,07,$700 - $799,99,Total - total household income,2,Two-family household (with or without other people),0,,,
DATAFLOW,STATSNZ:CEN23_HOU_022(1.0),"Weekly rent paid by household, total household income, and household composition for households in rented occupied private dwellings, (RC, TALB, SA2, Health), 2013, 2018, and 2023 Censuses",I,2023,2023,07,Taranaki Region,01,Under $200,99,Total - total household income,77,Total stated - household composition,2073,,,
DATAFLOW,STATSNZ:CEN23_HOU_022(1.0),"Weekly rent paid by household, total household income, and household composition for households in rented occupied private dwellings, (RC, TALB, SA2, Health), 2013, 2018, and 2023 Censuses",I,2023,2023,05,Gisborne Region,05,$500 - $599,99,Total - total household income,6,Household composition unidentifiable,45,,,
DATAFLOW,STATSNZ:CEN23_HOU_022(1.0),"Weekly rent paid by household, total household income, and household composition for households in rented occupied private dwellings, (RC, TALB, SA2, Health), 2013, 2018, and 2023 Censuses",I,2023,2023,06,Hawke's Bay Region,07,$700 - $799,99,Total - total household income,99,Total - household composition,465,,,
DATAFLOW,STATSNZ:CEN23_HOU_022(1.0),"Weekly rent paid by household, total household income, and household composition for households in rented occupied private dwellings, (RC, TALB, SA2, Health), 2013, 2018, and 2023 Censuses",I,2023,2023,16,Tasman Region,01,Under $200,99,Total - total household income,5,One-person household,267,,,
DATAFLOW,STATSNZ:CEN23_HOU_022(1.0),"Weekly rent paid by household, total household income, and household composition for households in rented occupied private dwellings, (RC, TALB, SA2, Health), 2013, 2018, and 2023 Censuses",I,2023,2023,01,Northland Region,01,Under $200,99,Total - total household income,5,One-person household,1314,,,
DATAFLOW,STATSNZ:CEN23_HOU_022(1.0),"Weekly rent paid by household, total household income, and household composition for households in rented occupied private dwellings, (RC, TALB, SA2, Health), 2013, 2018, and 2023 Censuses",I,2023,2023,02,Auckland Region,01,Under $200,99,Total - total household income,1,One-family household (with or without other people),14109,,,
DATAFLOW,STATSNZ:CEN23_HOU_022(1.0),"Weekly rent paid by household, total household income, and household composition for households in rented occupied private dwellings, (RC, TALB, SA2, Health), 2013, 2018, and 2023 Censuses",I,2023,2023,16,Tasman Region,06,$600 - $699,99,Total - total household income,6,Household composition unidentifiable,18,,,
DATAFLOW,STATSNZ:CEN23_HOU_022(1.0),"Weekly rent paid by household, total household income, and household composition for households in rented occupied private dwellings, (RC, TALB, SA2, Health), 2013, 2018, and 2023 Censuses",I,2023,2023,03,Waikato Region,99,Not elsewhere included,99,Total - total household income,4,Other multi-person household,42,,,
DATAFLOW,STATSNZ:CEN23_HOU_022(1.0),"Weekly rent paid by household, total household income, and household composition for households in rented occupied private dwellings, (RC, TALB, SA2, Health), 2013, 2018, and 2023 Censuses",I,2023,2023,16,Tasman Region,03,$300 - $399,99,Total - total household income,99,Total - household composition,810,,,
DATAFLOW,STATSNZ:CEN23_HOU_022(1.0),"Weekly rent paid by household, total household income, and household composition for households in rented occupied private dwellings, (RC, TALB, SA2, Health), 2013, 2018, and 2023 Censuses",I,2023,2023,04,Bay of Plenty Region,06,$600 - $699,99,Total - total household income,4,Other multi-person household,480,,,
DATAFLOW,STATSNZ:CEN23_HOU_022(1.0),"Weekly rent paid by household, total household income, and household composition for households in rented occupied private dwellings, (RC, TALB, SA2, Health), 2013, 2018, and 2023 Censuses",I,2023,2023,03,Waikato Region,04,$400 - $499,99,Total - total household income,77,Total stated - household composition,11238,,,
DATAFLOW,STATSNZ:CEN23_HOU_022(1.0),"Weekly rent paid by household, total household income, and household composition for households in rented occupied private dwellings, (RC, TALB, SA2, Health), 2013, 2018, and 2023 Censuses",I,2023,2023,9999,Total - New Zealand by regional council,08,$800 and over,99,Total - total household income,2,Two-family household (with or without other people),2721,,,
DATAFLOW,STATSNZ:CEN23_HOU_022(1.0),"Weekly rent paid by household, total household income, and household composition for households in rented occupied private dwellings, (RC, TALB, SA2, Health), 2013, 2018, and 2023 Censuses",I,2023,2023,9999,Total - New Zealand by regional council,04,$400 - $499,99,Total - total household income,6,Household composition unidentifiable,6600,,,
DATAFLOW,STATSNZ:CEN23_HOU_022(1.0),"Weekly rent paid by household, total household income, and household composition for households in rented occupied private dwellings, (RC, TALB, SA2, Health), 2013, 2018, and 2023 Censuses",I,2023,2023,07,Taranaki Region,777,Total stated - weekly rent paid by household,99,Total - total household income,3,Three or more family household (with or without other people),15,,,
DATAFLOW,STATSNZ:CEN23_HOU_022(1.0),"Weekly rent paid by household, total household income, and household composition for households in rented occupied private dwellings, (RC, TALB, SA2, Health), 2013, 2018, and 2023 Censuses",I,2023,2023,17,Nelson Region,99,Not elsewhere included,99,Total - total household income,4,Other multi-person household,6,,,
DATAFLOW,STATSNZ:CEN23_HOU_022(1.0),"Weekly rent paid by household, total household income, and household composition for households in rented occupied private dwellings, (RC, TALB, SA2, Health), 2013, 2018, and 2023 Censuses",I,2023,2023,09,Wellington Region,07,$700 - $799,99,Total - total household income,4,Other multi-person household,1302,,,
DATAFLOW,STATSNZ:CEN23_HOU_022(1.0),"Weekly rent paid by household, total household income, and household composition for households in rented occupied private dwellings, (RC, TALB, SA2, Health), 2013, 2018, and 2023 Censuses",I,2023,2023,07,Taranaki Region,999,Total - weekly rent paid by household,99,Total - total household income,99,Total - household composition,12246,,,
DATAFLOW,STATSNZ:CEN23_HOU_022(1.0),"Weekly rent paid by household, total household income, and household composition for households in rented occupied private dwellings, (RC, TALB, SA2, Health), 2013, 2018, and 2023 Censuses",I,2023,2023,17,Nelson Region,02,$200 - $299,99,Total - total household income,5,One-person household,246,,,
DATAFLOW,STATSNZ:CEN23_HOU_022(1.0),"Weekly rent paid by household, total household income, and household composition for households in rented occupied private dwellings, (RC, TALB, SA2, Health), 2013, 2018, and 2023 Censuses",I,2023,2023,04,Bay of Plenty Region,04,$400 - $499,99,Total - total household income,6,Household composition unidentifiable,486,,,
DATAFLOW,STATSNZ:CEN23_HOU_022(1.0),"Weekly rent paid by household, total household income, and household composition for households in rented occupied private dwellings, (RC, TALB, SA2, Health), 2013, 2018, and 2023 Censuses",I,2023,2023,16,Tasman Region,06,$600 - $699,99,Total - total household income,4,Other multi-person household,27,,,
DATAFLOW,STATSNZ:CEN23_HOU_022(1.0),"Weekly rent paid by household, total household income, and household composition for households in rented occupied private dwellings, (RC, TALB, SA2, Health), 2013, 2018, and 2023 Censuses",I,2023,2023,16,Tasman Region,07,$700 - $799,99,Total - total household income,3,Three or more family household (with or without other people),0,,,
DATAFLOW,STATSNZ:CEN23_HOU_022(1.0),"Weekly rent paid by household, total household income, and household composition for households in rented occupied private dwellings, (RC, TALB, SA2, Health), 2013, 2018, and 2023 Censuses",I,2023,2023,14,Otago Region,02,$200 - $299,99,Total - total household income,5,One-person household,1410,,,
DATAFLOW,STATSNZ:CEN23_HOU_022(1.0),"Weekly rent paid by household, total household income, and household composition for households in rented occupied private dwellings, (RC, TALB, SA2, Health), 2013, 2018, and 2023 Censuses",I,2023,2023,18,Marlborough Region,777,Total stated - weekly rent paid by household,99,Total - total household income,2,Two-family household (with or without other people),102,,,
DATAFLOW,STATSNZ:CEN23_HOU_022(1.0),"Weekly rent paid by household, total household income, and household composition for households in rented occupied private dwellings, (RC, TALB, SA2, Health), 2013, 2018, and 2023 Censuses",I,2023,2023,99,Area Outside Region,03,$300 - $399,99,Total - total household income,3,Three or more family household (with or without other people),,,c,Confidential
DATAFLOW,STATSNZ:CEN23_HOU_022(1.0),"Weekly rent paid by household, total household income, and household composition for households in rented occupied private dwellings, (RC, TALB, SA2, Health), 2013, 2018, and 2023 Censuses",I,2023,2023,16,Tasman Region,08,$800 and over,99,Total - total household income,3,Three or more family household (with or without other people),0,,,
DATAFLOW,STATSNZ:CEN23_HOU_022(1.0),"Weekly rent paid by household, total household income, and household composition for households in rented occupied private dwellings, (RC, TALB, SA2, Health), 2013, 2018, and 2023 Censuses",I,2023,2023,02,Auckland Region,06,$600 - $699,99,Total - total household income,3,Three or more family household (with or without other people),129,,,
DATAFLOW,STATSNZ:CEN23_HOU_022(1.0),"Weekly rent paid by household, total household income, and household composition for households in rented occupied private dwellings, (RC, TALB, SA2, Health), 2013, 2018, and 2023 Censuses",I,2023,2023,06,Hawke's Bay Region,777,Total stated - weekly rent paid by household,99,Total - total household income,3,Three or more family household (with or without other people),57,,,
DATAFLOW,STATSNZ:CEN23_HOU_022(1.0),"Weekly rent paid by household, total household income, and household composition for households in rented occupied private dwellings, (RC, TALB, SA2, Health), 2013, 2018, and 2023 Censuses",I,2023,2023,01,Northland Region,02,$200 - $299,99,Total - total household income,1,One-family household (with or without other people),1056,,,
DATAFLOW,STATSNZ:CEN23_HOU_022(1.0),"Weekly rent paid by household, total household income, and household composition for households in rented occupied private dwellings, (RC, TALB, SA2, Health), 2013, 2018, and 2023 Censuses",I,2023,2023,08,Manawatū-Whanganui Region,99,Not elsewhere included,99,Total - total household income,2,Two-family household (with or without other people),6,,,
DATAFLOW,STATSNZ:CEN23_HOU_022(1.0),"Weekly rent paid by household, total household income, and household composition for households in rented occupied private dwellings, (RC, TALB, SA2, Health), 2013, 2018, and 2023 Censuses",I,2023,2023,08,Manawatū-Whanganui Region,777,Total stated - weekly rent paid by household,99,Total - total household income,5,One-person household,7626,,,
DATAFLOW,STATSNZ:CEN23_HOU_022(1.0),"Weekly rent paid by household, total household income, and household composition for households in rented occupied private dwellings, (RC, TALB, SA2, Health), 2013, 2018, and 2023 Censuses",I,2023,2023,99,Area Outside Region,06,$600 - $699,99,Total - total household income,6,Household composition unidentifiable,,,c,Confidential
DATAFLOW,STATSNZ:CEN23_HOU_022(1.0),"Weekly rent paid by household, total household income, and household composition for households in rented occupied private dwellings, (RC, TALB, SA2, Health), 2013, 2018, and 2023 Censuses",I,2023,2023,17,Nelson Region,02,$200 - $299,99,Total - total household income,77,Total stated - household composition,417,,,
DATAFLOW,STATSNZ:CEN23_HOU_022(1.0),"Weekly rent paid by household, total household income, and household composition for households in rented occupied private dwellings, (RC, TALB, SA2, Health), 2013, 2018, and 2023 Censuses",I,2023,2023,04,Bay of Plenty Region,01,Under $200,99,Total - total household income,77,Total stated - household composition,4032,,,
DATAFLOW,STATSNZ:CEN23_HOU_022(1.0),"Weekly rent paid by household, total household income, and household composition for households in rented occupied private dwellings, (RC, TALB, SA2, Health), 2013, 2018, and 2023 Censuses",I,2023,2023,09,Wellington Region,07,$700 - $799,99,Total - total household income,5,One-person household,402,,,
DATAFLOW,STATSNZ:CEN23_HOU_022(1.0),"Weekly rent paid by household, total household income, and household composition for households in rented occupied private dwellings, (RC, TALB, SA2, Health), 2013, 2018, and 2023 Censuses",I,2023,2023,14,Otago Region,05,$500 - $599,99,Total - total household income,6,Household composition unidentifiable,162,,,
DATAFLOW,STATSNZ:CEN23_HOU_022(1.0),"Weekly rent paid by household, total household income, and household composition for households in rented occupied private dwellings, (RC, TALB, SA2, Health), 2013, 2018, and 2023 Censuses",I,2023,2023,12,West Coast Region,01,Under $200,99,Total - total household income,1,One-family household (with or without other people),273,,,
DATAFLOW,STATSNZ:CEN23_HOU_022(1.0),"Weekly rent paid by household, total household income, and household composition for households in rented occupied private dwellings, (RC, TALB, SA2, Health), 2013, 2018, and 2023 Censuses",I,2023,2023,04,Bay of Plenty Region,99,Not elsewhere included,99,Total - total household income,2,Two-family household (with or without other people),18,,,
DATAFLOW,STATSNZ:CEN23_HOU_022(1.0),"Weekly rent paid by household, total household income, and household composition for households in rented occupied private dwellings, (RC, TALB, SA2, Health), 2013, 2018, and 2023 Censuses",I,2023,2023,15,Southland Region,04,$400 - $499,99,Total - total household income,77,Total stated - household composition,1698,,,
DATAFLOW,STATSNZ:CEN23_HOU_022(1.0),"Weekly rent paid by household, total household income, and household composition for households in rented occupied private dwellings, (RC, TALB, SA2, Health), 2013, 2018, and 2023 Censuses",I,2023,2023,07,Taranaki Region,777,Total stated - weekly rent paid by household,99,Total - total household income,4,Other multi-person household,873,,,
DATAFLOW,STATSNZ:CEN23_HOU_022(1.0),"Weekly rent paid by household, total household income, and household composition for households in rented occupied private dwellings, (RC, TALB, SA2, Health), 2013, 2018, and 2023 Censuses",I,2023,2023,13,Canterbury Region,05,$500 - $599,99,Total - total household income,77,Total stated - household composition,10131,,,
DATAFLOW,STATSNZ:CEN23_HOU_022(1.0),"Weekly rent paid by household, total household income, and household composition for households in rented occupied private dwellings, (RC, TALB, SA2, Health), 2013, 2018, and 2023 Censuses",I,2023,2023,01,Northland Region,999,Total - weekly rent paid by household,99,Total - total household income,5,One-person household,4479,,,
DATAFLOW,STATSNZ:CEN23_HOU_022(1.0),"Weekly rent paid by household, total household income, and household composition for households in rented occupied private dwellings, (RC, TALB, SA2, Health), 2013, 2018, and 2023 Censuses",I,2023,2023,03,Waikato Region,999,Total - weekly rent paid by household,99,Total - total household income,3,Three or more family household (with or without other people),90,,,
DATAFLOW,STATSNZ:CEN23_HOU_022(1.0),"Weekly rent paid by household, total household income, and household composition for households in rented occupied private dwellings, (RC, TALB, SA2, Health), 2013, 2018, and 2023 Censuses",I,2023,2023,09,Wellington Region,777,Total stated - weekly rent paid by household,99,Total - total household income,99,Total - household composition,61983,,,
DATAFLOW,STATSNZ:CEN23_HOU_022(1.0),"Weekly rent paid by household, total household income, and household composition for households in rented occupied private dwellings, (RC, TALB, SA2, Health), 2013, 2018, and 2023 Censuses",I,2023,2023,02,Auckland Region,05,$500 - $599,99,Total - total household income,77,Total stated - household composition,40182,,,
DATAFLOW,STATSNZ:CEN23_HOU_022(1.0),"Weekly rent paid by household, total household income, and household composition for households in rented occupied private dwellings, (RC, TALB, SA2, Health), 2013, 2018, and 2023 Censuses",I,2023,2023,16,Tasman Region,08,$800 and over,99,Total - total household income,6,Household composition unidentifiable,6,,,
DATAFLOW,STATSNZ:CEN23_HOU_022(1.0),"Weekly rent paid by household, total household income, and household composition for households in rented occupied private dwellings, (RC, TALB, SA2, Health), 2013, 2018, and 2023 Censuses",I,2023,2023,01,Northland Region,04,$400 - $499,99,Total - total household income,4,Other multi-person household,225,,,
DATAFLOW,STATSNZ:CEN23_HOU_022(1.0),"Weekly rent paid by household, total household income, and household composition for households in rented occupied private dwellings, (RC, TALB, SA2, Health), 2013, 2018, and 2023 Censuses",I,2023,2023,16,Tasman Region,999,Total - weekly rent paid by household,99,Total - total household income,6,Household composition unidentifiable,336,,,
DATAFLOW,STATSNZ:CEN23_HOU_022(1.0),"Weekly rent paid by household, total household income, and household composition for households in rented occupied private dwellings, (RC, TALB, SA2, Health), 2013, 2018, and 2023 Censuses",I,2023,2023,13,Canterbury Region,02,$200 - $299,99,Total - total household income,3,Three or more family household (with or without other people),6,,,
DATAFLOW,STATSNZ:CEN23_HOU_022(1.0),"Weekly rent paid by household, total household income, and household composition for households in rented occupied private dwellings, (RC, TALB, SA2, Health), 2013, 2018, and 2023 Censuses",I,2023,2023,07,Taranaki Region,99,Not elsewhere included,99,Total - total household income,77,Total stated - household composition,174,,,
DATAFLOW,STATSNZ:CEN23_HOU_022(1.0),"Weekly rent paid by household, total household income, and household composition for households in rented occupied private dwellings, (RC, TALB, SA2, Health), 2013, 2018, and 2023 Censuses",I,2023,2023,09,Wellington Region,05,$500 - $599,99,Total - total household income,3,Three or more family household (with or without other people),15,,,
DATAFLOW,STATSNZ:CEN23_HOU_022(1.0),"Weekly rent paid by household, total household income, and household composition for households in rented occupied private dwellings, (RC, TALB, SA2, Health), 2013, 2018, and 2023 Censuses",I,2023,2023,13,Canterbury Region,04,$400 - $499,99,Total - total household income,3,Three or more family household (with or without other people),18,,,
DATAFLOW,STATSNZ:CEN23_HOU_022(1.0),"Weekly rent paid by household, total household income, and household composition for households in rented occupied private dwellings, (RC, TALB, SA2, Health), 2013, 2018, and 2023 Censuses",I,2023,2023,99,Area Outside Region,777,Total stated - weekly rent paid by household,99,Total - total household income,5,One-person household,21,,,
DATAFLOW,STATSNZ:CEN23_HOU_022(1.0),"Weekly rent paid by household, total household income, and household composition for households in rented occupied private dwellings, (RC, TALB, SA2, Health), 2013, 2018, and 2023 Censuses",I,2023,2023,16,Tasman Region,04,$400 - $499,99,Total - total household income,3,Three or more family household (with or without other people),0,,,
DATAFLOW,STATSNZ:CEN23_HOU_022(1.0),"Weekly rent paid by household, total household income, and household composition for households in rented occupied private dwellings, (RC, TALB, SA2, Health), 2013, 2018, and 2023 Censuses",I,2023,2023,17,Nelson Region,999,Total - weekly rent paid by household,99,Total - total household income,1,One-family household (with or without other people),3207,,,
DATAFLOW,STATSNZ:CEN23_HOU_022(1.0),"Weekly rent paid by household, total household income, and household composition for households in rented occupied private dwellings, (RC, TALB, SA2, Health), 2013, 2018, and 2023 Censuses",I,2023,2023,18,Marlborough Region,06,$600 - $699,99,Total - total household income,6,Household composition unidentifiable,9,,,
DATAFLOW,STATSNZ:CEN23_HOU_022(1.0),"Weekly rent paid by household, total household income, and household composition for households in rented occupied private dwellings, (RC, TALB, SA2, Health), 2013, 2018, and 2023 Censuses",I,2023,2023,04,Bay of Plenty Region,999,Total - weekly rent paid by household,99,Total - total household income,6,Household composition unidentifiable,2733,,,
DATAFLOW,STATSNZ:CEN23_HOU_022(1.0),"Weekly rent paid by household, total household income, and household composition for households in rented occupied private dwellings, (RC, TALB, SA2, Health), 2013, 2018, and 2023 Censuses",I,2023,2023,9999,Total - New Zealand by regional council,05,$500 - $599,99,Total - total household income,77,Total stated - household composition,93036,,,
DATAFLOW,STATSNZ:CEN23_HOU_022(1.0),"Weekly rent paid by household, total household income, and household composition for households in rented occupied private dwellings, (RC, TALB, SA2, Health), 2013, 2018, and 2023 Censuses",I,2023,2023,04,Bay of Plenty Region,999,Total - weekly rent paid by household,99,Total - total household income,77,Total stated - household composition,30600,,,
DATAFLOW,STATSNZ:CEN23_HOU_022(1.0),"Weekly rent paid by household, total household income, and household composition for households in rented occupied private dwellings, (RC, TALB, SA2, Health), 2013, 2018, and 2023 Censuses",I,2023,2023,09,Wellington Region,03,$300 - $399,99,Total - total household income,3,Three or more family household (with or without other people),9,,,
DATAFLOW,STATSNZ:CEN23_HOU_022(1.0),"Weekly rent paid by household, total household income, and household composition for households in rented occupied private dwellings, (RC, TALB, SA2, Health), 2013, 2018, and 2023 Censuses",I,2023,2023,07,Taranaki Region,03,$300 - $399,99,Total - total household income,1,One-family household (with or without other people),1491,,,
DATAFLOW,STATSNZ:CEN23_HOU_022(1.0),"Weekly rent paid by household, total household income, and household composition for households in rented occupied private dwellings, (RC, TALB, SA2, Health), 2013, 2018, and 2023 Censuses",I,2023,2023,02,Auckland Region,02,$200 - $299,99,Total - total household income,77,Total stated - household composition,9348,,,
DATAFLOW,STATSNZ:CEN23_HOU_022(1.0),"Weekly rent paid by household, total household income, and household composition for households in rented occupied private dwellings, (RC, TALB, SA2, Health), 2013, 2018, and 2023 Censuses",I,2023,2023,99,Area Outside Region,03,$300 - $399,99,Total - total household income,6,Household composition unidentifiable,,,c,Confidential
DATAFLOW,STATSNZ:CEN23_HOU_022(1.0),"Weekly rent paid by household, total household income, and household composition for households in rented occupied private dwellings, (RC, TALB, SA2, Health), 2013, 2018, and 2023 Censuses",I,2023,2023,01,Northland Region,999,Total - weekly rent paid by household,99,Total - total household income,1,One-family household (with or without other people),9843,,,
DATAFLOW,STATSNZ:CEN23_HOU_022(1.0),"Weekly rent paid by household, total household income, and household composition for households in rented occupied private dwellings, (RC, TALB, SA2, Health), 2013, 2018, and 2023 Censuses",I,2023,2023,16,Tasman Region,04,$400 - $499,99,Total - total household income,2,Two-family household (with or without other people),12,,,
DATAFLOW,STATSNZ:CEN23_HOU_022(1.0),"Weekly rent paid by household, total household income, and household composition for households in rented occupied private dwellings, (RC, TALB, SA2, Health), 2013, 2018, and 2023 Censuses",I,2023,2023,03,Waikato Region,03,$300 - $399,99,Total - total household income,6,Household composition unidentifiable,879,,,
DATAFLOW,STATSNZ:CEN23_HOU_022(1.0),"Weekly rent paid by household, total household income, and household composition for households in rented occupied private dwellings, (RC, TALB, SA2, Health), 2013, 2018, and 2023 Censuses",I,2023,2023,02,Auckland Region,07,$700 - $799,99,Total - total household income,2,Two-family household (with or without other people),1524,,,
DATAFLOW,STATSNZ:CEN23_HOU_022(1.0),"Weekly rent paid by household, total household income, and household composition for households in rented occupied private dwellings, (RC, TALB, SA2, Health), 2013, 2018, and 2023 Censuses",I,2023,2023,03,Waikato Region,777,Total stated - weekly rent paid by household,99,Total - total household income,99,Total - household composition,55329,,,
DATAFLOW,STATSNZ:CEN23_HOU_022(1.0),"Weekly rent paid by household, total household income, and household composition for households in rented occupied private dwellings, (RC, TALB, SA2, Health), 2013, 2018, and 2023 Censuses",I,2023,2023,01,Northland Region,02,$200 - $299,99,Total - total household income,2,Two-family household (with or without other people),63,,,
DATAFLOW,STATSNZ:CEN23_HOU_022(1.0),"Weekly rent paid by household, total household income, and household composition for households in rented occupied private dwellings, (RC, TALB, SA2, Health), 2013, 2018, and 2023 Censuses",I,2023,2023,07,Taranaki Region,777,Total stated - weekly rent paid by household,99,Total - total household income,2,Two-family household (with or without other people),309,,,
DATAFLOW,STATSNZ:CEN23_HOU_022(1.0),"Weekly rent paid by household, total household income, and household composition for households in rented occupied private dwellings, (RC, TALB, SA2, Health), 2013, 2018, and 2023 Censuses",I,2023,2023,16,Tasman Region,06,$600 - $699,99,Total - total household income,5,One-person household,24,,,
DATAFLOW,STATSNZ:CEN23_HOU_022(1.0),"Weekly rent paid by household, total household income, and household composition for households in rented occupied private dwellings, (RC, TALB, SA2, Health), 2013, 2018, and 2023 Censuses",I,2023,2023,18,Marlborough Region,03,$300 - $399,99,Total - total household income,4,Other multi-person household,78,,,
DATAFLOW,STATSNZ:CEN23_HOU_022(1.0),"Weekly rent paid by household, total household income, and household composition for households in rented occupied private dwellings, (RC, TALB, SA2, Health), 2013, 2018, and 2023 Censuses",I,2023,2023,16,Tasman Region,02,$200 - $299,99,Total - total household income,5,One-person household,321,,,
DATAFLOW,STATSNZ:CEN23_HOU_022(1.0),"Weekly rent paid by household, total household income, and household composition for households in rented occupied private dwellings, (RC, TALB, SA2, Health), 2013, 2018, and 2023 Censuses",I,2023,2023,17,Nelson Region,06,$600 - $699,99,Total - total household income,1,One-family household (with or without other people),327,,,
DATAFLOW,STATSNZ:CEN23_HOU_022(1.0),"Weekly rent paid by household, total household income, and household composition for households in rented occupied private dwellings, (RC, TALB, SA2, Health), 2013, 2018, and 2023 Censuses",I,2023,2023,99,Area Outside Region,08,$800 and over,99,Total - total household income,77,Total stated - household composition,,,c,Confidential
DATAFLOW,STATSNZ:CEN23_HOU_022(1.0),"Weekly rent paid by household, total household income, and household composition for households in rented occupied private dwellings, (RC, TALB, SA2, Health), 2013, 2018, and 2023 Censuses",I,2023,2023,16,Tasman Region,05,$500 - $599,99,Total - total household income,6,Household composition unidentifiable,30,,,
DATAFLOW,STATSNZ:CEN23_HOU_022(1.0),"Weekly rent paid by household, total household income, and household composition for households in rented occupied private dwellings, (RC, TALB, SA2, Health), 2013, 2018, and 2023 Censuses",I,2023,2023,14,Otago Region,02,$200 - $299,99,Total - total household income,77,Total stated - household composition,3138,,,
DATAFLOW,STATSNZ:CEN23_HOU_022(1.0),"Weekly rent paid by household, total household income, and household composition for households in rented occupied private dwellings, (RC, TALB, SA2, Health), 2013, 2018, and 2023 Censuses",I,2023,2023,03,Waikato Region,05,$500 - $599,99,Total - total household income,1,One-family household (with or without other people),7551,,,
DATAFLOW,STATSNZ:CEN23_HOU_022(1.0),"Weekly rent paid by household, total household income, and household composition for households in rented occupied private dwellings, (RC, TALB, SA2, Health), 2013, 2018, and 2023 Censuses",I,2023,2023,17,Nelson Region,999,Total - weekly rent paid by household,99,Total - total household income,99,Total - household composition,5586,,,
DATAFLOW,STATSNZ:CEN23_HOU_022(1.0),"Weekly rent paid by household, total household income, and household composition for households in rented occupied private dwellings, (RC, TALB, SA2, Health), 2013, 2018, and 2023 Censuses",I,2023,2023,18,Marlborough Region,03,$300 - $399,99,Total - total household income,3,Three or more family household (with or without other people),0,,,
DATAFLOW,STATSNZ:CEN23_HOU_022(1.0),"Weekly rent paid by household, total household income, and household composition for households in rented occupied private dwellings, (RC, TALB, SA2, Health), 2013, 2018, and 2023 Censuses",I,2023,2023,16,Tasman Region,05,$500 - $599,99,Total - total household income,77,Total stated - household composition,726,,,
DATAFLOW,STATSNZ:CEN23_HOU_022(1.0),"Weekly rent paid by household, total household income, and household composition for households in rented occupied private dwellings, (RC, TALB, SA2, Health), 2013, 2018, and 2023 Censuses",I,2023,2023,09,Wellington Region,99,Not elsewhere included,99,Total - total household income,1,One-family household (with or without other people),150,,,
DATAFLOW,STATSNZ:CEN23_HOU_022(1.0),"Weekly rent paid by household, total household income, and household composition for households in rented occupied private dwellings, (RC, TALB, SA2, Health), 2013, 2018, and 2023 Censuses",I,2023,2023,9999,Total - New Zealand by regional council,05,$500 - $599,99,Total - total household income,3,Three or more family household (with or without other people),168,,,
DATAFLOW,STATSNZ:CEN23_HOU_022(1.0),"Weekly rent paid by household, total household income, and household composition for households in rented occupied private dwellings, (RC, TALB, SA2, Health), 2013, 2018, and 2023 Censuses",I,2023,2023,09,Wellington Region,02,$200 - $299,99,Total - total household income,1,One-family household (with or without other people),1719,,,
DATAFLOW,STATSNZ:CEN23_HOU_022(1.0),"Weekly rent paid by household, total household income, and household composition for households in rented occupied private dwellings, (RC, TALB, SA2, Health), 2013, 2018, and 2023 Censuses",I,2023,2023,9999,Total - New Zealand by regional council,99,Not elsewhere included,99,Total - total household income,99,Total - household composition,6312,,,
DATAFLOW,STATSNZ:CEN23_HOU_022(1.0),"Weekly rent paid by household, total household income, and household composition for households in rented occupied private dwellings, (RC, TALB, SA2, Health), 2013, 2018, and 2023 Censuses",I,2023,2023,05,Gisborne Region,07,$700 - $799,99,Total - total household income,1,One-family household (with or without other people),72,,,
DATAFLOW,STATSNZ:CEN23_HOU_022(1.0),"Weekly rent paid by household, total household income, and household composition for households in rented occupied private dwellings, (RC, TALB, SA2, Health), 2013, 2018, and 2023 Censuses",I,2023,2023,17,Nelson Region,999,Total - weekly rent paid by household,99,Total - total household income,5,One-person household,1542,,,
DATAFLOW,STATSNZ:CEN23_HOU_022(1.0),"Weekly rent paid by household, total household income, and household composition for households in rented occupied private dwellings, (RC, TALB, SA2, Health), 2013, 2018, and 2023 Censuses",I,2023,2023,07,Taranaki Region,07,$700 - $799,99,Total - total household income,1,One-family household (with or without other people),120,,,
DATAFLOW,STATSNZ:CEN23_HOU_022(1.0),"Weekly rent paid by household, total household income, and household composition for households in rented occupied private dwellings, (RC, TALB, SA2, Health), 2013, 2018, and 2023 Censuses",I,2023,2023,08,Manawatū-Whanganui Region,04,$400 - $499,99,Total - total household income,99,Total - household composition,5451,,,
DATAFLOW,STATSNZ:CEN23_HOU_022(1.0),"Weekly rent paid by household, total household income, and household composition for households in rented occupied private dwellings, (RC, TALB, SA2, Health), 2013, 2018, and 2023 Censuses",I,2023,2023,05,Gisborne Region,01,Under $200,99,Total - total household income,3,Three or more family household (with or without other people),9,,,
DATAFLOW,STATSNZ:CEN23_HOU_022(1.0),"Weekly rent paid by household, total household income, and household composition for households in rented occupied private dwellings, (RC, TALB, SA2, Health), 2013, 2018, and 2023 Censuses",I,2023,2023,01,Northland Region,06,$600 - $699,99,Total - total household income,77,Total stated - household composition,1152,,,
DATAFLOW,STATSNZ:CEN23_HOU_022(1.0),"Weekly rent paid by household, total household income, and household composition for households in rented occupied private dwellings, (RC, TALB, SA2, Health), 2013, 2018, and 2023 Censuses",I,2023,2023,09,Wellington Region,01,Under $200,99,Total - total household income,2,Two-family household (with or without other people),279,,,
DATAFLOW,STATSNZ:CEN23_HOU_022(1.0),"Weekly rent paid by household, total household income, and household composition for households in rented occupied private dwellings, (RC, TALB, SA2, Health), 2013, 2018, and 2023 Censuses",I,2023,2023,13,Canterbury Region,01,Under $200,99,Total - total household income,6,Household composition unidentifiable,972,,,
DATAFLOW,STATSNZ:CEN23_HOU_022(1.0),"Weekly rent paid by household, total household income, and household composition for households in rented occupied private dwellings, (RC, TALB, SA2, Health), 2013, 2018, and 2023 Censuses",I,2023,2023,17,Nelson Region,03,$300 - $399,99,Total - total household income,1,One-family household (with or without other people),471,,,
DATAFLOW,STATSNZ:CEN23_HOU_022(1.0),"Weekly rent paid by household, total household income, and household composition for households in rented occupied private dwellings, (RC, TALB, SA2, Health), 2013, 2018, and 2023 Censuses",I,2023,2023,05,Gisborne Region,02,$200 - $299,99,Total - total household income,2,Two-family household (with or without other people),36,,,
DATAFLOW,STATSNZ:CEN23_HOU_022(1.0),"Weekly rent paid by household, total household income, and household composition for households in rented occupied private dwellings, (RC, TALB, SA2, Health), 2013, 2018, and 2023 Censuses",I,2023,2023,05,Gisborne Region,777,Total stated - weekly rent paid by household,99,Total - total household income,3,Three or more family household (with or without other people),27,,,
DATAFLOW,STATSNZ:CEN23_HOU_022(1.0),"Weekly rent paid by household, total household income, and household composition for households in rented occupied private dwellings, (RC, TALB, SA2, Health), 2013, 2018, and 2023 Censuses",I,2023,2023,99,Area Outside Region,07,$700 - $799,99,Total - total household income,5,One-person household,,,c,Confidential
DATAFLOW,STATSNZ:CEN23_HOU_022(1.0),"Weekly rent paid by household, total household income, and household composition for households in rented occupied private dwellings, (RC, TALB, SA2, Health), 2013, 2018, and 2023 Censuses",I,2023,2023,04,Bay of Plenty Region,06,$600 - $699,99,Total - total household income,5,One-person household,378,,,
DATAFLOW,STATSNZ:CEN23_HOU_022(1.0),"Weekly rent paid by household, total household income, and household composition for households in rented occupied private dwellings, (RC, TALB, SA2, Health), 2013, 2018, and 2023 Censuses",I,2023,2023,15,Southland Region,02,$200 - $299,99,Total - total household income,5,One-person household,951,,,
DATAFLOW,STATSNZ:CEN23_HOU_022(1.0),"Weekly rent paid by household, total household income, and household composition for households in rented occupied private dwellings, (RC, TALB, SA2, Health), 2013, 2018, and 2023 Censuses",I,2023,2023,09,Wellington Region,07,$700 - $799,99,Total - total household income,3,Three or more family household (with or without other people),9,,,
DATAFLOW,STATSNZ:CEN23_HOU_022(1.0),"Weekly rent paid by household, total household income, and household composition for households in rented occupied private dwellings, (RC, TALB, SA2, Health), 2013, 2018, and 2023 Censuses",I,2023,2023,17,Nelson Region,04,$400 - $499,99,Total - total household income,1,One-family household (with or without other people),1011,,,
DATAFLOW,STATSNZ:CEN23_HOU_022(1.0),"Weekly rent paid by household, total household income, and household composition for households in rented occupied private dwellings, (RC, TALB, SA2, Health), 2013, 2018, and 2023 Censuses",I,2023,2023,16,Tasman Region,777,Total stated - weekly rent paid by household,99,Total - total household income,4,Other multi-person household,273,,,
DATAFLOW,STATSNZ:CEN23_HOU_022(1.0),"Weekly rent paid by household, total household income, and household composition for households in rented occupied private dwellings, (RC, TALB, SA2, Health), 2013, 2018, and 2023 Censuses",I,2023,2023,04,Bay of Plenty Region,04,$400 - $499,99,Total - total household income,5,One-person household,1200,,,
DATAFLOW,STATSNZ:CEN23_HOU_022(1.0),"Weekly rent paid by household, total household income, and household composition for households in rented occupied private dwellings, (RC, TALB, SA2, Health), 2013, 2018, and 2023 Censuses",I,2023,2023,12,West Coast Region,04,$400 - $499,99,Total - total household income,6,Household composition unidentifiable,27,,,
DATAFLOW,STATSNZ:CEN23_HOU_022(1.0),"Weekly rent paid by household, total household income, and household composition for households in rented occupied private dwellings, (RC, TALB, SA2, Health), 2013, 2018, and 2023 Censuses",I,2023,2023,04,Bay of Plenty Region,02,$200 - $299,99,Total - total household income,5,One-person household,1146,,,
DATAFLOW,STATSNZ:CEN23_HOU_022(1.0),"Weekly rent paid by household, total household income, and household composition for households in rented occupied private dwellings, (RC, TALB, SA2, Health), 2013, 2018, and 2023 Censuses",I,2023,2023,99,Area Outside Region,01,Under $200,99,Total - total household income,1,One-family household (with or without other people),12,,,
DATAFLOW,STATSNZ:CEN23_HOU_022(1.0),"Weekly rent paid by household, total household income, and household composition for households in rented occupied private dwellings, (RC, TALB, SA2, Health), 2013, 2018, and 2023 Censuses",I,2023,2023,12,West Coast Region,99,Not elsewhere included,99,Total - total household income,5,One-person household,57,,,
DATAFLOW,STATSNZ:CEN23_HOU_022(1.0),"Weekly rent paid by household, total household income, and household composition for households in rented occupied private dwellings, (RC, TALB, SA2, Health), 2013, 2018, and 2023 Censuses",I,2023,2023,04,Bay of Plenty Region,03,$300 - $399,99,Total - total household income,3,Three or more family household (with or without other people),6,,,
DATAFLOW,STATSNZ:CEN23_HOU_022(1.0),"Weekly rent paid by household, total household income, and household composition for households in rented occupied private dwellings, (RC, TALB, SA2, Health), 2013, 2018, and 2023 Censuses",I,2023,2023,9999,Total - New Zealand by regional council,06,$600 - $699,99,Total - total household income,6,Household composition unidentifiable,3930,,,
DATAFLOW,STATSNZ:CEN23_HOU_022(1.0),"Weekly rent paid by household, total household income, and household composition for households in rented occupied private dwellings, (RC, TALB, SA2, Health), 2013, 2018, and 2023 Censuses",I,2023,2023,14,Otago Region,06,$600 - $699,99,Total - total household income,99,Total - household composition,2121,,,
DATAFLOW,STATSNZ:CEN23_HOU_022(1.0),"Weekly rent paid by household, total household income, and household composition for households in rented occupied private dwellings, (RC, TALB, SA2, Health), 2013, 2018, and 2023 Censuses",I,2023,2023,08,Manawatū-Whanganui Region,02,$200 - $299,99,Total - total household income,3,Three or more family household (with or without other people),6,,,
DATAFLOW,STATSNZ:CEN23_HOU_022(1.0),"Weekly rent paid by household, total household income, and household composition for households in rented occupied private dwellings, (RC, TALB, SA2, Health), 2013, 2018, and 2023 Censuses",I,2023,2023,03,Waikato Region,06,$600 - $699,99,Total - total household income,77,Total stated - household composition,4629,,,
DATAFLOW,STATSNZ:CEN23_HOU_022(1.0),"Weekly rent paid by household, total household income, and household composition for households in rented occupied private dwellings, (RC, TALB, SA2, Health), 2013, 2018, and 2023 Censuses",I,2023,2023,07,Taranaki Region,99,Not elsewhere included,99,Total - total household income,1,One-family household (with or without other people),66,,,
DATAFLOW,STATSNZ:CEN23_HOU_022(1.0),"Weekly rent paid by household, total household income, and household composition for households in rented occupied private dwellings, (RC, TALB, SA2, Health), 2013, 2018, and 2023 Censuses",I,2023,2023,17,Nelson Region,03,$300 - $399,99,Total - total household income,77,Total stated - household composition,969,,,
DATAFLOW,STATSNZ:CEN23_HOU_022(1.0),"Weekly rent paid by household, total household income, and household composition for households in rented occupied private dwellings, (RC, TALB, SA2, Health), 2013, 2018, and 2023 Censuses",I,2023,2023,14,Otago Region,01,Under $200,99,Total - total household income,2,Two-family household (with or without other people),39,,,
DATAFLOW,STATSNZ:CEN23_HOU_022(1.0),"Weekly rent paid by household, total household income, and household composition for households in rented occupied private dwellings, (RC, TALB, SA2, Health), 2013, 2018, and 2023 Censuses",I,2023,2023,13,Canterbury Region,07,$700 - $799,99,Total - total household income,1,One-family household (with or without other people),636,,,
DATAFLOW,STATSNZ:CEN23_HOU_022(1.0),"Weekly rent paid by household, total household income, and household composition for households in rented occupied private dwellings, (RC, TALB, SA2, Health), 2013, 2018, and 2023 Censuses",I,2023,2023,04,Bay of Plenty Region,04,$400 - $499,99,Total - total household income,1,One-family household (with or without other people),3630,,,
DATAFLOW,STATSNZ:CEN23_HOU_022(1.0),"Weekly rent paid by household, total household income, and household composition for households in rented occupied private dwellings, (RC, TALB, SA2, Health), 2013, 2018, and 2023 Censuses",I,2023,2023,03,Waikato Region,04,$400 - $499,99,Total - total household income,4,Other multi-person household,993,,,
DATAFLOW,STATSNZ:CEN23_HOU_022(1.0),"Weekly rent paid by household, total household income, and household composition for households in rented occupied private dwellings, (RC, TALB, SA2, Health), 2013, 2018, and 2023 Censuses",I,2023,2023,12,West Coast Region,777,Total stated - weekly rent paid by household,99,Total - total household income,1,One-family household (with or without other people),1281,,,
DATAFLOW,STATSNZ:CEN23_HOU_022(1.0),"Weekly rent paid by household, total household income, and household composition for households in rented occupied private dwellings, (RC, TALB, SA2, Health), 2013, 2018, and 2023 Censuses",I,2023,2023,08,Manawatū-Whanganui Region,06,$600 - $699,99,Total - total household income,3,Three or more family household (with or without other people),6,,,
DATAFLOW,STATSNZ:CEN23_HOU_022(1.0),"Weekly rent paid by household, total household income, and household composition for households in rented occupied private dwellings, (RC, TALB, SA2, Health), 2013, 2018, and 2023 Censuses",I,2023,2023,9999,Total - New Zealand by regional council,03,$300 - $399,99,Total - total household income,3,Three or more family household (with or without other people),117,,,
DATAFLOW,STATSNZ:CEN23_HOU_022(1.0),"Weekly rent paid by household, total household income, and household composition for households in rented occupied private dwellings, (RC, TALB, SA2, Health), 2013, 2018, and 2023 Censuses",I,2023,2023,17,Nelson Region,01,Under $200,99,Total - total household income,3,Three or more family household (with or without other people),0,,,
DATAFLOW,STATSNZ:CEN23_HOU_022(1.0),"Weekly rent paid by household, total household income, and household composition for households in rented occupied private dwellings, (RC, TALB, SA2, Health), 2013, 2018, and 2023 Censuses",I,2023,2023,13,Canterbury Region,08,$800 and over,99,Total - total household income,3,Three or more family household (with or without other people),6,,,
DATAFLOW,STATSNZ:CEN23_HOU_022(1.0),"Weekly rent paid by household, total household income, and household composition for households in rented occupied private dwellings, (RC, TALB, SA2, Health), 2013, 2018, and 2023 Censuses",I,2023,2023,15,Southland Region,08,$800 and over,99,Total - total household income,5,One-person household,18,,,
DATAFLOW,STATSNZ:CEN23_HOU_022(1.0),"Weekly rent paid by household, total household income, and household composition for households in rented occupied private dwellings, (RC, TALB, SA2, Health), 2013, 2018, and 2023 Censuses",I,2023,2023,06,Hawke's Bay Region,01,Under $200,99,Total - total household income,1,One-family household (with or without other people),1491,,,
DATAFLOW,STATSNZ:CEN23_HOU_022(1.0),"Weekly rent paid by household, total household income, and household composition for households in rented occupied private dwellings, (RC, TALB, SA2, Health), 2013, 2018, and 2023 Censuses",I,2023,2023,17,Nelson Region,07,$700 - $799,99,Total - total household income,99,Total - household composition,90,,,
DATAFLOW,STATSNZ:CEN23_HOU_022(1.0),"Weekly rent paid by household, total household income, and household composition for households in rented occupied private dwellings, (RC, TALB, SA2, Health), 2013, 2018, and 2023 Censuses",I,2023,2023,05,Gisborne Region,777,Total stated - weekly rent paid by household,99,Total - total household income,99,Total - household composition,5706,,,
DATAFLOW,STATSNZ:CEN23_HOU_022(1.0),"Weekly rent paid by household, total household income, and household composition for households in rented occupied private dwellings, (RC, TALB, SA2, Health), 2013, 2018, and 2023 Censuses",I,2023,2023,15,Southland Region,05,$500 - $599,99,Total - total household income,6,Household composition unidentifiable,21,,,
DATAFLOW,STATSNZ:CEN23_HOU_022(1.0),"Weekly rent paid by household, total household income, and household composition for households in rented occupied private dwellings, (RC, TALB, SA2, Health), 2013, 2018, and 2023 Censuses",I,2023,2023,18,Marlborough Region,03,$300 - $399,99,Total - total household income,6,Household composition unidentifiable,69,,,
DATAFLOW,STATSNZ:CEN23_HOU_022(1.0),"Weekly rent paid by household, total household income, and household composition for households in rented occupied private dwellings, (RC, TALB, SA2, Health), 2013, 2018, and 2023 Censuses",I,2023,2023,9999,Total - New Zealand by regional council,02,$200 - $299,99,Total - total household income,77,Total stated - household composition,49494,,,
DATAFLOW,STATSNZ:CEN23_HOU_022(1.0),"Weekly rent paid by household, total household income, and household composition for households in rented occupied private dwellings, (RC, TALB, SA2, Health), 2013, 2018, and 2023 Censuses",I,2023,2023,16,Tasman Region,777,Total stated - weekly rent paid by household,99,Total - total household income,99,Total - household composition,4338,,,
DATAFLOW,STATSNZ:CEN23_HOU_022(1.0),"Weekly rent paid by household, total household income, and household composition for households in rented occupied private dwellings, (RC, TALB, SA2, Health), 2013, 2018, and 2023 Censuses",I,2023,2023,16,Tasman Region,99,Not elsewhere included,99,Total - total household income,2,Two-family household (with or without other people),0,,,
DATAFLOW,STATSNZ:CEN23_HOU_022(1.0),"Weekly rent paid by household, total household income, and household composition for households in rented occupied private dwellings, (RC, TALB, SA2, Health), 2013, 2018, and 2023 Censuses",I,2023,2023,07,Taranaki Region,999,Total - weekly rent paid by household,99,Total - total household income,1,One-family household (with or without other people),6732,,,
DATAFLOW,STATSNZ:CEN23_HOU_022(1.0),"Weekly rent paid by household, total household income, and household composition for households in rented occupied private dwellings, (RC, TALB, SA2, Health), 2013, 2018, and 2023 Censuses",I,2023,2023,17,Nelson Region,02,$200 - $299,99,Total - total household income,6,Household composition unidentifiable,15,,,
DATAFLOW,STATSNZ:CEN23_HOU_022(1.0),"Weekly rent paid by household, total household income, and household composition for households in rented occupied private dwellings, (RC, TALB, SA2, Health), 2013, 2018, and 2023 Censuses",I,2023,2023,13,Canterbury Region,07,$700 - $799,99,Total - total household income,99,Total - household composition,1239,,,
DATAFLOW,STATSNZ:CEN23_HOU_022(1.0),"Weekly rent paid by household, total household income, and household composition for households in rented occupied private dwellings, (RC, TALB, SA2, Health), 2013, 2018, and 2023 Censuses",I,2023,2023,06,Hawke's Bay Region,777,Total stated - weekly rent paid by household,99,Total - total household income,6,Household composition unidentifiable,2070,,,
DATAFLOW,STATSNZ:CEN23_HOU_022(1.0),"Weekly rent paid by household, total household income, and household composition for households in rented occupied private dwellings, (RC, TALB, SA2, Health), 2013, 2018, and 2023 Censuses",I,2023,2023,05,Gisborne Region,07,$700 - $799,99,Total - total household income,77,Total stated - household composition,111,,,
DATAFLOW,STATSNZ:CEN23_HOU_022(1.0),"Weekly rent paid by household, total household income, and household composition for households in rented occupied private dwellings, (RC, TALB, SA2, Health), 2013, 2018, and 2023 Censuses",I,2023,2023,02,Auckland Region,02,$200 - $299,99,Total - total household income,6,Household composition unidentifiable,561,,,
DATAFLOW,STATSNZ:CEN23_HOU_022(1.0),"Weekly rent paid by household, total household income, and household composition for households in rented occupied private dwellings, (RC, TALB, SA2, Health), 2013, 2018, and 2023 Censuses",I,2023,2023,06,Hawke's Bay Region,99,Not elsewhere included,99,Total - total household income,5,One-person household,123,,,
DATAFLOW,STATSNZ:CEN23_HOU_022(1.0),"Weekly rent paid by household, total household income, and household composition for households in rented occupied private dwellings, (RC, TALB, SA2, Health), 2013, 2018, and 2023 Censuses",I,2023,2023,06,Hawke's Bay Region,07,$700 - $799,99,Total - total household income,2,Two-family household (with or without other people),36,,,
DATAFLOW,STATSNZ:CEN23_HOU_022(1.0),"Weekly rent paid by household, total household income, and household composition for households in rented occupied private dwellings, (RC, TALB, SA2, Health), 2013, 2018, and 2023 Censuses",I,2023,2023,01,Northland Region,04,$400 - $499,99,Total - total household income,99,Total - household composition,3732,,,
DATAFLOW,STATSNZ:CEN23_HOU_022(1.0),"Weekly rent paid by household, total household income, and household composition for households in rented occupied private dwellings, (RC, TALB, SA2, Health), 2013, 2018, and 2023 Censuses",I,2023,2023,99,Area Outside Region,01,Under $200,99,Total - total household income,5,One-person household,15,,,
DATAFLOW,STATSNZ:CEN23_HOU_022(1.0),"Weekly rent paid by household, total household income, and household composition for households in rented occupied private dwellings, (RC, TALB, SA2, Health), 2013, 2018, and 2023 Censuses",I,2023,2023,9999,Total - New Zealand by regional council,999,Total - weekly rent paid by household,99,Total - total household income,1,One-family household (with or without other people),321618,,,
DATAFLOW,STATSNZ:CEN23_HOU_022(1.0),"Weekly rent paid by household, total household income, and household composition for households in rented occupied private dwellings, (RC, TALB, SA2, Health), 2013, 2018, and 2023 Censuses",I,2023,2023,05,Gisborne Region,02,$200 - $299,99,Total - total household income,5,One-person household,237,,,
DATAFLOW,STATSNZ:CEN23_HOU_022(1.0),"Weekly rent paid by household, total household income, and household composition for households in rented occupied private dwellings, (RC, TALB, SA2, Health), 2013, 2018, and 2023 Censuses",I,2023,2023,14,Otago Region,07,$700 - $799,99,Total - total household income,2,Two-family household (with or without other people),63,,,
DATAFLOW,STATSNZ:CEN23_HOU_022(1.0),"Weekly rent paid by household, total household income, and household composition for households in rented occupied private dwellings, (RC, TALB, SA2, Health), 2013, 2018, and 2023 Censuses",I,2023,2023,15,Southland Region,99,Not elsewhere included,99,Total - total household income,6,Household composition unidentifiable,21,,,
DATAFLOW,STATSNZ:CEN23_HOU_022(1.0),"Weekly rent paid by household, total household income, and household composition for households in rented occupied private dwellings, (RC, TALB, SA2, Health), 2013, 2018, and 2023 Censuses",I,2023,2023,09,Wellington Region,08,$800 and over,99,Total - total household income,1,One-family household (with or without other people),2901,,,
DATAFLOW,STATSNZ:CEN23_HOU_022(1.0),"Weekly rent paid by household, total household income, and household composition for households in rented occupied private dwellings, (RC, TALB, SA2, Health), 2013, 2018, and 2023 Censuses",I,2023,2023,18,Marlborough Region,07,$700 - $799,99,Total - total household income,4,Other multi-person household,9,,,
DATAFLOW,STATSNZ:CEN23_HOU_022(1.0),"Weekly rent paid by household, total household income, and household composition for households in rented occupied private dwellings, (RC, TALB, SA2, Health), 2013, 2018, and 2023 Censuses",I,2023,2023,09,Wellington Region,05,$500 - $599,99,Total - total household income,4,Other multi-person household,1137,,,
DATAFLOW,STATSNZ:CEN23_HOU_022(1.0),"Weekly rent paid by household, total household income, and household composition for households in rented occupied private dwellings, (RC, TALB, SA2, Health), 2013, 2018, and 2023 Censuses",I,2023,2023,05,Gisborne Region,03,$300 - $399,99,Total - total household income,5,One-person household,243,,,
DATAFLOW,STATSNZ:CEN23_HOU_022(1.0),"Weekly rent paid by household, total household income, and household composition for households in rented occupied private dwellings, (RC, TALB, SA2, Health), 2013, 2018, and 2023 Censuses",I,2023,2023,03,Waikato Region,06,$600 - $699,99,Total - total household income,2,Two-family household (with or without other people),306,,,
DATAFLOW,STATSNZ:CEN23_HOU_022(1.0),"Weekly rent paid by household, total household income, and household composition for households in rented occupied private dwellings, (RC, TALB, SA2, Health), 2013, 2018, and 2023 Censuses",I,2023,2023,03,Waikato Region,04,$400 - $499,99,Total - total household income,5,One-person household,1917,,,
DATAFLOW,STATSNZ:CEN23_HOU_022(1.0),"Weekly rent paid by household, total household income, and household composition for households in rented occupied private dwellings, (RC, TALB, SA2, Health), 2013, 2018, and 2023 Censuses",I,2023,2023,07,Taranaki Region,02,$200 - $299,99,Total - total household income,1,One-family household (with or without other people),924,,,
DATAFLOW,STATSNZ:CEN23_HOU_022(1.0),"Weekly rent paid by household, total household income, and household composition for households in rented occupied private dwellings, (RC, TALB, SA2, Health), 2013, 2018, and 2023 Censuses",I,2023,2023,04,Bay of Plenty Region,05,$500 - $599,99,Total - total household income,5,One-person household,831,,,
DATAFLOW,STATSNZ:CEN23_HOU_022(1.0),"Weekly rent paid by household, total household income, and household composition for households in rented occupied private dwellings, (RC, TALB, SA2, Health), 2013, 2018, and 2023 Censuses",I,2023,2023,99,Area Outside Region,07,$700 - $799,99,Total - total household income,4,Other multi-person household,,,c,Confidential
DATAFLOW,STATSNZ:CEN23_HOU_022(1.0),"Weekly rent paid by household, total household income, and household composition for households in rented occupied private dwellings, (RC, TALB, SA2, Health), 2013, 2018, and 2023 Censuses",I,2023,2023,09,Wellington Region,777,Total stated - weekly rent paid by household,99,Total - total household income,2,Two-family household (with or without other people),1716,,,
DATAFLOW,STATSNZ:CEN23_HOU_022(1.0),"Weekly rent paid by household, total household income, and household composition for households in rented occupied private dwellings, (RC, TALB, SA2, Health), 2013, 2018, and 2023 Censuses",I,2023,2023,18,Marlborough Region,99,Not elsewhere included,99,Total - total household income,3,Three or more family household (with or without other people),0,,,
DATAFLOW,STATSNZ:CEN23_HOU_022(1.0),"Weekly rent paid by household, total household income, and household composition for households in rented occupied private dwellings, (RC, TALB, SA2, Health), 2013, 2018, and 2023 Censuses",I,2023,2023,99,Area Outside Region,999,Total - weekly rent paid by household,99,Total - total household income,99,Total - household composition,69,,,
DATAFLOW,STATSNZ:CEN23_HOU_022(1.0),"Weekly rent paid by household, total household income, and household composition for households in rented occupied private dwellings, (RC, TALB, SA2, Health), 2013, 2018, and 2023 Censuses",I,2023,2023,9999,Total - New Zealand by regional council,777,Total stated - weekly rent paid by household,99,Total - total household income,1,One-family household (with or without other people),319413,,,
DATAFLOW,STATSNZ:CEN23_HOU_022(1.0),"Weekly rent paid by household, total household income, and household composition for households in rented occupied private dwellings, (RC, TALB, SA2, Health), 2013, 2018, and 2023 Censuses",I,2023,2023,13,Canterbury Region,08,$800 and over,99,Total - total household income,2,Two-family household (with or without other people),60,,,
DATAFLOW,STATSNZ:CEN23_HOU_022(1.0),"Weekly rent paid by household, total household income, and household composition for households in rented occupied private dwellings, (RC, TALB, SA2, Health), 2013, 2018, and 2023 Censuses",I,2023,2023,02,Auckland Region,08,$800 and over,99,Total - total household income,3,Three or more family household (with or without other people),276,,,
DATAFLOW,STATSNZ:CEN23_HOU_022(1.0),"Weekly rent paid by household, total household income, and household composition for households in rented occupied private dwellings, (RC, TALB, SA2, Health), 2013, 2018, and 2023 Censuses",I,2023,2023,05,Gisborne Region,04,$400 - $499,99,Total - total household income,77,Total stated - household composition,870,,,
DATAFLOW,STATSNZ:CEN23_HOU_022(1.0),"Weekly rent paid by household, total household income, and household composition for households in rented occupied private dwellings, (RC, TALB, SA2, Health), 2013, 2018, and 2023 Censuses",I,2023,2023,01,Northland Region,03,$300 - $399,99,Total - total household income,6,Household composition unidentifiable,315,,,
DATAFLOW,STATSNZ:CEN23_HOU_022(1.0),"Weekly rent paid by household, total household income, and household composition for households in rented occupied private dwellings, (RC, TALB, SA2, Health), 2013, 2018, and 2023 Censuses",I,2023,2023,14,Otago Region,03,$300 - $399,99,Total - total household income,2,Two-family household (with or without other people),66,,,
DATAFLOW,STATSNZ:CEN23_HOU_022(1.0),"Weekly rent paid by household, total household income, and household composition for households in rented occupied private dwellings, (RC, TALB, SA2, Health), 2013, 2018, and 2023 Censuses",I,2023,2023,08,Manawatū-Whanganui Region,06,$600 - $699,99,Total - total household income,4,Other multi-person household,186,,,
DATAFLOW,STATSNZ:CEN23_HOU_022(1.0),"Weekly rent paid by household, total household income, and household composition for households in rented occupied private dwellings, (RC, TALB, SA2, Health), 2013, 2018, and 2023 Censuses",I,2023,2023,06,Hawke's Bay Region,05,$500 - $599,99,Total - total household income,5,One-person household,276,,,
DATAFLOW,STATSNZ:CEN23_HOU_022(1.0),"Weekly rent paid by household, total household income, and household composition for households in rented occupied private dwellings, (RC, TALB, SA2, Health), 2013, 2018, and 2023 Censuses",I,2023,2023,18,Marlborough Region,06,$600 - $699,99,Total - total household income,2,Two-family household (with or without other people),6,,,
DATAFLOW,STATSNZ:CEN23_HOU_022(1.0),"Weekly rent paid by household, total household income, and household composition for households in rented occupied private dwellings, (RC, TALB, SA2, Health), 2013, 2018, and 2023 Censuses",I,2023,2023,07,Taranaki Region,01,Under $200,99,Total - total household income,5,One-person household,1002,,,
DATAFLOW,STATSNZ:CEN23_HOU_022(1.0),"Weekly rent paid by household, total household income, and household composition for households in rented occupied private dwellings, (RC, TALB, SA2, Health), 2013, 2018, and 2023 Censuses",I,2023,2023,17,Nelson Region,03,$300 - $399,99,Total - total household income,4,Other multi-person household,72,,,
DATAFLOW,STATSNZ:CEN23_HOU_022(1.0),"Weekly rent paid by household, total household income, and household composition for households in rented occupied private dwellings, (RC, TALB, SA2, Health), 2013, 2018, and 2023 Censuses",I,2023,2023,05,Gisborne Region,07,$700 - $799,99,Total - total household income,4,Other multi-person household,12,,,
DATAFLOW,STATSNZ:CEN23_HOU_022(1.0),"Weekly rent paid by household, total household income, and household composition for households in rented occupied private dwellings, (RC, TALB, SA2, Health), 2013, 2018, and 2023 Censuses",I,2023,2023,13,Canterbury Region,01,Under $200,99,Total - total household income,5,One-person household,6024,,,
DATAFLOW,STATSNZ:CEN23_HOU_022(1.0),"Weekly rent paid by household, total household income, and household composition for households in rented occupied private dwellings, (RC, TALB, SA2, Health), 2013, 2018, and 2023 Censuses",I,2023,2023,06,Hawke's Bay Region,05,$500 - $599,99,Total - total household income,77,Total stated - household composition,2433,,,
DATAFLOW,STATSNZ:CEN23_HOU_022(1.0),"Weekly rent paid by household, total household income, and household composition for households in rented occupied private dwellings, (RC, TALB, SA2, Health), 2013, 2018, and 2023 Censuses",I,2023,2023,05,Gisborne Region,05,$500 - $599,99,Total - total household income,3,Three or more family household (with or without other people),6,,,
DATAFLOW,STATSNZ:CEN23_HOU_022(1.0),"Weekly rent paid by household, total household income, and household composition for households in rented occupied private dwellings, (RC, TALB, SA2, Health), 2013, 2018, and 2023 Censuses",I,2023,2023,12,West Coast Region,07,$700 - $799,99,Total - total household income,4,Other multi-person household,0,,,
DATAFLOW,STATSNZ:CEN23_HOU_022(1.0),"Weekly rent paid by household, total household income, and household composition for households in rented occupied private dwellings, (RC, TALB, SA2, Health), 2013, 2018, and 2023 Censuses",I,2023,2023,99,Area Outside Region,08,$800 and over,99,Total - total household income,2,Two-family household (with or without other people),,,c,Confidential
